penalty,l1_ratio,alpha,alpha_relative,solution_index,solver,scale_features,unpenalized_indices,converged,n_iterations,objective_value,message,train_mae,train_rmse,train_max_abs_error,train_mean_error,validation_mae,validation_rmse,validation_max_abs_error,validation_mean_error,active_threshold,n_instruments_total,n_instruments_active,n_instruments_inactive,active_ratio,n_cash,n_cash_active,n_options_total,n_options_active,option_active_ratio,n_options_long,n_options_short,sum_abs_weights,net_weight,net_cash_weight,sum_abs_option_weights,net_option_weight,max_abs_option_weight,top_1_option_concentration,top_5_option_concentration,is_pareto,is_candidate_pareto,is_candidate,selection_status,passes_static_performance,performance_reference_alpha,rmse_difference_vs_best,rmse_difference_ci_lower,rmse_difference_ci_upper,is_candidate_after_performance,duplicate_status,duplicate_of_alpha,is_candidate_after_duplicates,family
l0,,0.2011977129806029,1.0,0,proximal,True,"(0, 27, 54, 81, 108, 135, 162)",True,1,12.345182208167735,Gradient proximal a convergé.,1.6470139365451155,4.968939969081481,29.929840056689315,4.539578589578418e-14,1.663005638748395,5.2171257786435525,29.816788867004178,-0.8805814321276635,1e-06,189,6,183,0.031746031746031744,7,6,182,0,0.0,0,0,1.4827099059319895,0.6539177808917318,0.6539177808917318,0.0,0.0,0.0,0.0,0.0,True,False,False,rejected_fewer_than_minimum_options,False,,,,,False,not_eligible,,False,calls_puts
l0,,0.1508769998950876,0.7498942093324559,1,proximal,True,"(0, 27, 54, 81, 108, 135, 162)",True,1638,2.74791617734697,Gradient proximal a convergé.,0.6324192420541093,2.2118599311696,18.679300830808856,8.997338403820739e-05,1.0573856187580364,4.6513394474946805,29.810020469695047,-0.2451904649338258,1e-06,189,8,181,0.042328042328042326,7,6,182,2,0.01098901098901099,0,2,6.086760889919119,-3.9334395072283277,0.6958366274127997,4.6292761346411275,-4.6292761346411275,2.938004132474473,0.6346573518242359,1.0,False,False,False,rejected_dominated_within_penalty,False,,,,,False,not_eligible,,False,calls_puts
l0,,0.11314178854277973,0.5623413251903491,2,proximal,True,"(0, 27, 54, 81, 108, 135, 162)",True,1,2.672445334251455,Gradient proximal a convergé.,0.6324084715831423,2.211859741107422,18.67920293488193,8.98850050601949e-05,1.0573727688774166,4.651333145214477,29.810032988403933,-0.2451932807112172,1e-06,189,8,181,0.042328042328042326,7,6,182,2,0.01098901098901099,0,2,6.086731375008787,-3.9334128855725763,0.695836411998529,4.629249297571105,-4.629249297571105,2.9379512402619756,0.6346496054562178,1.0,False,False,False,rejected_dominated_within_penalty,False,,,,,False,not_eligible,,False,calls_puts
l0,,0.08484437206174772,0.4216965034285822,3,proximal,True,"(0, 27, 54, 81, 108, 135, 162)",True,1,2.6158500825256623,Gradient proximal a convergé.,0.6323977198889806,2.2118595517808837,18.679105244145475,8.979644077974234e-05,1.057359942387349,4.651326856501133,29.810045484308176,-0.24519609188543304,1e-06,189,8,181,0.042328042328042326,7,6,182,2,0.01098901098901099,0,2,6.086701921290332,-3.93338631986793,0.6958361968594682,4.629222516727398,-4.629222516727398,2.937898458825423,0.6346418752197622,1.0,False,False,False,rejected_dominated_within_penalty,False,,,,,False,not_eligible,,False,calls_puts
l0,,0.06362430330355301,0.31622776601683794,4,proximal,True,"(0, 27, 54, 81, 108, 135, 162)",True,1,2.573409527866378,Gradient proximal a convergé.,0.632386986941901,2.2118593631871226,18.67900775817155,8.970769316844793e-05,1.0573471392475962,4.651320581325164,29.810057957446304,-0.2451988984620229,1e-06,189,8,181,0.042328042328042326,7,6,182,2,0.01098901098901099,0,2,6.086672528637598,-3.933359809997433,0.6958359819955742,4.629195791993007,-4.629195791993007,2.9378457879331927,0.6346341610814353,1.0,False,False,False,rejected_dominated_within_penalty,False,,,,,False,not_eligible,,False,calls_puts
l0,,0.04771149662014624,0.23713737056616552,5,proximal,True,"(0, 27, 54, 81, 108, 135, 162)",True,1,2.5415834989712085,Gradient proximal a convergé.,0.6323762727121977,2.2118591753232923,18.678910476533147,8.961876415985633e-05,1.057334359417956,4.65131431965715,29.81007040785684,-0.2452017004465676,1e-06,189,8,181,0.042328042328042326,7,6,182,2,0.01098901098901099,0,2,6.086643196924687,-3.9333333558443675,0.6958357674068033,4.629169123251171,-4.629169123251171,2.9377932273541396,0.6346264630078714,1.0,False,False,False,rejected_dominated_within_penalty,False,,,,,False,not_eligible,,False,calls_puts
l0,,0.03577857503403271,0.1778279410038923,6,proximal,True,"(0, 27, 54, 81, 108, 135, 162)",True,1,2.517717241878881,Gradient proximal a convergé.,0.6323655771701888,2.2118589881865507,18.67881339880401,8.952965564756394e-05,1.0573216028582713,4.651308071467741,29.810082835578314,-0.24520449784467857,1e-06,189,8,181,0.042328042328042326,7,6,182,2,0.01098901098901099,0,2,6.08661392602595,-3.9333069572922543,0.6958355530931098,4.629142510385364,-4.629142510385364,2.937740776857594,0.6346187809657722,1.0,False,False,False,rejected_dominated_within_penalty,False,,,,,False,not_eligible,,False,calls_puts
l0,,0.026830146236187898,0.1333521432163324,7,proximal,True,"(0, 27, 54, 81, 108, 135, 162)",True,1,2.4998199719650938,Gradient proximal a convergé.,0.6323549002862503,2.2118588017740723,18.67871652455888,8.944036957948419e-05,1.057308869528477,4.651301836727646,29.81009524064912,-0.2452072906619063,1e-06,189,8,181,0.042328042328042326,7,6,182,2,0.01098901098901099,0,2,6.086584715815993,-3.933280614224851,0.6958353390544456,4.629115953279297,-4.629115953279297,2.9376884362133615,0.6346111149219071,1.0,False,False,False,rejected_dominated_within_penalty,False,,,,,False,not_eligible,,False,calls_puts
l0,,0.02011977129806029,0.09999999999999999,8,proximal,True,"(0, 27, 54, 81, 108, 135, 162)",True,1,2.4863988113665094,Gradient proximal a convergé.,0.6323442420307777,2.211858616083039,18.678619853373277,8.935090784352913e-05,1.057296159388545,4.651295615407644,29.810107623107697,-0.24521007890385274,1e-06,189,8,181,0.042328042328042326,7,6,182,2,0.01098901098901099,0,2,6.086555566169669,-3.9332543265261526,0.695835125290761,4.629089451816913,-4.629089451816913,2.9376362051917213,0.6346034648431134,1.0,False,False,False,rejected_dominated_within_penalty,False,,,,,False,not_eligible,,False,calls_puts
l0,,0.01508769998950876,0.07498942093324558,9,proximal,True,"(0, 27, 54, 81, 108, 135, 162)",True,1,2.4763342596166407,Gradient proximal a convergé.,0.632333602374204,2.2118584311106457,18.67852338482362,8.92612723439533e-05,1.0572834723985127,4.651289407478569,29.81011998299236,-0.24521286257609703,1e-06,189,8,181,0.042328042328042326,7,6,182,2,0.01098901098901099,0,2,6.086526476962086,-3.9332280940803903,0.6958349118020039,4.629063005882394,-4.629063005882394,2.9375840835634275,0.6345958306962953,1.0,False,False,False,rejected_dominated_within_penalty,False,,,,,False,not_eligible,,False,calls_puts
l0,,0.011314178854277974,0.05623413251903491,10,proximal,True,"(0, 27, 54, 81, 108, 135, 162)",True,1,2.4687868097968018,Gradient proximal a convergé.,0.6323229812869936,2.2118582468540993,18.67842711848722,8.917146496945823e-05,1.0572708085184717,4.651283212911331,29.810132320341424,-0.245215641684225,1e-06,189,8,181,0.042328042328042326,7,6,182,2,0.01098901098901099,0,2,6.0864974480686005,-3.933201916772033,0.6958346985881211,4.629036615360154,-4.629036615360154,2.937532071099705,0.6345882124484243,1.0,False,False,False,rejected_dominated_within_penalty,False,,,,,False,not_eligible,,False,calls_puts
l0,,0.008484437206174776,0.042169650342858245,11,proximal,True,"(0, 27, 54, 81, 108, 135, 162)",True,1,2.463126920528441,Gradient proximal a convergé.,0.632312378739646,2.2118580633106144,18.67833105394223,8.908148760408747e-05,1.0572581677085757,4.6512770316768925,29.81014463519314,-0.24521841623382012,1e-06,189,8,181,0.042328042328042326,7,6,182,2,0.01098901098901099,0,2,6.086468479364817,-3.933175794485784,0.6958344856490571,4.629010280134842,-4.629010280134842,2.9374801675722497,0.6345806100665393,1.0,False,False,False,rejected_dominated_within_penalty,False,,,,,False,not_eligible,,False,calls_puts
l0,,0.006362430330355304,0.03162277660168381,12,proximal,True,"(0, 27, 54, 81, 108, 135, 162)",True,1,2.4588825023757392,Gradient proximal a convergé.,0.6323017947026952,2.211857880477419,18.67823519076761,8.899134209122571e-05,1.057245549929031,4.65127086374629,29.81015692758575,-0.24522118623049682,1e-06,189,8,181,0.042328042328042326,7,6,182,2,0.01098901098901099,0,2,6.0864395707265935,-3.933149727106585,0.695834272984755,4.62898400009134,-4.62898400009134,2.93742837275323,0.6345730235177456,1.0,True,True,True,candidate,True,0.006362430330355304,0.0,0.0,0.0,True,kept_representative,,True,calls_puts
l0,,0.004771149662014627,0.023713737056616564,13,proximal,True,"(0, 27, 54, 81, 108, 135, 162)",True,1279,1.94413984641702,Gradient proximal a convergé.,0.5240127819437611,1.9573006659401782,18.63644527166126,1.0999779109492161e-05,1.1684477687650932,5.824917956527086,40.5412850763182,0.9930280458329255,1e-06,189,12,177,0.06349206349206349,7,6,182,6,0.03296703296703297,3,3,10.757625648731558,-0.9980873609429823,0.7077975855086982,9.360257227054,-1.7058849464516805,2.9153232480144284,0.31145759964675485,0.9690152141676414,False,False,False,rejected_dominated_within_penalty,False,,,,,False,not_eligible,,False,calls_puts
l0,,0.0035778575034032725,0.017782794100389236,14,proximal,True,"(0, 27, 54, 81, 108, 135, 162)",True,1,1.9369796721002663,Gradient proximal a convergé.,0.5240050189629272,1.9573004506614955,18.636441705404053,1.113663659274443e-05,1.1685257255511934,5.82549875427284,40.546293721122694,0.993110429575403,1e-06,189,12,177,0.06349206349206349,7,6,182,6,0.03296703296703297,3,3,10.757955507409621,-0.9977776555141753,0.7077978824638684,9.360587244880136,-1.7055755379780437,2.9153202926141817,0.31144630313752425,0.9690276682646164,False,False,False,rejected_dominated_within_penalty,False,,,,,False,not_eligible,,False,calls_puts
l0,,0.002683014623618791,0.013335214321633246,15,proximal,True,"(0, 27, 54, 81, 108, 135, 162)",True,1,1.9316101943829944,Gradient proximal a convergé.,0.5239972659134605,1.9573002358561562,18.636438138182754,1.1272777650914476e-05,1.1686036890215756,5.826079605698489,40.5513027090776,0.993192814999999,1e-06,189,12,177,0.06349206349206349,7,6,182,6,0.03296703296703297,3,3,10.758285358658132,-0.9974679006296387,0.7077981788994007,9.360917254960441,-1.7052660795290389,2.9153173384953344,0.31143500781939715,0.9690401210157391,False,False,False,rejected_dominated_within_penalty,False,,,,,False,not_eligible,,False,calls_puts
l0,,0.00201197712980603,0.010000000000000004,16,proximal,True,"(0, 27, 54, 81, 108, 135, 162)",True,1,1.9275835499039788,Gradient proximal a convergé.,0.5239895227911666,1.9573000215220675,18.636434570009058,1.1408204624885343e-05,1.1686816591637432,5.826660510543152,40.55631203794384,0.9932752020908197,1e-06,189,12,177,0.06349206349206349,7,6,182,6,0.03296703296703297,3,3,10.758615202443243,-0.9971580965339861,0.7077984748183539,9.361247257263996,-1.7049565713523405,2.9153143856623482,0.31142371369372474,0.9690525724215494,False,False,False,rejected_dominated_within_penalty,False,,,,,False,not_eligible,,False,calls_puts
l0,,0.0015087699989508767,0.007498942093324562,17,proximal,True,"(0, 27, 54, 81, 108, 135, 162)",True,1,1.9245638885210665,Gradient proximal a convergé.,0.5239817895917986,1.9572998076571515,18.636431000894618,1.1542919767788046e-05,1.1687596359652044,5.827241468547149,40.56132170549283,0.9933575908319757,1e-06,189,12,177,0.06349206349206349,7,6,182,6,0.03296703296703297,3,3,10.758945038731355,-0.9968482434707793,0.7077987702237725,9.361577251760112,-1.7046470136945515,2.9153114341196793,0.31141242076184955,0.9690650224825871,False,False,False,rejected_dominated_within_penalty,False,,,,,False,not_eligible,,False,calls_puts
l0,,0.001131417885427798,0.005623413251903494,18,proximal,True,"(0, 27, 54, 81, 108, 135, 162)",True,1,1.9222993581564505,Gradient proximal a convergé.,0.5239740663110679,1.957299594259337,18.6364274308511,1.1676925365754363e-05,1.1688376194134975,5.827822479451989,40.5663317095064,0.9934399812077004,1e-06,189,12,177,0.06349206349206349,7,6,182,6,0.03296703296703297,3,3,10.759274867489108,-0.9965383416825235,0.7077990651186866,9.361907238418329,-1.7043374068012096,2.9153084838717764,0.31140112902510564,0.9690774711993901,False,False,False,rejected_dominated_within_penalty,False,,,,,False,not_eligible,,False,calls_puts
l0,,0.0008484437206174776,0.004216965034285825,19,proximal,True,"(0, 27, 54, 81, 108, 135, 162)",True,2373,1.6844649177393098,Gradient proximal a convergé.,0.4812389265927299,1.8317627400809144,18.569013122359195,5.487467124807052e-06,1.352602439205769,6.835542586141083,48.05873695234398,1.1183805821127684,1e-06,189,14,175,0.07407407407407407,7,6,182,8,0.04395604395604396,4,4,17.655460230963833,3.481605563454142,0.7727051909051103,16.25849429488334,2.7089003725490324,5.073275364550561,0.31203845033467553,0.9219322099371171,False,False,False,rejected_dominated_within_penalty,False,,,,,False,not_eligible,,False,calls_puts
l0,,0.0006362430330355305,0.003162277660168381,20,proximal,True,"(0, 27, 54, 81, 108, 135, 162)",True,1,1.6827668896630028,Gradient proximal a convergé.,0.48123801724523013,1.831762509387458,18.569091201798628,5.481107145083936e-06,1.3527027337108535,6.836232370431902,48.06457362707751,1.1184770347010489,1e-06,189,14,175,0.07407407407407407,7,6,182,8,0.04395604395604396,4,4,17.655968580871626,3.482028074028375,0.7727061858614463,16.259002976406045,2.709321888166929,5.073366900510502,0.31203431771755163,0.921941779242551,False,False,False,rejected_dominated_within_penalty,False,,,,,False,not_eligible,,False,calls_puts
l0,,0.00047711496620146264,0.0023713737056616562,21,proximal,True,"(0, 27, 54, 81, 108, 135, 162)",False,5000,1.1987957505163092,Gradient proximal a atteint max_iter avant le critère de convergence.,0.47679051389394755,1.5447138058047465,15.090826945856804,-9.5087962716573e-07,1.0699235920435017,3.1459007679590325,18.159036093151457,0.2625137572622093,1e-06,189,18,171,0.09523809523809523,7,6,182,12,0.06593406593406594,5,7,31.903463145887837,-0.7194225889487913,0.7835471292082202,30.288806460462826,-1.502969718157011,7.6941623585267305,0.2540265945629196,0.8341629592806787,False,False,False,rejected_non_converged,False,,,,,False,not_eligible,,False,calls_puts
l0,,0.0003577857503403272,0.0017782794100389236,22,proximal,True,"(0, 27, 54, 81, 108, 135, 162)",False,5000,1.0462114901175834,Gradient proximal a atteint max_iter avant le critère de convergence.,0.4644688558108824,1.4435498336486343,13.305060069042284,-7.183010186651018e-07,1.0419746057625268,3.3246079916827065,17.181023991549196,0.24378721930098698,1e-06,189,18,171,0.09523809523809523,7,6,182,12,0.06593406593406594,5,7,34.37979702636921,1.5763033227604357,0.7730762695541895,32.70254400751852,0.8032270532062491,7.49949253443902,0.22932443826739718,0.817090809854687,False,False,False,rejected_non_converged,False,,,,,False,not_eligible,,False,calls_puts
l0,,0.0002683014623618791,0.0013335214321633247,23,proximal,True,"(0, 27, 54, 81, 108, 135, 162)",False,5000,1.0451380582758132,Gradient proximal a atteint max_iter avant le critère de convergence.,0.4644722364524769,1.4435500966211532,13.304986430415582,-6.818458667604925e-07,1.0419784237136152,3.3246219954140313,17.181036792561343,0.24378114271729115,1e-06,189,18,171,0.09523809523809523,7,6,182,12,0.06593406593406594,5,7,34.38022377587304,1.5764093919360973,0.7730755179772466,32.70297521282862,0.8033338739588518,7.499618580738653,0.2293252687846189,0.8170946518592542,False,False,False,rejected_non_converged,False,,,,,False,not_eligible,,False,calls_puts
l0,,0.0002011977129806029,0.001,24,proximal,True,"(0, 27, 54, 81, 108, 135, 162)",False,5000,1.0390454198083112,Gradient proximal a atteint max_iter avant le critère de convergence.,0.4646470279571345,1.4397429281226306,13.229537983537554,-4.2413092917254544e-07,1.0224215301205568,3.320131076327921,17.233840815656933,0.22607967302894635,1e-06,189,19,170,0.10052910052910052,7,6,182,13,0.07142857142857142,5,8,34.53133652605829,1.3255950626696549,0.7769605770404209,32.85566851054429,0.5486344856292342,7.518749972873816,0.22884178936918728,0.816346418872875,False,False,False,rejected_non_converged,False,,,,,False,not_eligible,,False,calls_puts
l1,,4.068071914363997,1.0,0,fista,True,"(0, 27, 54, 81, 108, 135, 162)",True,1,12.345182208167735,FISTA a convergé.,1.6470139365451155,4.968939969081481,29.929840056689315,4.539578589578418e-14,1.663005638748395,5.2171257786435525,29.816788867004178,-0.8805814321276635,1e-06,189,6,183,0.031746031746031744,7,6,182,0,0.0,0,0,1.4827099059319895,0.6539177808917318,0.6539177808917318,0.0,0.0,0.0,0.0,0.0,True,False,False,rejected_fewer_than_minimum_options,False,,,,,False,not_eligible,,False,calls_puts
l1,,3.050623571729559,0.7498942093324558,1,fista,True,"(0, 27, 54, 81, 108, 135, 162)",True,147,11.768466850502593,FISTA a convergé.,1.3703124700189377,4.0768266000983155,24.245198457937235,-5.60055668117343e-05,1.5362117394084551,5.183454571893397,29.817260412973795,-0.7216669501938571,1e-06,189,7,182,0.037037037037037035,7,6,182,1,0.005494505494505495,0,1,3.0136472322257175,-0.8770977834816481,0.6614625100468884,1.5385602935285365,-1.5385602935285365,1.5385602935285365,1.0,1.0,True,False,False,rejected_fewer_than_minimum_options,False,,,,,False,not_eligible,,False,calls_puts
l1,,2.28764495129309,0.562341325190349,2,fista,True,"(0, 27, 54, 81, 108, 135, 162)",True,112,10.553305784673991,FISTA a convergé.,1.1510696141751209,3.405740130325059,23.20007977044331,0.00026501959616488256,1.4014810388799706,5.045143929643791,29.8170051995902,-0.6021194564381874,1e-06,189,8,181,0.042328042328042326,7,6,182,2,0.01098901098901099,0,2,3.8553004650312754,-1.7189354246357704,0.6695139165928834,2.388449341228654,-2.388449341228654,2.0515581196445387,0.8589498149410976,1.0,False,False,False,rejected_dominated_within_penalty,False,,,,,False,not_eligible,,False,calls_puts
l1,,1.715491701983316,0.42169650342858217,3,fista,True,"(0, 27, 54, 81, 108, 135, 162)",True,87,9.15499172078983,FISTA a convergé.,0.9847004109531832,2.943514582366622,22.04324992709978,0.0008907893177379044,1.290327213196239,4.920843757767417,29.80937069305226,-0.5123682211231303,1e-06,189,8,181,0.042328042328042326,7,6,182,2,0.01098901098901099,0,2,4.401803543123382,-2.2648408285811095,0.6762095147637627,2.9410503433448723,-2.9410503433448723,2.2588401452171936,0.7680385853742995,1.0,False,False,False,rejected_dominated_within_penalty,False,,,,,False,not_eligible,,False,calls_puts
l1,,1.2864372934751678,0.3162277660168379,4,fista,True,"(0, 27, 54, 81, 108, 135, 162)",True,87,7.830946732535107,FISTA a convergé.,0.8619007970952797,2.6482956376154005,21.19110466587449,0.0006578357911728795,1.2094561361011071,4.839245357055516,29.811313009790624,-0.4459630721874833,1e-06,189,8,181,0.042328042328042326,7,6,182,2,0.01098901098901099,0,2,4.816113442095073,-2.6792434829802216,0.6810781601442243,3.3603216431244456,-3.3603216431244456,2.4228472061332433,0.7210164571866599,1.0,False,False,False,rejected_dominated_within_penalty,False,,,,,False,not_eligible,,False,calls_puts
l1,,0.9646918770463454,0.23713737056616552,5,fista,True,"(0, 27, 54, 81, 108, 135, 162)",True,87,6.683166696679596,FISTA a convergé.,0.7907352042700062,2.4667858157693803,20.551123924028133,0.0004941739892796054,1.169696658751557,4.783691559274848,29.81268185682771,-0.3961421095523214,1e-06,189,8,181,0.042328042328042326,7,6,182,2,0.01098901098901099,0,2,5.1265443778703625,-2.9897349802823916,0.6847355038132822,3.674470484095674,-3.674470484095674,2.5453211015610453,0.6927041903256642,1.0,False,False,False,rejected_dominated_within_penalty,False,,,,,False,not_eligible,,False,calls_puts
l1,,0.7234168523871118,0.17782794100389226,6,fista,True,"(0, 27, 54, 81, 108, 135, 162)",True,87,5.735353279170295,FISTA a convergé.,0.7377831257625735,2.358588174159443,20.071262084544543,0.00037044045702714354,1.139877792459776,4.745376987308627,29.813708045767456,-0.35878384541580793,1e-06,189,8,181,0.042328042328042326,7,6,182,2,0.01098901098901099,0,2,5.3593504287364135,-3.2225864314711137,0.6874777770221546,3.910064208493268,-3.910064208493268,2.637193538835648,0.6744629750854866,1.0,True,True,True,candidate,False,0.3050623571729559,2.1168950685604395,0.13247320662817985,4.985182341357384,False,not_eligible,,False,calls_puts
l1,,0.5424861085386071,0.13335214321633237,7,fista,True,"(0, 27, 54, 81, 108, 135, 162)",True,242,4.95211614792865,FISTA a convergé.,0.6760162572594658,2.2071452177382125,19.714575624013946,4.455820227522938e-05,0.9893755176662709,4.026526703441238,23.06424230612683,-0.20367337343839295,1e-06,189,10,179,0.05291005291005291,7,6,182,4,0.02197802197802198,1,3,5.972717006338196,-3.2842289823578947,0.6899995932053408,4.536439168153066,-3.974228575563236,2.708022523073434,0.5969489334463972,1.0,True,True,True,candidate,False,0.3050623571729559,1.3980447846930506,0.08433287307228955,3.7518351921890734,False,not_eligible,,False,calls_puts
l1,,0.40680719143639965,0.09999999999999999,8,fista,True,"(0, 27, 54, 81, 108, 135, 162)",True,109,4.290356882545519,FISTA a convergé.,0.6265529188060767,2.1015756945756285,19.435367079724017,-0.00028642320475904783,0.7434047380366562,2.9656092545304364,20.2045327568827,0.04663254042722045,1e-06,189,12,177,0.06349206349206349,7,6,182,6,0.03296703296703297,3,3,6.975324883759357,-2.897200350014732,0.6942688948651625,5.551286827192082,-3.591469244879895,2.753857173816536,0.49607546133757874,0.9593142881151132,True,True,True,candidate,False,0.3050623571729559,0.33712733578224885,0.0411380848114618,1.403422446760425,False,not_eligible,,False,calls_puts
l1,,0.3050623571729559,0.07498942093324557,9,fista,True,"(0, 27, 54, 81, 108, 135, 162)",True,112,3.7458556738773585,FISTA a convergé.,0.5780915427849113,2.019374574979015,19.078972805373112,0.0001930350248809671,0.5493401549905279,2.6284819187481876,20.025349410668525,0.2773518958744999,1e-06,189,13,176,0.06878306878306878,7,6,182,7,0.038461538461538464,3,4,7.953891766993539,-2.549575701692544,0.6988102074717769,6.552356786511414,-3.2483859091643206,2.9079419781716873,0.4438009212437782,0.9367585328858966,True,True,True,candidate,True,0.3050623571729559,0.0,0.0,0.0,True,kept_representative,,True,calls_puts
l1,,0.228764495129309,0.056234132519034905,10,fista,True,"(0, 27, 54, 81, 108, 135, 162)",True,236,3.302902779497654,FISTA a convergé.,0.5323495174670883,1.95530318221584,18.714596471692488,-4.3204360103032966e-05,0.9285713987536821,4.347686490653934,26.886869593249045,0.7114151104447811,1e-06,189,14,175,0.07407407407407407,7,6,182,8,0.04395604395604396,2,6,9.81507666899954,-1.342345367324875,0.7102212497871274,8.42000627734582,-2.052566617112002,3.053752476890154,0.3626781710491512,0.9785760385239369,False,False,False,rejected_dominated_within_penalty,False,,,,,False,not_eligible,,False,calls_puts
l1,,0.1715491701983316,0.04216965034285822,11,fista,True,"(0, 27, 54, 81, 108, 135, 162)",True,174,2.939776830456287,FISTA a convergé.,0.483271585549612,1.8837048434002444,18.220002925409673,7.367800144666918e-05,1.0228646102167127,4.983422772391685,32.80930848348295,0.8064067698183839,1e-06,189,16,173,0.08465608465608465,7,6,182,10,0.054945054945054944,4,6,10.914775707721626,-0.9102451165994432,0.7232780639353323,9.527430972088455,-1.6335231805347756,3.1537578119868996,0.3310186997130856,0.9183305765373441,False,False,False,rejected_dominated_within_penalty,False,,,,,False,not_eligible,,False,calls_puts
l1,,0.12864372934751678,0.03162277660168379,12,fista,True,"(0, 27, 54, 81, 108, 135, 162)",True,215,2.604305575954526,FISTA a convergé.,0.4278329064007508,1.7165127553839334,17.035891151016386,-0.00032466543548884553,1.2076257747226395,5.574192617828293,37.93380920581889,0.8102909278383333,1e-06,189,16,173,0.08465608465608465,7,6,182,10,0.054945054945054944,5,5,15.802697102571393,2.844789395872687,0.7243861715000148,14.313821235431897,2.120403224372671,3.1740157958319846,0.2217448257614916,0.797285437418716,False,False,False,rejected_dominated_within_penalty,False,,,,,False,not_eligible,,False,calls_puts
l1,,0.09646918770463452,0.023713737056616543,13,fista,True,"(0, 27, 54, 81, 108, 135, 162)",True,258,2.2939164298938914,FISTA a convergé.,0.4234013078216539,1.5989062506028866,16.06344848542696,0.0001564997101095934,1.0892352975108082,4.203626536872957,23.91706821918352,0.5309693253537787,1e-06,189,17,172,0.08994708994708994,7,6,182,11,0.06043956043956044,5,6,18.928156066018918,4.368380349400393,0.7421614614279657,17.33624398810878,3.6262188879724278,4.070884439489429,0.23481928624687776,0.806877424565224,False,False,False,rejected_dominated_within_penalty,False,,,,,False,not_eligible,,False,calls_puts
l1,,0.07234168523871116,0.017782794100389222,14,fista,True,"(0, 27, 54, 81, 108, 135, 162)",True,276,2.024217377073506,FISTA a convergé.,0.42730146631225524,1.528051094777179,15.325123446839015,-1.4221969077412823e-05,0.8756162833067924,3.138563051436941,17.91168244905934,0.19589621118112735,1e-06,189,17,172,0.08994708994708994,7,6,182,11,0.06043956043956044,5,6,20.796492740399174,4.705161658244316,0.7645338090120911,19.12535564942984,3.9406278492322255,5.077605575480616,0.26549077928556003,0.8078204643949196,False,False,False,rejected_dominated_within_penalty,False,,,,,False,not_eligible,,False,calls_puts
l1,,0.0542486108538607,0.013335214321633235,15,fista,True,"(0, 27, 54, 81, 108, 135, 162)",True,268,1.8010131614715532,FISTA a convergé.,0.4327422566454961,1.4863707258241183,14.744067455884277,2.6915408010136984e-05,0.994904203822349,3.416152100936654,17.509195112702045,-0.03926282823834353,1e-06,189,17,172,0.08994708994708994,7,6,182,11,0.06043956043956044,5,6,22.257319962758125,5.069308860002128,0.7798043507400759,20.526085164612972,4.289504509262052,5.86334927018181,0.2856535585407314,0.8475338543918975,False,False,False,rejected_dominated_within_penalty,False,,,,,False,not_eligible,,False,calls_puts
l1,,0.04068071914363995,0.009999999999999997,16,fista,True,"(0, 27, 54, 81, 108, 135, 162)",True,263,1.6215347903612276,FISTA a convergé.,0.43735634066794393,1.46082412554824,14.291571211531647,1.3529776635223812e-05,1.2205822563829918,4.14551856180979,19.212440195353373,-0.2241193621032431,1e-06,189,18,171,0.09523809523809523,7,6,182,12,0.06593406593406594,5,7,23.356654327450936,5.295022893686783,0.7923782770750346,21.580094187383036,4.5026446166117475,6.450517887013764,0.29891055298475516,0.8787969625018683,False,False,False,rejected_dominated_within_penalty,False,,,,,False,not_eligible,,False,calls_puts
l1,,0.03050623571729558,0.007498942093324555,17,fista,True,"(0, 27, 54, 81, 108, 135, 162)",True,239,1.479782524352863,FISTA a convergé.,0.4411554244426216,1.4458068618630797,13.951119646766045,-0.00012541663749945857,1.3609680050039044,4.718143108192323,24.025279149766803,-0.3388291324755829,1e-06,189,18,171,0.09523809523809523,7,6,182,12,0.06593406593406594,3,9,24.25453064305833,5.579453775630431,0.8012527844868612,22.44551584258931,4.778200991143569,6.89944383948312,0.3073862898883237,0.8955177545344047,False,False,False,rejected_dominated_within_penalty,False,,,,,False,not_eligible,,False,calls_puts
l1,,0.022876449512930892,0.005623413251903488,18,fista,True,"(0, 27, 54, 81, 108, 135, 162)",True,200,1.3687465283476936,FISTA a convergé.,0.44634668565350916,1.4345210677264957,13.684940110096264,0.0007298736878025143,1.386673449928074,4.725442944467647,23.046660327426608,-0.3305905465479943,1e-06,189,18,171,0.09523809523809523,7,6,182,12,0.06593406593406594,4,8,25.42561091928375,6.420487314310972,0.8040760244851918,23.594344303883048,5.616411289825779,7.272740950350503,0.30824085877027696,0.886479728179783,False,False,False,rejected_dominated_within_penalty,False,,,,,False,not_eligible,,False,calls_puts
l1,,0.017154917019833158,0.004216965034285821,19,fista,True,"(0, 27, 54, 81, 108, 135, 162)",True,233,1.2824212921809972,FISTA a convergé.,0.44968401830923216,1.4273286825470113,13.47230750493226,-0.000160062709993151,1.3980507656118413,4.687606227903008,22.45755171531372,-0.3073972905603503,1e-06,189,20,169,0.10582010582010581,7,6,182,14,0.07692307692307693,4,10,26.453497917879996,7.138867327634634,0.8064552602059815,24.606240787874093,6.332412067428652,7.507857846858995,0.30512006736757824,0.8794975442304958,False,False,False,rejected_dominated_within_penalty,False,,,,,False,not_eligible,,False,calls_puts
l1,,0.012864372934751674,0.003162277660168378,20,fista,True,"(0, 27, 54, 81, 108, 135, 162)",True,246,1.2144891705739413,FISTA a convergé.,0.4554449584346361,1.4158359438477572,13.266073390889247,6.011659753697687e-05,1.4041783631169837,4.638614716949885,22.709992047218925,-0.30019954904575896,1e-06,189,25,164,0.13227513227513227,7,6,182,19,0.1043956043956044,9,10,28.287845950934486,7.837771185469707,0.8162661362188185,26.41787381906784,7.021505049250885,7.808037579636998,0.2955588944482477,0.8450176515417362,False,False,False,rejected_dominated_within_penalty,False,,,,,False,not_eligible,,False,calls_puts
l1,,0.00964691877046345,0.002371373705661654,21,fista,True,"(0, 27, 54, 81, 108, 135, 162)",True,288,1.158332743483029,FISTA a convergé.,0.4552519219693462,1.3985547245785928,12.99721206211673,-8.356806794347606e-05,1.382085714590393,4.469502941693492,22.96498702916997,-0.25072901427284683,1e-06,189,31,158,0.164021164021164,7,6,182,25,0.13736263736263737,14,11,31.37357445103865,8.921608110756145,0.833982518166057,29.473437275059307,8.087625592590088,8.098676624233681,0.27477883046531715,0.7977331098738075,False,False,False,rejected_dominated_within_penalty,False,,,,,False,not_eligible,,False,calls_puts
l1,,0.007234168523871117,0.001778279410038922,22,fista,True,"(0, 27, 54, 81, 108, 135, 162)",True,284,1.1097766020298034,FISTA a convergé.,0.454612778349029,1.3831088289822004,12.738015312127445,-0.00031610712926896965,1.3691616752070204,4.379754121485077,23.34884284098878,-0.22499242310625314,1e-06,189,34,155,0.17989417989417988,7,6,182,28,0.15384615384615385,13,15,34.09962315795574,9.809266863876314,0.8450237021978748,32.17839923326102,8.96424316167844,8.420129549843297,0.2616702430971109,0.7730712320615265,False,False,False,rejected_dominated_within_penalty,False,,,,,False,not_eligible,,False,calls_puts
l1,,0.00542486108538607,0.0013335214321633236,23,fista,True,"(0, 27, 54, 81, 108, 135, 162)",True,1304,1.0651068190355562,FISTA a convergé.,0.4473216569496656,1.3501058097604857,12.302704649582665,-0.00014141655079527026,1.2462302469376538,4.174389743959659,25.07737678813065,0.012876281892318294,1e-06,189,39,150,0.20634920634920634,7,6,182,33,0.1813186813186813,18,15,43.62284417101349,14.106036531031688,0.8646725690395922,41.651766778912595,13.241363961992095,8.67794804972965,0.2083452568961159,0.7314665425391738,False,False,False,rejected_dominated_within_penalty,False,,,,,False,not_eligible,,False,calls_puts
l1,,0.004068071914363997,0.001,24,fista,True,"(0, 27, 54, 81, 108, 135, 162)",True,660,1.0197471773371485,FISTA a convergé.,0.43955538766728114,1.3154245552060404,11.856798009189077,-0.00017058028283843088,1.549858322250029,4.756905203844694,25.96391399619978,0.35369309900868445,1e-06,189,44,145,0.2328042328042328,7,6,182,38,0.2087912087912088,20,18,54.71419885694724,17.074294347856114,0.9092212937123251,52.68272086595036,16.16507305414379,12.726668459930545,0.24157196611604745,0.733215831794963,False,False,False,rejected_dominated_within_penalty,False,,,,,False,not_eligible,,False,calls_puts
l2,,3826.713335660591,100.0,0,fista,True,"(0, 27, 54, 81, 108, 135, 162)",True,2,12.332866340354258,FISTA a convergé.,1.6472247971810456,4.9639871301539795,29.88240845106263,-0.002230395177659419,1.662391683633456,5.210028245030549,29.75865858252712,-0.8802734398021866,1e-06,189,93,96,0.49206349206349204,7,6,182,87,0.47802197802197804,31,56,1.498629289793045,0.6497500261779552,0.6539178744365823,0.01591938208775948,-0.0041678482586272195,0.005664693115170798,0.35583624313700085,0.7041640338757653,True,True,True,candidate,True,1210.113009322791,0.01536467656481122,-0.0006898799165067851,0.027347128865112147,True,kept_representative,,True,calls_puts
l2,,2151.919048298958,56.23413251903491,1,fista,True,"(0, 27, 54, 81, 108, 135, 162)",True,2,12.323324993573133,FISTA a convergé.,1.647379434833856,4.9601556646597595,29.84574569097542,-0.003918496220245673,1.661901574461252,5.20449898928008,29.71333989249017,-0.879995078301026,1e-06,189,98,91,0.5185185185185185,7,6,182,92,0.5054945054945055,35,57,1.510988834881091,0.6465327547832509,0.6539183291284373,0.02827891930780562,-0.007385574345186177,0.010060918909559045,0.3557745188226483,0.7040197270494579,True,True,True,candidate,True,1210.113009322791,0.0098354208143423,-0.00041514274349436727,0.01751004939422951,True,kept_representative,,True,calls_puts
l2,,1210.113009322791,31.6227766016838,2,fista,True,"(0, 27, 54, 81, 108, 135, 162)",True,2,12.306450895193402,FISTA a convergé.,1.6476355644534506,4.953393784229464,29.7810894084554,-0.006826346419223957,1.6610064957061417,5.194663568465738,29.632653150585014,-0.8794262788112406,1e-06,189,103,86,0.544973544973545,7,6,182,97,0.532967032967033,38,59,1.5328808925041655,0.6408573392129614,0.6539197248329751,0.0501709548122267,-0.013062385620013937,0.017848609440631026,0.35575582540600376,0.7039418483320515,True,True,True,candidate,True,1210.113009322791,0.0,0.0,0.0,True,quasi_strict_duplicate,2151.919048298958,False,calls_puts
l2,,680.4965532926595,17.782794100389232,3,fista,True,"(0, 27, 54, 81, 108, 135, 162)",True,3,12.276728336925379,FISTA a convergé.,1.6480188980819448,4.941500620342555,29.66774525274991,-0.011629964387308275,1.659316867522468,5.177087734866964,29.488314511156247,-0.8781018258911717,1e-06,189,110,79,0.582010582010582,7,6,182,104,0.5714285714285714,41,63,1.571639411274375,0.6308738514610762,0.6539272964626123,0.08892938692500461,-0.023053445001535788,0.0316394941512048,0.35578221379044056,0.7038490794852271,True,False,False,rejected_more_than_maximum_options,False,,,,,False,not_eligible,,False,calls_puts
l2,,382.67133356605916,10.000000000000002,4,fista,True,"(0, 27, 54, 81, 108, 135, 162)",True,313,12.223755662581599,FISTA a convergé.,1.632482242560223,4.920225250504971,29.547511856275563,-0.00021723553507718582,1.6366120739209575,5.1355926001233,29.19785420351218,-0.8575763771023539,1e-06,189,113,76,0.5978835978835979,7,6,182,107,0.5879120879120879,39,68,1.6345906746644445,0.613215934937864,0.6552826983866601,0.15685892661987624,-0.04206676344879584,0.056029999730398926,0.35719994352746726,0.7036427067639897,True,False,False,rejected_more_than_maximum_options,False,,,,,False,not_eligible,,False,calls_puts
l2,,215.1919048298958,5.623413251903491,5,fista,True,"(0, 27, 54, 81, 108, 135, 162)",True,240,12.131992456781482,FISTA a convergé.,1.621216693462887,4.88363185457051,29.257338826771047,-2.587266986529989e-06,1.6164512774744384,5.073747958829165,28.722606547730138,-0.8396951936153852,1e-06,189,115,74,0.6084656084656085,7,6,182,109,0.5989010989010989,41,68,1.749717454717982,0.5812034457706887,0.656323227812915,0.2753724687635377,-0.07511978204222643,0.09867822224471062,0.35834454579933184,0.7034670854933189,True,False,False,rejected_more_than_maximum_options,False,,,,,False,not_eligible,,False,calls_puts
l2,,121.01130093227908,3.1622776601683795,6,fista,True,"(0, 27, 54, 81, 108, 135, 162)",True,195,11.974391794421646,FISTA a convergé.,1.602026509143438,4.821202174991854,28.757904398375445,-8.322820482465292e-05,1.5818454390692864,4.967120011080536,27.895478705064605,-0.8093405953749174,1e-06,189,118,71,0.6243386243386243,7,6,182,112,0.6153846153846154,43,69,1.9470930479223436,0.5237783969950022,0.6581002750255842,0.478916389847672,-0.1343218780305819,0.17254304127766854,0.3602780045438599,0.7031702290390511,True,False,False,rejected_more_than_maximum_options,False,,,,,False,not_eligible,,False,calls_puts
l2,,68.04965532926595,1.778279410038923,7,fista,True,"(0, 27, 54, 81, 108, 135, 162)",True,163,11.71032952495122,FISTA a convergé.,1.569956534557516,4.71778921437443,27.916348569669694,-0.00024879845756326326,1.5236607452290494,4.78753328710231,26.475044807679623,-0.757962363730609,1e-06,189,122,67,0.6455026455026455,7,6,182,116,0.6373626373626373,44,72,2.278011627144844,0.42079853195397837,0.661087592389099,0.8200518582157594,-0.24028906043512085,0.2980368832632525,0.36343662937574567,0.7026936534552403,True,False,False,rejected_more_than_maximum_options,False,,,,,False,not_eligible,,False,calls_puts
l2,,38.26713335660592,1.0000000000000002,8,fista,True,"(0, 27, 54, 81, 108, 135, 162)",True,142,11.28513405021808,FISTA a convergé.,1.5181651504442357,4.554295300894968,26.54947258522742,-0.0004530268001008469,1.429159056443097,4.496895672941418,24.097503244337204,-0.6738733596776643,1e-06,189,130,59,0.6878306878306878,7,6,182,124,0.6813186813186813,50,74,2.811901772252096,0.23802461155888244,0.66592706486631,1.3701443284546502,-0.4279024533074275,0.5045961409227888,0.3682795530686242,0.7019706554409314,True,False,False,rejected_more_than_maximum_options,False,,,,,False,not_eligible,,False,calls_puts
l2,,21.519190482989583,0.5623413251903492,9,fista,True,"(0, 27, 54, 81, 108, 135, 162)",True,133,10.640360841119453,FISTA a convergé.,1.4388156695212788,4.3130171857972375,24.45005719504961,-5.903316275690271e-05,1.2841046893004497,4.05798577653385,21.831870797036103,-0.5431187641292411,1e-06,189,132,57,0.6984126984126984,7,6,182,126,0.6923076923076923,49,77,3.6261510253798224,-0.07576111383503426,0.6733733040589065,2.2082951660120016,-0.7491344178939408,0.8279498865330099,0.374927183320434,0.7084078667292588,False,False,False,rejected_more_than_maximum_options,False,,,,,False,not_eligible,,False,calls_puts
l2,,12.101130093227908,0.31622776601683794,10,fista,True,"(0, 27, 54, 81, 108, 135, 162)",True,130,9.740552573498057,FISTA a convergé.,1.3283782080705697,3.989016526050779,22.441426793408596,0.0001008507391320437,1.080807844540481,3.4735588298023377,21.048998740025155,-0.35638829708716246,1e-06,189,132,57,0.6984126984126984,7,6,182,126,0.6923076923076923,48,78,4.791464160008152,-0.5719195958056962,0.6839726278615702,3.3922344765167893,-1.2558922236672663,1.2967401935717129,0.38226726440892445,0.7286157896383513,False,False,False,rejected_more_than_maximum_options,False,,,,,False,not_eligible,,False,calls_puts
l2,,6.804965532926595,0.1778279410038923,11,fista,True,"(0, 27, 54, 81, 108, 135, 162)",True,140,8.608114157402412,FISTA a convergé.,1.1937021973274107,3.6007746663126956,20.362558010470494,-0.0007885895088379236,0.8263060737654563,2.8741109739905233,20.165264286417596,-0.11902436324304494,1e-06,189,133,56,0.7037037037037037,7,6,182,127,0.6978021978021978,54,73,6.372408252481494,-1.2493777010890412,0.6978241354018442,4.988485848749648,-1.9472018364908847,1.9033709928201468,0.3815528500090307,0.7369507553197222,False,False,False,rejected_more_than_maximum_options,False,,,,,False,not_eligible,,False,calls_puts
l2,,3.8267133356605916,0.10000000000000002,12,fista,True,"(0, 27, 54, 81, 108, 135, 162)",True,113,7.337073965997563,FISTA a convergé.,1.0585142001360812,3.189060317653042,18.674512644411863,0.0014054643219716687,0.6354673937752281,2.5942358893873307,19.341988409758798,0.15024303682715753,1e-06,189,132,57,0.6984126984126984,7,6,182,126,0.6923076923076923,41,85,8.335911870363578,-1.9763228950369123,0.7152848612116849,6.95358891757036,-2.6916077562485965,2.5621148996120424,0.3684593567413913,0.7279074898224366,True,False,False,rejected_more_than_maximum_options,False,,,,,False,not_eligible,,False,calls_puts
l2,,2.151919048298958,0.05623413251903491,13,fista,True,"(0, 27, 54, 81, 108, 135, 162)",True,140,6.0622538616346695,FISTA a convergé.,0.9175507769503848,2.799995318410618,17.730486460368112,0.001147879975781131,0.7279217027401799,2.8718529018618,18.730998948590667,0.39987586831055827,1e-06,189,133,56,0.7037037037037037,7,6,182,127,0.6978021978021978,39,88,10.270505457339203,-2.4778447671335933,0.7344682140179344,8.88759367754801,-3.212312981151526,3.077930647582157,0.34631766024111543,0.7152035575867527,False,False,False,rejected_more_than_maximum_options,False,,,,,False,not_eligible,,False,calls_puts
l2,,1.210113009322791,0.0316227766016838,14,fista,True,"(0, 27, 54, 81, 108, 135, 162)",True,294,4.902550331367026,FISTA a convergé.,0.7874711790867982,2.463466696050868,16.99896475437754,6.255466822177405e-05,0.8404135115620908,3.429830026096404,18.69919928761523,0.5951864143277902,1e-06,189,133,56,0.7037037037037037,7,6,182,127,0.6978021978021978,39,88,11.699477276959486,-2.4797622691329755,0.7565001344051733,10.320100797489086,-3.236262403538148,3.172013041737884,0.30736260274799304,0.7157131117261307,False,False,False,rejected_more_than_maximum_options,False,,,,,False,not_eligible,,False,calls_puts
l2,,0.6804965532926595,0.01778279410038923,15,fista,True,"(0, 27, 54, 81, 108, 135, 162)",True,242,3.9231161676206074,FISTA a convergé.,0.6881572644639242,2.186959919772863,16.429136911193766,0.0003105913585915943,0.9785381022250026,3.954582638350884,24.065101777211538,0.7310055206160191,1e-06,189,133,56,0.7037037037037037,7,6,182,127,0.6978021978021978,40,87,13.22978064882378,-1.792550105685888,0.77785315108393,11.855974054054506,-2.570403256769818,2.6012031246270744,0.2194002038775983,0.6574943762497502,False,False,False,rejected_more_than_maximum_options,False,,,,,False,not_eligible,,False,calls_puts
l2,,0.38267133356605915,0.010000000000000002,16,fista,True,"(0, 27, 54, 81, 108, 135, 162)",True,239,3.136326168953179,FISTA a convergé.,0.5985731602737867,1.9638485231522103,15.94965757712312,-0.00012982307721169187,1.0917630346209581,4.272650332180862,26.81504213170261,0.8001839109054742,1e-06,189,133,56,0.7037037037037037,7,6,182,127,0.6978021978021978,42,85,14.49039099837823,-0.5518856345969372,0.8001159375770407,13.098474213965437,-1.3520015721739778,2.2744328741884132,0.17364105444918462,0.5771487767612675,False,False,False,rejected_more_than_maximum_options,False,,,,,False,not_eligible,,False,calls_puts
l2,,0.2151919048298958,0.005623413251903491,17,fista,True,"(0, 27, 54, 81, 108, 135, 162)",True,242,2.5241720529444285,FISTA a convergé.,0.5353598330181792,1.7868972595404,15.510131748805463,-4.344856943036114e-05,1.2073458984647216,4.511714017463321,28.52432792821314,0.8347723105391142,1e-06,189,133,56,0.7037037037037037,7,6,182,127,0.6978021978021978,44,83,16.373649327703255,1.198872912093347,0.8162227966750929,14.935592088492022,0.3826501154182524,2.6842583153805197,0.17972225670576256,0.6038216899920568,False,False,False,rejected_more_than_maximum_options,False,,,,,False,not_eligible,,False,calls_puts
l2,,0.12101130093227909,0.00316227766016838,18,fista,True,"(0, 27, 54, 81, 108, 135, 162)",True,303,2.059373835162874,FISTA a convergé.,0.49352625659330657,1.6516555419783399,15.080915686773935,-2.03087132268662e-05,1.3145783831261555,4.694232280401789,29.446938017909844,0.838937817461119,1e-06,189,133,56,0.7037037037037037,7,6,182,127,0.6978021978021978,42,85,20.9732745410272,3.2172524566071004,0.8286755965132617,19.477123752942926,2.3885768600938393,3.0531511853383906,0.15675575223867794,0.6333803354094313,False,False,False,rejected_more_than_maximum_options,False,,,,,False,not_eligible,,False,calls_puts
l2,,0.06804965532926595,0.001778279410038923,19,fista,True,"(0, 27, 54, 81, 108, 135, 162)",True,384,1.7152874116969397,FISTA a convergé.,0.47116721354782504,1.5541027934684664,14.63952214174327,-6.396579249291613e-06,1.4152365187863547,4.918916493880638,30.571978675584077,0.8286657035836867,1e-06,189,133,56,0.7037037037037037,7,6,182,127,0.6978021978021978,42,85,25.50332436423604,5.444218304310741,0.8379481347986674,23.940387345590057,4.606270169512071,4.030412461839752,0.16835201551499437,0.679009916933002,False,False,False,rejected_more_than_maximum_options,False,,,,,False,not_eligible,,False,calls_puts
l2,,0.03826713335660591,0.001,20,fista,True,"(0, 27, 54, 81, 108, 135, 162)",True,498,1.46697569510323,FISTA a convergé.,0.4578827760539961,1.4864316552952952,14.190573743224988,-3.706441740389563e-07,1.5144373535307118,5.294604380981067,33.05489962192043,0.8228798566595976,1e-06,189,133,56,0.7037037037037037,7,6,182,127,0.6978021978021978,44,83,29.43612800714902,7.972084201531127,0.8450625377685619,27.800664603458152,7.127021663762564,5.36438192558752,0.19295876563038136,0.6979975826531728,False,False,False,rejected_more_than_maximum_options,False,,,,,False,not_eligible,,False,calls_puts
l2,,0.02151919048298958,0.0005623413251903491,21,fista,True,"(0, 27, 54, 81, 108, 135, 162)",True,670,1.2906297519310137,FISTA a convergé.,0.4525051631755389,1.4379244278199597,13.725746561326275,3.5446192923653067e-06,1.647029939619642,5.968536155066483,38.29815947922502,0.8503444506192249,1e-06,189,133,56,0.7037037037037037,7,6,182,127,0.6978021978021978,44,83,33.029162177260616,10.950666584461441,0.8511952552920417,31.316283544410556,10.0994713291694,6.30915259544799,0.20146555981014772,0.6994509686416174,False,False,False,rejected_more_than_maximum_options,False,,,,,False,not_eligible,,False,calls_puts
l2,,0.01210113009322791,0.000316227766016838,22,fista,True,"(0, 27, 54, 81, 108, 135, 162)",True,219,1.1652433483787625,FISTA a convergé.,0.4515827960324117,1.3990744194567302,13.235493782632275,-1.37049551818554e-05,1.8680984423548153,7.179988050248962,48.462916891489826,0.9586234761412167,1e-06,189,133,56,0.7037037037037037,7,6,182,127,0.6978021978021978,49,78,37.09658235678084,14.35106983118407,0.8500436962924869,35.37153678104693,13.501026134891578,6.916114365146674,0.19552767548546335,0.7106973516000429,False,False,False,rejected_more_than_maximum_options,False,,,,,False,not_eligible,,False,calls_puts
l2,,0.006804965532926595,0.0001778279410038923,23,fista,True,"(0, 27, 54, 81, 108, 135, 162)",True,1121,1.0727550885628088,FISTA a convergé.,0.4502996922036003,1.366809487559734,12.78540678507018,2.3519263245693384e-06,2.2647220426514107,9.525154285595901,67.57413814790927,1.213440213403256,1e-06,189,133,56,0.7037037037037037,7,6,182,127,0.6978021978021978,46,81,45.60085397961665,20.174551479382792,0.8568782528027113,43.714497203088385,19.317673226580087,8.550999134346249,0.19561014495077228,0.6675948234591123,False,False,False,rejected_more_than_maximum_options,False,,,,,False,not_eligible,,False,calls_puts
l2,,0.003826713335660591,0.0001,24,fista,True,"(0, 27, 54, 81, 108, 135, 162)",True,347,1.0023341074252348,FISTA a convergé.,0.4465533161946472,1.3361806283994049,12.315211361491478,5.197695511722284e-07,2.800021714963887,12.968350998643928,95.37220100817343,1.643062731479686,1e-06,189,133,56,0.7037037037037037,7,6,182,127,0.6978021978021978,51,76,56.47289364090733,26.683078332245625,0.8562747581862896,54.57236966635435,25.826803574059337,12.100429473449058,0.2217317948153783,0.6505777239498727,False,False,False,rejected_more_than_maximum_options,False,,,,,False,not_eligible,,False,calls_puts
elastic_net,0.5,8.136143828727993,1.0,0,fista,True,"(0, 27, 54, 81, 108, 135, 162)",True,1,12.345182208167735,FISTA a convergé.,1.6470139365451137,4.968939969081481,29.92984005668933,4.958009311748255e-14,1.6630056387483938,5.217125778643553,29.816788867004192,-0.8805814321276595,1e-06,189,6,183,0.031746031746031744,7,6,182,0,0.0,0,0,1.4827099059319895,0.6539177808917319,0.6539177808917319,0.0,0.0,0.0,0.0,0.0,True,False,False,rejected_fewer_than_minimum_options,False,,,,,False,not_eligible,,False,calls_puts
elastic_net,0.5,6.101247143459118,0.7498942093324558,1,fista,True,"(0, 27, 54, 81, 108, 135, 162)",True,96,12.1620565816993,FISTA a convergé.,1.5518045561950435,4.656141255978491,27.18744270776574,-0.0001894526884213753,1.606443986755805,5.1655500451484775,29.817915209961328,-0.8295249072154341,1e-06,189,8,181,0.042328042328042326,7,6,182,2,0.01098901098901099,0,2,1.8857549714244226,0.2505484233473084,0.6570551861187337,0.40650676277142533,-0.40650676277142533,0.3066723862220088,0.7544090635324746,1.0,True,True,True,candidate,False,0.8136143828727994,2.5460359863863102,0.7964538192532539,5.208394590548884,False,not_eligible,,False,calls_puts
elastic_net,0.5,4.575289902586181,0.5623413251903491,2,fista,True,"(0, 27, 54, 81, 108, 135, 162)",True,96,11.604034642184535,FISTA a convergé.,1.4286803258361171,4.257548937138396,23.780195526861476,-0.0003576678896630862,1.5215341621894227,5.078081044419997,29.819061024049915,-0.7592391277328249,1e-06,189,9,180,0.047619047619047616,7,6,182,3,0.016483516483516484,0,3,2.347865213340161,-0.21175894097789638,0.6618687509396166,0.8736276919175129,-0.8736276919175129,0.6140550324022367,0.7028795424907561,1.0,True,True,True,candidate,False,0.8136143828727994,2.4585669856578294,0.6709789697541869,5.1463452057991494,False,not_eligible,,False,calls_puts
elastic_net,0.5,3.4309834039666325,0.4216965034285822,3,fista,True,"(0, 27, 54, 81, 108, 135, 162)",True,95,10.744050786509193,FISTA a convergé.,1.299210858198556,3.8438523793639456,22.33004193310377,-0.00016336731911666095,1.4245823908723332,4.982273462687102,29.819289083522662,-0.6805879079335443,1e-06,189,10,179,0.05291005291005291,7,6,182,4,0.02197802197802198,0,4,2.823543898379388,-0.6874759926304755,0.6674294054430259,1.3549053980735013,-1.3549053980735013,0.9186038021913566,0.6779837201161729,1.0,True,True,True,candidate,False,0.8136143828727994,2.362759403924935,0.5299275161954575,5.095865744015959,False,not_eligible,,False,calls_puts
elastic_net,0.5,2.572874586950336,0.31622776601683794,4,fista,True,"(0, 27, 54, 81, 108, 135, 162)",True,96,9.70924343603092,FISTA a convergé.,1.167901933219256,3.448692610394793,21.584062525947473,-0.0004230480796932075,1.3177452261060303,4.885678213663387,29.820913855508778,-0.5943993734155695,1e-06,189,11,178,0.0582010582010582,7,6,182,5,0.027472527472527472,0,5,3.377088324754464,-1.2411976375210996,0.6736899560284252,1.9148875935495246,-1.9148875935495246,1.204361286998983,0.6289462060624263,1.0,True,True,True,candidate,False,0.8136143828727994,2.2661641549012197,0.3844360414126367,5.0429600790713,False,not_eligible,,False,calls_puts
elastic_net,0.5,1.929383754092691,0.23713737056616555,5,fista,True,"(0, 27, 54, 81, 108, 135, 162)",True,97,8.616754468069109,FISTA a convergé.,1.0449508451359129,3.109826257461998,20.8894634042326,-0.00036576160452984,1.2203627788747364,4.809127493707429,29.818008548814916,-0.5151474366340707,1e-06,189,12,177,0.06349206349206349,7,6,182,6,0.03296703296703297,0,6,4.154764410843269,-2.0217332856189656,0.6793749497324081,2.7011082353513736,-2.7011082353513736,1.466034280747227,0.5427528825243532,0.9936187232921072,True,True,True,candidate,False,0.8136143828727994,2.1896134349452616,0.26011616108595886,5.000079237299572,False,not_eligible,,False,calls_puts
elastic_net,0.5,1.446833704774224,0.1778279410038923,6,fista,True,"(0, 27, 54, 81, 108, 135, 162)",True,95,7.557489312986213,FISTA a convergé.,0.9452494653341242,2.8324888832825166,20.090736620583783,0.0001854046712834487,1.1442371921899168,4.741586587408019,29.821529890811263,-0.44391529522559076,1e-06,189,13,176,0.06878306878306878,7,6,182,7,0.038461538461538464,0,7,4.711905184169881,-2.5931900850595153,0.6846252157734964,3.2778153008330118,-3.2778153008330118,1.7119439501333984,0.5222820058525968,0.9812689618869341,True,True,True,candidate,False,0.8136143828727994,2.1220725286458517,0.14708888265757925,4.977969940428706,False,not_eligible,,False,calls_puts
elastic_net,0.5,1.0849722170772145,0.1333521432163324,7,fista,True,"(0, 27, 54, 81, 108, 135, 162)",True,94,6.574731809140621,FISTA a convergé.,0.8474301002789859,2.5674092155955055,19.43394977132772,-0.00017694193487187703,0.8308941565486518,3.3084641596058586,20.172783431015816,-0.13356356188801258,1e-06,189,17,172,0.08994708994708994,7,6,182,11,0.06043956043956044,3,8,5.928744745138951,-2.204921617646008,0.6871345342170636,4.520066261218562,-2.8920561518630716,1.9516806479330204,0.43178142424108357,0.8704550270900495,False,False,False,rejected_dominated_within_penalty,False,,,,,False,not_eligible,,False,calls_puts
elastic_net,0.5,0.8136143828727994,0.1,8,fista,True,"(0, 27, 54, 81, 108, 135, 162)",True,90,5.683867917255503,FISTA a convergé.,0.7606739179360977,2.3597499054594073,18.932312263266795,-0.00025043600093768405,0.5549810726838215,2.6195140587621673,19.865355097127207,0.14329156879298424,1e-06,189,17,172,0.08994708994708994,7,6,182,11,0.06043956043956044,3,8,6.900454114498001,-1.7158948809238546,0.6902601394108389,5.49295013020763,-2.406155020334694,2.18491863603613,0.39776779039381915,0.8463780695250449,True,True,True,candidate,True,0.8136143828727994,0.0,0.0,0.0,True,kept_representative,,True,calls_puts
elastic_net,0.5,0.6101247143459119,0.07498942093324558,9,fista,True,"(0, 27, 54, 81, 108, 135, 162)",True,121,4.910706550809173,FISTA a convergé.,0.6881592306067899,2.208164508214422,18.5643308459436,5.443722400460476e-05,0.6127825166270621,2.755691140263939,19.663165893186488,0.34622902967128416,1e-06,189,17,172,0.08994708994708994,7,6,182,11,0.06043956043956044,3,8,7.544511975064914,-1.3341784278491498,0.6945407867235041,6.136503265817055,-2.028719214572654,2.4048865197556775,0.3918985154219542,0.8771032175825056,False,False,False,rejected_dominated_within_penalty,False,,,,,False,not_eligible,,False,calls_puts
elastic_net,0.5,0.45752899025861804,0.05623413251903491,10,fista,True,"(0, 27, 54, 81, 108, 135, 162)",True,100,4.260736028635918,FISTA a convergé.,0.6280901906318929,2.1035212927047264,18.3171200518848,-0.00037002293726284087,0.6919710620939182,3.1462280626101387,19.559160042689584,0.4903428363469537,1e-06,189,17,172,0.08994708994708994,7,6,182,11,0.06043956043956044,3,8,8.25962681549594,-1.3567505681487029,0.6992834921306145,6.85307733933621,-2.0560340602793175,2.588763474729299,0.3777519713472323,0.8758804985180871,False,False,False,rejected_dominated_within_penalty,False,,,,,False,not_eligible,,False,calls_puts
elastic_net,0.5,0.34309834039666326,0.042169650342858224,11,fista,True,"(0, 27, 54, 81, 108, 135, 162)",True,75,3.723365312355201,FISTA a convergé.,0.565807455081064,2.0065473171242685,17.967946043380493,-0.00017280157335978824,0.7190393418525252,3.334766065465451,19.58797298301782,0.5569859662967204,1e-06,189,21,168,0.1111111111111111,7,6,182,15,0.08241758241758242,5,10,8.924010099367992,-1.5283055128663832,0.7117927209411563,7.52550790900297,-2.2400982338075393,2.756139827533089,0.36623970911462916,0.8489610645050913,False,False,False,rejected_dominated_within_penalty,False,,,,,False,not_eligible,,False,calls_puts
elastic_net,0.5,0.2572874586950336,0.0316227766016838,12,fista,True,"(0, 27, 54, 81, 108, 135, 162)",True,146,3.26856984109273,FISTA a convergé.,0.51293401801323,1.904466150624424,17.493510662554314,0.00021042341423872636,0.7608515034302106,3.3767448907767883,19.429862042044235,0.5685254741758158,1e-06,189,22,167,0.1164021164021164,7,6,182,16,0.08791208791208792,5,11,9.985769724751972,-1.3138262411764265,0.7225405088648115,8.594205180802721,-2.0363667500412372,2.8806254914120744,0.335182303751214,0.7916298693175549,False,False,False,rejected_dominated_within_penalty,False,,,,,False,not_eligible,,False,calls_puts
elastic_net,0.5,0.1929383754092691,0.02371373705661655,13,fista,True,"(0, 27, 54, 81, 108, 135, 162)",True,164,2.883383036379392,FISTA a convergé.,0.49069303464990566,1.8192017609716273,17.008289748624478,0.0003857843264829026,0.829932576679005,3.4260108659355253,19.244804539824116,0.5727797361722199,1e-06,189,23,166,0.12169312169312169,7,6,182,17,0.09340659340659341,7,10,11.266451208160348,-0.8868661305721735,0.7334262781160166,9.84417628555152,-1.6202924086881896,2.9758617265663845,0.302296671681318,0.7667689328165419,False,False,False,rejected_dominated_within_penalty,False,,,,,False,not_eligible,,False,calls_puts
elastic_net,0.5,0.14468337047742238,0.01778279410038923,14,fista,True,"(0, 27, 54, 81, 108, 135, 162)",True,192,2.5524695693524295,FISTA a convergé.,0.46871391120733674,1.7208663848859305,16.46994799653403,-0.00025557556343294154,1.0737740349569365,4.382772192925314,27.105784839988445,0.7288435442097636,1e-06,189,24,165,0.12698412698412698,7,6,182,18,0.0989010989010989,7,11,15.061233412046274,2.0986429718957407,0.7323487207382122,13.601971770347815,1.3662942511575282,3.1597870292382533,0.23230360146214704,0.6812987143835286,False,False,False,rejected_dominated_within_penalty,False,,,,,False,not_eligible,,False,calls_puts
elastic_net,0.5,0.10849722170772144,0.01333521432163324,15,fista,True,"(0, 27, 54, 81, 108, 135, 162)",True,202,2.2664606986972777,FISTA a convergé.,0.4549488007214423,1.6414458840571269,15.970376196422663,-0.00035150466658109283,1.303224693641868,5.4252177085013225,36.26704099184845,0.8710051900997579,1e-06,189,26,163,0.13756613756613756,7,6,182,20,0.10989010989010989,7,13,18.588415380351808,4.9209359972494635,0.7300242271401585,17.09293359671866,4.190911770109304,3.3150238388013893,0.19394118745291192,0.7232102705220577,False,False,False,rejected_dominated_within_penalty,False,,,,,False,not_eligible,,False,calls_puts
elastic_net,0.5,0.08136143828727992,0.009999999999999998,16,fista,True,"(0, 27, 54, 81, 108, 135, 162)",True,217,2.0224002577760083,FISTA a convergé.,0.44765674191507754,1.577714872203039,15.484963651765938,-0.0001231807664149345,1.501920819322258,6.363472834413206,44.0095519648258,0.9810277761827636,1e-06,189,25,164,0.13227513227513227,7,6,182,19,0.1043956043956044,7,12,21.736516683365394,7.438638132373657,0.7283578948584606,20.20354855276185,6.710280237515198,3.640091196205528,0.18017088367914078,0.7485850883476121,False,False,False,rejected_dominated_within_penalty,False,,,,,False,not_eligible,,False,calls_puts
elastic_net,0.5,0.061012471434591174,0.007498942093324557,17,fista,True,"(0, 27, 54, 81, 108, 135, 162)",True,250,1.8174919120872655,FISTA a convergé.,0.4450091262158515,1.5297546531248805,15.047032219808543,0.0001568659765020581,1.6608609444592766,7.065852320774944,49.53835271354943,1.0517770730646905,1e-06,189,25,164,0.13227513227513227,7,6,182,19,0.1043956043956044,7,12,24.40429272719903,9.538397078814205,0.7272947752989886,22.833709011231843,8.81110230351522,4.505625260836443,0.19732340718803668,0.7643809506429627,False,False,False,rejected_dominated_within_penalty,False,,,,,False,not_eligible,,False,calls_puts
elastic_net,0.5,0.04575289902586179,0.005623413251903489,18,fista,True,"(0, 27, 54, 81, 108, 135, 162)",True,265,1.6481354024114367,FISTA a convergé.,0.4457249230934581,1.4944004887658915,14.653825855106703,9.487099748189583e-05,1.805378832133738,7.7291352275822565,54.69302916979633,1.1158832697840255,1e-06,189,26,163,0.13756613756613756,7,6,182,20,0.10989010989010989,7,13,26.734168737961966,11.415717089028051,0.725117069239218,25.12892577586677,10.690600019788835,5.217949913953102,0.20764715374201545,0.775638281670529,False,False,False,rejected_dominated_within_penalty,False,,,,,False,not_eligible,,False,calls_puts
elastic_net,0.5,0.034309834039666316,0.004216965034285821,19,fista,True,"(0, 27, 54, 81, 108, 135, 162)",True,374,1.509823974063,FISTA a convergé.,0.4499583844333666,1.4683219239593384,14.30774749833067,2.9510167295793762e-05,1.873305403690746,7.915715799789079,55.78876747084216,1.1117537525240608,1e-06,189,26,163,0.13756613756613756,7,6,182,20,0.10989010989010989,7,13,28.483104768441322,12.67086169718139,0.7269696270943553,26.839274450660447,11.94389207008704,5.8016443724177895,0.21616248915681943,0.7820833303873722,False,False,False,rejected_dominated_within_penalty,False,,,,,False,not_eligible,,False,calls_puts
elastic_net,0.5,0.025728745869503352,0.0031622776601683785,20,fista,True,"(0, 27, 54, 81, 108, 135, 162)",True,412,1.3980748298497434,FISTA a convergé.,0.45334877949965824,1.449013493064408,13.996012003144045,3.4974425303523226e-06,1.939629613242732,8.163692695120675,57.47690756328616,1.1217594997754712,1e-06,189,33,156,0.1746031746031746,7,6,182,27,0.14835164835164835,11,16,30.19839280664359,13.894269208147987,0.7286513707085883,28.52112462937052,13.165617837439399,6.260358593489489,0.21949900906231057,0.7840611202145158,False,False,False,rejected_dominated_within_penalty,False,,,,,False,not_eligible,,False,calls_puts
elastic_net,0.5,0.019293837540926905,0.0023713737056616545,21,fista,True,"(0, 27, 54, 81, 108, 135, 162)",True,199,1.30788790779729,FISTA a convergé.,0.4536201102274537,1.4323149317703887,13.71321890146551,-1.4497031547833217e-05,2.1075763830459313,9.172981054923188,65.68941823330296,1.2521167821368286,1e-06,189,37,152,0.19576719576719576,7,6,182,31,0.17032967032967034,14,17,32.70414524221259,15.818780973338423,0.7298701092551433,31.005642101412562,15.088910864083278,6.602058693880996,0.21293088116953454,0.7842835676135148,False,False,False,rejected_dominated_within_penalty,False,,,,,False,not_eligible,,False,calls_puts
elastic_net,0.5,0.014468337047742235,0.0017782794100389223,22,fista,True,"(0, 27, 54, 81, 108, 135, 162)",True,188,1.2339078421447593,FISTA a convergé.,0.4516755838664056,1.4155959035048515,13.442739678120418,-3.679708523978636e-06,2.2200770672732415,9.857983706713323,71.16237728885291,1.3233597347383774,1e-06,189,38,151,0.20105820105820105,7,6,182,32,0.17582417582417584,15,17,35.15687151991254,17.30952735177065,0.7330423719514374,33.436034760903745,16.57648497981922,6.884414020103461,0.20589803992407923,0.7778232090858503,False,False,False,rejected_dominated_within_penalty,False,,,,,False,not_eligible,,False,calls_puts
elastic_net,0.5,0.010849722170772142,0.0013335214321633238,23,fista,True,"(0, 27, 54, 81, 108, 135, 162)",True,532,1.1723416863233573,FISTA a convergé.,0.4514072236203756,1.399081177490124,13.163663950110802,1.954922609057361e-06,1.9625814257735301,7.826201807725334,53.522451591076035,0.9980383173755836,1e-06,189,40,149,0.21164021164021163,7,6,182,34,0.18681318681318682,16,18,36.275131323836405,16.31597383467306,0.7617437774022111,34.49621548657632,15.554230057270845,7.331795760805564,0.21253913385538253,0.7566327640246259,False,False,False,rejected_dominated_within_penalty,False,,,,,False,not_eligible,,False,calls_puts
elastic_net,0.5,0.008136143828727994,0.001,24,fista,True,"(0, 27, 54, 81, 108, 135, 162)",True,352,1.1208826469739643,FISTA a convergé.,0.45046041116571334,1.3808318716501453,12.878063943990597,8.708071106602075e-05,2.0253575261628862,8.113499257528114,55.7794872707217,1.0156783563932823,1e-06,189,41,148,0.21693121693121692,7,6,182,35,0.19230769230769232,18,17,39.242943974773596,17.40725071062691,0.7668934183868962,37.44624575695126,16.64035729224002,7.69477874950967,0.20548865697921842,0.736414193806527,False,False,False,rejected_dominated_within_penalty,False,,,,,False,not_eligible,,False,calls_puts
l0,,0.1003317645771138,1.0,0,proximal,True,"(0, 53, 106, 159, 212, 265, 318)",True,1,12.345182208167731,Gradient proximal a convergé.,1.647013936545112,4.968939969081481,29.929840056689343,5.1159076974727215e-14,1.6630056387483927,5.217125778643559,29.816788867004263,-0.880581432127658,1e-06,371,6,365,0.016172506738544475,7,6,364,0,0.0,0,0,1.4827099059319893,0.653917780891731,0.653917780891731,0.0,0.0,0.0,0.0,0.0,True,False,False,rejected_fewer_than_minimum_options,False,,,,,False,not_eligible,,False,full
l0,,0.07523820926848489,0.7498942093324561,1,proximal,True,"(0, 53, 106, 159, 212, 265, 318)",True,2276,2.5092531615706637,Gradient proximal a convergé.,0.6063644813774596,2.1370720782253505,15.650057743741257,4.702727111304878e-05,1.1512219586549566,4.9587386534235165,29.80039506909769,-0.14259320852005358,1e-06,371,9,362,0.02425876010781671,7,6,364,3,0.008241758241758242,0,3,12.985673404132132,-10.832529594562775,0.6948803562221854,11.52740995078496,-11.52740995078496,7.585012822186099,0.6579980112245072,1.0,True,True,True,candidate,True,0.0010033176457711385,1.860103569318706,-0.5281849455843286,4.265214627282997,True,kept_representative,,True,full
l0,,0.05642069745098032,0.5623413251903493,2,proximal,True,"(0, 53, 106, 159, 212, 265, 318)",True,1,2.452799779313651,Gradient proximal a convergé.,0.6063533102461397,2.1370716819801387,15.6500618745809,4.7372316972705956e-05,1.1512143884785215,4.95874739014035,29.80041006983207,-0.14259354657477394,1e-06,371,9,362,0.02425876010781671,7,6,364,3,0.008241758241758242,0,3,12.985773361874667,-10.832633546677737,0.6948798930104341,11.527513439688171,-11.527513439688171,7.585113374346465,0.6580008268072467,1.0,False,False,False,rejected_dominated_within_penalty,False,,,,,False,not_eligible,,False,full
l0,,0.04230955430498859,0.42169650342858234,3,proximal,True,"(0, 53, 106, 159, 212, 265, 318)",True,1,2.41046550465579,Gradient proximal a convergé.,0.6063421472699304,2.137071286476342,15.650065979079642,4.771608597956679e-05,1.151206824159846,4.958756120592741,29.80042505983772,-0.1425938854652164,1e-06,371,9,362,0.02425876010781671,7,6,364,3,0.008241758241758242,0,3,12.985873263363933,-10.832737439011149,0.6948794300157695,11.52761686902692,-11.52761686902692,7.5852138760195125,0.6580036413597257,1.0,False,False,False,rejected_dominated_within_penalty,False,,,,,False,not_eligible,,False,full
l0,,0.03172768977274802,0.316227766016838,4,proximal,True,"(0, 53, 106, 159, 212, 265, 318)",True,1,2.3787190674206884,Gradient proximal a convergé.,0.6063309924469221,2.1370708917125065,15.650070057318672,4.805858165555479e-05,1.151199265698596,4.958764844785464,29.800440039111564,-0.14259422518717765,1e-06,371,9,362,0.02425876010781671,7,6,364,3,0.008241758241758242,0,3,12.985973108608926,-10.832841271574251,0.6948789672385386,11.52772023881279,-11.52772023881279,7.585314327191677,0.6580064548801774,1.0,False,False,False,rejected_dominated_within_penalty,False,,,,,False,not_eligible,,False,full
l0,,0.023792410836080323,0.2371373705661656,5,proximal,True,"(0, 53, 106, 159, 212, 265, 318)",True,1,2.3549123885507104,Gradient proximal a convergé.,0.6063198457752186,2.1370704976871817,15.650074109379062,4.8399807555041564e-05,1.1511917130944551,4.958773562723297,29.80045500765054,-0.14259456573642407,1e-06,371,9,362,0.02425876010781671,7,6,364,3,0.008241758241758242,0,3,12.986072897618703,-10.832945044378347,0.6948785046790864,11.527823549057434,-11.527823549057434,7.585414727849532,0.6580092673668438,1.0,False,False,False,rejected_dominated_within_penalty,False,,,,,False,not_eligible,,False,full
l0,,0.017841791112035408,0.17782794100389232,6,proximal,True,"(0, 53, 106, 159, 212, 265, 318)",True,1,2.3370596888939135,Gradient proximal a convergé.,0.6063087072528934,2.1370701043989206,15.650078135341559,4.8739767193239915e-05,1.1511841663470719,4.958782274411006,29.800469965451626,-0.14259490710876482,1e-06,371,9,362,0.02425876010781671,7,6,364,3,0.008241758241758242,0,3,12.986172630402404,-10.833048757434824,0.694878042337756,11.52792679977258,-11.52792679977258,7.585515077979796,0.6580120788179745,1.0,False,False,False,rejected_dominated_within_penalty,False,,,,,False,not_eligible,,False,full
l0,,0.01337945583903463,0.13335214321633243,7,proximal,True,"(0, 53, 106, 159, 212, 265, 318)",True,1,2.3236718441624733,Gradient proximal a convergé.,0.6062975768780016,2.137069711846279,15.650082135286766,4.9078464064599025e-05,1.15117662545607,4.958790979853362,29.800484912511877,-0.14259524930003592,1e-06,371,9,362,0.02425876010781671,7,6,364,3,0.008241758241758242,0,3,12.986272306969237,-10.833152410755142,0.6948775802148882,11.528029990970031,-11.528029990970031,7.585615377569324,0.6580148892318269,1.0,False,False,False,rejected_dominated_within_penalty,False,,,,,False,not_eligible,,False,full
l0,,0.010033176457711384,0.10000000000000003,8,proximal,True,"(0, 53, 106, 159, 212, 265, 318)",True,1,2.3136321686752104,Gradient proximal a convergé.,0.6062864546486076,2.137069320027816,15.650086109295017,4.941590168598964e-05,1.1511690904210876,4.958799679055122,29.80049984882838,-0.14259559230604993,1e-06,371,9,362,0.02425876010781671,7,6,364,3,0.008241758241758242,0,3,12.986371927328488,-10.83325600435084,0.6948771183108221,11.528133122661663,-11.528133122661663,7.585715626605114,0.6580176986066668,1.0,False,False,False,rejected_dominated_within_penalty,False,,,,,False,not_eligible,,False,full
l0,,0.007523820926848488,0.0749894209332456,9,proximal,True,"(0, 53, 106, 159, 212, 265, 318)",True,1,2.3061032663054,Gradient proximal a convergé.,0.6062753405627529,2.137068928942094,15.650090057446505,4.975208356528229e-05,1.1511615612417367,4.958808372021049,29.800514774398252,-0.14259593612263569,1e-06,371,9,362,0.02425876010781671,7,6,364,3,0.008241758241758242,0,3,12.986471491489512,-10.83335953823352,0.6948766566258964,11.528236194859415,-11.528236194859415,7.585815825074299,0.6580205069407676,1.0,False,False,False,rejected_dominated_within_penalty,False,,,,,False,not_eligible,,False,full
l0,,0.005642069745098032,0.05623413251903493,10,proximal,True,"(0, 53, 106, 159, 212, 265, 318)",True,1,2.3004571785459302,Gradient proximal a convergé.,0.6062642346184558,2.1370685385876778,15.650093979821065,5.008701314300386e-05,1.1511540379175955,4.958817058755895,29.800529689218692,-0.14259628074569075,1e-06,371,9,362,0.02425876010781671,7,6,364,3,0.008241758241758242,0,3,12.986570999461735,-10.833463012414864,0.6948761951604459,11.528339207575309,-11.528339207575309,7.585915972964152,0.658023314232411,1.0,False,False,False,rejected_dominated_within_penalty,False,,,,,False,not_eligible,,False,full
l0,,0.0042309554304988594,0.04216965034285824,11,proximal,True,"(0, 53, 106, 159, 212, 265, 318)",True,1,2.2962230029478596,Gradient proximal a convergé.,0.6062531368137414,2.1370681489631362,15.650097876498421,5.0420693916287795e-05,1.151146520448258,4.958825739264414,29.800544593286943,-0.14259662617105845,1e-06,371,9,362,0.02425876010781671,7,6,364,3,0.008241758241758242,0,3,12.986670451254664,-10.833566426906634,0.6948757339148052,11.52844216082144,-11.52844216082144,7.586016070262087,0.6580261204798861,1.0,False,False,False,rejected_dominated_within_penalty,False,,,,,False,not_eligible,,False,full
l0,,0.003172768977274802,0.031622776601683805,12,proximal,True,"(0, 53, 106, 159, 212, 265, 318)",True,1,2.2930476124908026,Gradient proximal a convergé.,0.606242047146607,2.1370677600670405,15.650101747558026,5.0753129333950633e-05,1.1511390088332811,4.958834413551351,29.80055948660025,-0.14259697239463662,1e-06,371,9,362,0.02425876010781671,7,6,364,3,0.008241758241758242,0,3,12.986769846877861,-10.833669781720655,0.6948752728893071,11.528545054609962,-11.528545054609962,7.586116116955654,0.6580289256814905,1.0,False,False,False,rejected_dominated_within_penalty,False,,,,,False,not_eligible,,False,full
l0,,0.002379241083608032,0.023713737056616557,13,proximal,True,"(0, 53, 106, 159, 212, 265, 318)",True,3527,1.6602399029382138,Gradient proximal a convergé.,0.5368089635788458,1.810429083496916,14.66101304269796,3.150386184474188e-05,0.8788688643954169,3.0987059691228005,21.592064029287172,0.6851938429282536,1e-06,371,15,356,0.04043126684636118,7,6,364,9,0.024725274725274724,5,4,21.595560008365908,-1.128633750735059,0.6831911208271105,20.17722266575505,-1.811824871562168,6.482347828144372,0.3212705700644453,0.8103148941077877,False,False,False,rejected_dominated_within_penalty,False,,,,,False,not_eligible,,False,full
l0,,0.0017841791112035408,0.017782794100389233,14,proximal,True,"(0, 53, 106, 159, 212, 265, 318)",True,1,1.654883497248112,Gradient proximal a convergé.,0.5368068978210816,1.8104286151335987,14.660997468212756,3.148944127558827e-05,0.8788662726158404,3.098682329227998,21.59185208459715,0.6851907632601559,1e-06,371,15,356,0.04043126684636118,7,6,364,9,0.024725274725274724,5,4,21.59540222400629,-1.1283579885096715,0.6831906642732551,20.177064136182697,-1.8115486527829263,6.482138659693531,0.32126272761701635,0.8103116614837772,False,False,False,rejected_dominated_within_penalty,False,,,,,False,not_eligible,,False,full
l0,,0.001337945583903463,0.013335214321633244,15,proximal,True,"(0, 53, 106, 159, 212, 265, 318)",True,1,1.65086654836256,Gradient proximal a convergé.,0.5368048337342642,1.810428147211277,14.660981901270091,3.1475009774024125e-05,0.8788636828706047,3.0986587008907525,21.591640236559414,0.6851876850637434,1e-06,371,15,356,0.04043126684636118,7,6,364,9,0.024725274725274724,5,4,21.595244511778095,-1.1280823494263088,0.6831902079223116,20.176905679090467,-1.8112725573486181,6.481929586166281,0.3212548885968957,0.8103084303209538,False,False,False,rejected_dominated_within_penalty,False,,,,,False,not_eligible,,False,full
l0,,0.0010033176457711385,0.010000000000000004,16,proximal,True,"(0, 53, 106, 159, 212, 265, 318)",True,1,1.6478540505773578,Gradient proximal a convergé.,0.5368027713171504,1.810427679729526,14.660966341865489,3.146056737683978e-05,0.8788610951578304,3.0986350841048105,21.59142848513028,0.6851846083383637,1e-06,371,15,356,0.04043126684636118,7,6,364,9,0.024725274725274724,5,4,21.59508687164829,-1.1278068334343434,0.683189751774221,20.17674729444519,-1.8109965852085663,6.4817206075209155,0.32124705300270984,0.8103052006186539,True,True,True,candidate,True,0.0010033176457711385,0.0,0.0,0.0,True,kept_representative,,True,full
l0,,0.0007523820926848488,0.007498942093324561,17,proximal,True,"(0, 53, 106, 159, 212, 265, 318)",True,2211,1.4968677369847503,Gradient proximal a convergé.,0.46120334753390996,1.7258875490934522,14.39553415588395,-5.612696710915404e-05,0.9583003836071254,3.1833621788957966,21.2261531713753,0.6384766427742986,1e-06,371,16,355,0.0431266846361186,7,6,364,10,0.027472527472527472,5,5,25.57167519274917,-3.517839072505702,0.7155794478614766,24.17616682193858,-4.233418520367179,6.359389855937212,0.2630437613528711,0.7777008993150069,False,False,False,rejected_dominated_within_penalty,False,,,,,False,not_eligible,,False,full
l0,,0.0005642069745098032,0.005623413251903493,18,proximal,True,"(0, 53, 106, 159, 212, 265, 318)",True,4919,0.9234458765128912,Gradient proximal a convergé.,0.4106129013851611,1.3556785907557978,8.975965354138097,1.4934542260726225e-05,1.606308998349258,5.057787752319467,25.956726723710318,0.46592184909655004,1e-06,371,14,357,0.03773584905660377,7,6,364,8,0.02197802197802198,1,7,39.178426743068194,-6.40271485550967,0.7772593014047869,37.84396935632361,-7.179974156914456,15.331997599704579,0.4051371423368582,0.8768157318419146,False,False,False,rejected_dominated_within_penalty,False,,,,,False,not_eligible,,False,full
l0,,0.00042309554304988594,0.004216965034285824,19,proximal,True,"(0, 53, 106, 159, 212, 265, 318)",True,1,0.9223161389970327,Gradient proximal a convergé.,0.410610889092162,1.355677966666593,8.975887730879663,1.4942409518741645e-05,1.6063129273382548,5.057802198632689,25.95674464483274,0.465927839985415,1e-06,371,14,357,0.03773584905660377,7,6,364,8,0.02197802197802198,1,7,39.1786869655268,-6.402635811564383,0.7772593572498403,37.844229516906076,-7.179895168814221,15.332167174045928,0.40513883806768003,0.8768156888117187,False,False,False,rejected_dominated_within_penalty,False,,,,,False,not_eligible,,False,full
l0,,0.0003172768977274802,0.0031622776601683803,20,proximal,True,"(0, 53, 106, 159, 212, 265, 318)",True,2601,0.8234388988376494,Gradient proximal a convergé.,0.37644254107186254,1.2810803306257585,8.934873726675903,7.680643636160451e-06,1.547338212286059,5.020907460773909,26.647724345702542,0.47165396643977714,1e-06,371,15,356,0.04043126684636118,7,6,364,9,0.024725274725274724,1,8,40.273566002204014,-5.362243369542407,0.7677848602462883,38.92390228308249,-6.130028229788692,16.396937026646896,0.4212562478293319,0.8714170973669217,False,False,False,rejected_dominated_within_penalty,False,,,,,False,not_eligible,,False,full
l0,,0.00023792410836080325,0.0023713737056616562,21,proximal,True,"(0, 53, 106, 159, 212, 265, 318)",False,5000,0.595797494826712,Gradient proximal a atteint max_iter avant le critère de convergence.,0.24870653356922062,1.0885463309475263,7.098970641041333,-1.0349636959321945e-05,1.7281325503183558,5.514253564883637,28.030105331090525,0.4714887579033459,1e-06,371,20,351,0.05390835579514825,7,6,364,14,0.038461538461538464,5,9,69.02423420074098,4.381956498224336,0.8089447110391178,67.71819783708051,3.573011787185215,22.07622025267227,0.3260012959261591,0.7421456927506063,False,False,False,rejected_non_converged,False,,,,,False,not_eligible,,False,full
l0,,0.0001784179111203541,0.0017782794100389234,22,proximal,True,"(0, 53, 106, 159, 212, 265, 318)",False,5000,0.5949719538127015,Gradient proximal a atteint max_iter avant le critère de convergence.,0.2487180175523639,1.0885532628741843,7.098958935313661,-1.0348903928461242e-05,1.7282710495505007,5.5145252269169385,28.031102032958557,0.47150052673684895,1e-06,371,20,351,0.05390835579514825,7,6,364,14,0.038461538461538464,5,9,69.01963575089093,4.374320758525387,0.8089591534683706,67.71361421500171,3.5653616050570194,22.075169308746787,0.3260078429524459,0.7421620361517394,False,False,False,rejected_non_converged,False,,,,,False,not_eligible,,False,full
l0,,0.00013379455839034632,0.0013335214321633245,23,proximal,True,"(0, 53, 106, 159, 212, 265, 318)",True,4137,0.5523607430499927,Gradient proximal a convergé.,0.32086724520534093,1.0487635014615702,6.31006053617844,-1.7505917266665468e-05,1.96155908518179,6.262569998868492,35.18135886389997,0.3665826149173242,1e-06,371,24,347,0.0646900269541779,7,6,364,18,0.04945054945054945,5,13,68.29552110336928,-0.700626778556857,0.8279467231646142,67.0028338156273,-1.5285735017214748,21.829346332603407,0.32579735944708765,0.7390393024089794,False,False,False,rejected_dominated_within_penalty,False,,,,,False,not_eligible,,False,full
l0,,0.0001003317645771138,0.001,24,proximal,True,"(0, 53, 106, 159, 212, 265, 318)",True,1,0.551757565198916,Gradient proximal a convergé.,0.3208657077699148,1.0487626933072398,6.3099501566456695,-1.749801845032866e-05,1.9615661289225366,6.262601930679966,35.18155138634725,0.366583510229903,1e-06,371,24,347,0.0646900269541779,7,6,364,18,0.04945054945054945,5,13,68.29649842327248,-0.7004438249123255,0.8279483484787972,67.00381283265051,-1.5283921733911205,21.829576464165065,0.325796033707617,0.7390394917836867,False,False,False,rejected_dominated_within_penalty,False,,,,,False,not_eligible,,False,full
l1,,4.068071914363997,1.0,0,fista,True,"(0, 53, 106, 159, 212, 265, 318)",True,1,12.345182208167731,FISTA a convergé.,1.647013936545112,4.968939969081481,29.929840056689343,5.1159076974727215e-14,1.6630056387483927,5.217125778643559,29.816788867004263,-0.880581432127658,1e-06,371,6,365,0.016172506738544475,7,6,364,0,0.0,0,0,1.4827099059319893,0.653917780891731,0.653917780891731,0.0,0.0,0.0,0.0,0.0,True,False,False,rejected_fewer_than_minimum_options,False,,,,,False,not_eligible,,False,full
l1,,3.050623571729559,0.7498942093324558,1,fista,True,"(0, 53, 106, 159, 212, 265, 318)",True,239,11.768466722381937,FISTA a convergé.,1.3700325560325066,4.076712372768069,24.245476010360775,5.681808158510333e-05,1.536015499771285,5.183430822294225,29.817114255905608,-0.721431847126371,1e-06,371,7,364,0.018867924528301886,7,6,364,1,0.0027472527472527475,0,1,3.0138553719773187,-0.8772838373055832,0.6614835799856765,1.5387674172912598,-1.5387674172912598,1.5387674172912598,1.0,1.0,True,False,False,rejected_fewer_than_minimum_options,False,,,,,False,not_eligible,,False,full
l1,,2.28764495129309,0.562341325190349,2,fista,True,"(0, 53, 106, 159, 212, 265, 318)",True,137,10.542692064646374,FISTA a convergé.,1.1523347095559766,3.3844792396929573,22.447907511552145,-0.002393270146046768,1.4380742538866316,5.133730643117709,29.830815894273584,-0.5790853882693493,1e-06,371,9,362,0.02425876010781671,7,6,364,3,0.008241758241758242,0,3,5.6365477495315215,-3.5013181987515,0.668986607961941,4.170304806713441,-4.170304806713441,2.1165041377145806,0.5075178520062585,1.0,False,False,False,rejected_dominated_within_penalty,False,,,,,False,not_eligible,,False,full
l1,,1.715491701983316,0.42169650342858217,3,fista,True,"(0, 53, 106, 159, 212, 265, 318)",True,138,9.123195878591272,FISTA a convergé.,0.979950504270722,2.905209033461284,20.736503775261127,-0.0018631483525345359,1.3435386544013168,5.077298294928932,29.825248708218155,-0.46934624743888875,1e-06,371,9,362,0.02425876010781671,7,6,364,3,0.008241758241758242,0,3,7.560313145845825,-5.4246067251386005,0.675311259444452,6.099917984583053,-6.099917984583053,3.452056243081122,0.5659184683803712,1.0,False,False,False,rejected_dominated_within_penalty,False,,,,,False,not_eligible,,False,full
l1,,1.2864372934751678,0.3162277660168379,4,fista,True,"(0, 53, 106, 159, 212, 265, 318)",True,138,7.775874619804064,FISTA a convergé.,0.8502532861233817,2.597064772545102,19.462681904804214,-0.0013974953315393495,1.2712450402350506,5.040336093548738,29.82315640193137,-0.3876386002601509,1e-06,371,9,362,0.02425876010781671,7,6,364,3,0.008241758241758242,0,3,8.958271188369693,-6.822331364791698,0.6800512234705101,7.502382588262209,-7.502382588262209,4.5305651023879765,0.6038835062179094,1.0,False,False,False,rejected_dominated_within_penalty,False,,,,,False,not_eligible,,False,full
l1,,0.9646918770463454,0.23713737056616552,5,fista,True,"(0, 53, 106, 159, 212, 265, 318)",True,138,6.606465885607182,FISTA a convergé.,0.7751105342493356,2.4065045143076222,18.50747298809287,-0.0010485051719170554,1.2383494200092637,5.017006893807443,29.821581692323065,-0.32642329534591663,1e-06,371,9,362,0.02425876010781671,7,6,364,3,0.008241758241758242,0,3,10.002767117412995,-7.866654604035726,0.6836091080338104,8.550263712069537,-8.550263712069537,5.33556104039136,0.6240229798830288,1.0,False,False,False,rejected_dominated_within_penalty,False,,,,,False,not_eligible,,False,full
l1,,0.7234168523871118,0.17782794100389226,6,fista,True,"(0, 53, 106, 159, 212, 265, 318)",True,138,5.640087134010768,FISTA a convergé.,0.7218248187050976,2.2923961205710324,17.791192351692004,-0.0007866914592149499,1.214774117692488,5.002163345173296,29.820408629917196,-0.28052454744051614,1e-06,371,9,362,0.02425876010781671,7,6,364,3,0.008241758241758242,0,3,10.785623350395406,-8.649382077181508,0.6862773210889159,9.335659398270424,-9.335659398270424,5.938817651544533,0.6361433508001364,1.0,True,True,True,candidate,True,0.3050623571729559,1.771442122085832,-0.05320414207711515,3.6257248576106256,True,kept_representative,,True,full
l1,,0.5424861085386071,0.13335214321633237,7,fista,True,"(0, 53, 106, 159, 212, 265, 318)",True,347,4.8416089279731995,FISTA a convergé.,0.6590484545076192,2.134276283062572,17.255165014947167,4.747639441681094e-05,1.0699107171499835,4.345683936014839,23.93270713688254,-0.11826028556616303,1e-06,371,12,359,0.03234501347708895,7,6,364,6,0.016483516483516484,2,4,11.804060875545805,-9.100473336996354,0.6887514184292828,10.369017053614884,-9.789224755425636,6.378084784377452,0.6151098750632203,0.9990369613092629,True,True,True,candidate,True,0.3050623571729559,1.1149627129273756,-0.13921564728671115,2.2886493016441354,True,kept_representative,,True,full
l1,,0.40680719143639965,0.09999999999999999,8,fista,True,"(0, 53, 106, 159, 212, 265, 318)",True,226,4.156867530572814,FISTA a convergé.,0.5990593009827957,1.976135014817878,16.516072730709496,-0.0001884253680369991,0.9046917635253677,3.491062824048348,22.76681753018046,0.12482721078213217,1e-06,371,16,355,0.0431266846361186,7,6,364,10,0.027472527472527472,5,5,15.423051571710577,-5.896936383432538,0.6865891779592674,14.010908764907423,-6.583525561391808,5.891345267380461,0.4204827371466642,0.8287147626336511,True,True,True,candidate,True,0.3050623571729559,0.26034160096088454,-0.13963437099818032,0.5399745386147555,True,kept_representative,,True,full
l1,,0.3050623571729559,0.07498942093324557,9,fista,True,"(0, 53, 106, 159, 212, 265, 318)",True,182,3.574354519011404,FISTA a convergé.,0.543569045101528,1.8496189773993061,15.782740141925629,-0.0005833963538681215,0.8703649132021359,3.2307212230874636,21.880670597345215,0.257073057187705,1e-06,371,18,353,0.04851752021563342,7,6,364,12,0.03296703296703297,5,7,17.589258125669012,-4.508421863913814,0.6854592798890362,16.175109657408438,-5.193881143802851,5.335425959062743,0.3298540827275962,0.7871543109262461,True,True,True,candidate,True,0.3050623571729559,0.0,0.0,0.0,True,kept_representative,,True,full
l1,,0.228764495129309,0.056234132519034905,10,fista,True,"(0, 53, 106, 159, 212, 265, 318)",True,361,3.078056235281882,FISTA a convergé.,0.4888146219917934,1.7186796636147652,14.650362610876627,4.243282492251884e-05,0.9174841940169197,3.325698736524244,22.249927714676886,0.3517239228999661,1e-06,371,22,349,0.05929919137466307,7,6,364,16,0.04395604395604396,5,11,22.178274319784038,-6.038707917522277,0.6898879562554189,20.76232587044823,-6.728595873777696,4.91255703497447,0.23660918654430188,0.7282058268935009,False,False,False,rejected_dominated_within_penalty,False,,,,,False,not_eligible,,False,full
l1,,0.1715491701983316,0.04216965034285822,11,fista,True,"(0, 53, 106, 159, 212, 265, 318)",True,264,2.6422572388397514,FISTA a convergé.,0.41185537363090874,1.5496153753485005,13.235704283567713,-0.0008292406258602132,1.4167766299771487,4.998678904297637,28.82716335189913,0.148864277914844,1e-06,371,19,352,0.05121293800539083,7,6,364,13,0.03571428571428571,1,12,26.590074071789076,-11.55828075945898,0.7406718197526682,25.219613625744927,-12.29895257921165,6.460330523266636,0.2561629459965929,0.7534640477508607,False,False,False,rejected_dominated_within_penalty,False,,,,,False,not_eligible,,False,full
l1,,0.12864372934751678,0.03162277660168379,12,fista,True,"(0, 53, 106, 159, 212, 265, 318)",True,155,2.244480213954594,FISTA a convergé.,0.3637754515718737,1.3623726145244661,11.488133428501271,-0.0003589577134677471,1.545565301386692,4.714860367475385,22.13153424832589,0.4146798802790235,1e-06,371,20,351,0.05390835579514825,7,6,364,14,0.038461538461538464,2,12,37.48091752096254,-11.825318697324988,0.7605643416725636,36.127844848021795,-12.585883038997553,9.777684445692016,0.2706412321804299,0.7687429032414695,False,False,False,rejected_dominated_within_penalty,False,,,,,False,not_eligible,,False,full
l1,,0.09646918770463452,0.023713737056616543,13,fista,True,"(0, 53, 106, 159, 212, 265, 318)",True,256,1.8895980554476628,FISTA a convergé.,0.34591414586838815,1.2318514486000207,10.090504505553852,7.839179693086685e-05,1.6269929022047338,4.745478542841961,21.547705322949398,0.5918274849040849,1e-06,371,21,350,0.05660377358490566,7,6,364,15,0.04120879120879121,2,13,44.399719656592275,-10.74286668494751,0.7771665607890978,43.06151729879313,-11.52003324573661,12.619524058333667,0.29305804462880247,0.7825792743158514,False,False,False,rejected_dominated_within_penalty,False,,,,,False,not_eligible,,False,full
l1,,0.07234168523871116,0.017782794100389222,14,fista,True,"(0, 53, 106, 159, 212, 265, 318)",True,411,1.5843767725440265,FISTA a convergé.,0.33331633302295327,1.0917607045001392,8.532260513817022,-1.4530277632039833e-05,1.7180539546390134,4.923897125369331,20.793782680344435,0.656952262378045,1e-06,371,25,346,0.0673854447439353,7,6,364,19,0.0521978021978022,4,15,53.046155312138715,-9.49574964705996,0.7876030209472611,51.7165360750183,-10.28335266800722,14.896698985856123,0.28804518083437497,0.7701200102419538,False,False,False,rejected_dominated_within_penalty,False,,,,,False,not_eligible,,False,full
l1,,0.0542486108538607,0.013335214321633235,15,fista,True,"(0, 53, 106, 159, 212, 265, 318)",True,391,1.322035487396018,FISTA a convergé.,0.31953798899571106,0.9904926923993181,7.3280424512811635,0.0001506423311622503,1.8061150628001303,5.124781712695723,20.379180529907003,0.6580183953655717,1e-06,371,24,347,0.0646900269541779,7,6,364,18,0.04945054945054945,4,14,59.70832919189138,-8.443706874424077,0.796755434967367,58.37721792727807,-9.240462309391445,16.750886332175618,0.2869421827028929,0.7655055260298814,False,False,False,rejected_dominated_within_penalty,False,,,,,False,not_eligible,,False,full
l1,,0.04068071914363995,0.009999999999999997,16,fista,True,"(0, 53, 106, 159, 212, 265, 318)",True,371,1.1064204117134544,FISTA a convergé.,0.3138100426268879,0.9345700016892098,6.496586351529658,-4.9854274852655244e-05,1.8658786642517005,5.286112334837061,20.29488159824345,0.6729556185110018,1e-06,371,23,348,0.06199460916442048,7,6,364,17,0.046703296703296704,4,13,64.63020855088077,-7.942007069814674,0.8030648759698032,63.28508601032168,-8.74507194578448,17.934818031174995,0.2833972292974345,0.7725321101818399,False,False,False,rejected_dominated_within_penalty,False,,,,,False,not_eligible,,False,full
l1,,0.03050623571729558,0.007498942093324555,17,fista,True,"(0, 53, 106, 159, 212, 265, 318)",True,143,0.9346488352752351,FISTA a convergé.,0.3126960855559958,0.9009498441572406,5.887588403550268,-8.632379762671703e-05,1.9060766455007487,5.417938838037818,21.782690998697525,0.6994966042242902,1e-06,371,24,347,0.0646900269541779,7,6,364,18,0.04945054945054945,4,14,69.02262333517069,-8.049281355328912,0.8076069742808851,67.67419327633586,-8.856888329609793,18.885490623256487,0.27906487996304374,0.7737184251892478,False,False,False,rejected_dominated_within_penalty,False,,,,,False,not_eligible,,False,full
l1,,0.022876449512930892,0.005623413251903488,18,fista,True,"(0, 53, 106, 159, 212, 265, 318)",True,1006,0.7995091619976054,FISTA a convergé.,0.3127456002978248,0.8785975756639217,5.625236281645016,-2.1250681201144695e-05,1.9372634998638307,5.637580515181437,25.272870916296313,0.7562966213555453,1e-06,371,26,345,0.07008086253369272,7,6,364,20,0.054945054945054944,6,14,73.44430319193026,-7.51151804457913,0.8116251372001669,72.05569330273403,-8.323143181779294,19.30746167287363,0.26795192423942776,0.7794320385960599,False,False,False,rejected_dominated_within_penalty,False,,,,,False,not_eligible,,False,full
l1,,0.017154917019833158,0.004216965034285821,19,fista,True,"(0, 53, 106, 159, 212, 265, 318)",True,301,0.6921621999280361,FISTA a convergé.,0.3082250013169579,0.843078249169246,5.38523105690075,0.00015199654607908682,1.9913474631942305,5.77399020717989,27.004563709670748,0.7238976007219987,1e-06,371,30,341,0.08086253369272237,7,6,364,24,0.06593406593406594,7,17,78.68476293328487,-8.847445714049044,0.813233456751713,77.28835211096992,-9.660679170800755,20.16215480309842,0.26086925458249877,0.7712421197760015,False,False,False,rejected_dominated_within_penalty,False,,,,,False,not_eligible,,False,full
l1,,0.012864372934751674,0.003162277660168378,20,fista,True,"(0, 53, 106, 159, 212, 265, 318)",True,285,0.6042226764211378,FISTA a convergé.,0.3016480201308259,0.8111212101846745,5.099478175378891,4.61448869326691e-05,2.0606420914279453,5.910544547026698,28.652400107053438,0.6718718182461519,1e-06,371,39,332,0.10512129380053908,7,6,364,33,0.09065934065934066,15,18,84.33231310129601,-10.636972713371486,0.8135158672323073,82.92709694930087,-11.450488580603796,21.014056712143088,0.25340398356149435,0.7593421584402931,False,False,False,rejected_dominated_within_penalty,False,,,,,False,not_eligible,,False,full
l1,,0.00964691877046345,0.002371373705661654,21,fista,True,"(0, 53, 106, 159, 212, 265, 318)",True,493,0.5330167920609367,FISTA a convergé.,0.2959064592282063,0.790097597232679,4.8660842046099475,-0.00012355363535397778,2.103327408511787,6.021130080980523,30.270477336011737,0.5978426905851291,1e-06,371,43,328,0.11590296495956873,7,6,364,37,0.10164835164835165,18,19,88.74076940898354,-11.510848755806046,0.8109926903049228,87.31737078706941,-12.321841446110973,21.289507702856096,0.24381755326522958,0.7419257993437004,False,False,False,rejected_dominated_within_penalty,False,,,,,False,not_eligible,,False,full
l1,,0.007234168523871117,0.001778279410038922,22,fista,True,"(0, 53, 106, 159, 212, 265, 318)",True,408,0.47593231921346535,FISTA a convergé.,0.29220609627205846,0.7735664235128977,4.681437894848742,-0.00016798645584784486,2.1407887128332392,6.1472900025871855,31.630870432786935,0.5555968572700567,1e-06,371,46,325,0.12398921832884097,7,6,364,40,0.10989010989010989,18,22,93.52804494977036,-13.179188448546011,0.8076530439757635,92.09788547359557,-13.986841492521778,21.70022692126039,0.23562133712051228,0.7333260079809476,False,False,False,rejected_dominated_within_penalty,False,,,,,False,not_eligible,,False,full
l1,,0.00542486108538607,0.0013335214321633236,23,fista,True,"(0, 53, 106, 159, 212, 265, 318)",True,748,0.42867746879550095,FISTA a convergé.,0.28494317604156727,0.7483055240136698,4.428004798415728,-2.2341816380628326e-05,2.189660130350141,6.4110554965770215,33.88591432684198,0.42091730316366627,1e-06,371,52,319,0.14016172506738545,7,6,364,46,0.12637362637362637,22,24,99.94180016977118,-18.962303662695856,0.7992229323688885,98.48103310816944,-19.761526595064748,21.612371413044876,0.21945719628373836,0.7255551217675171,False,False,False,rejected_dominated_within_penalty,False,,,,,False,not_eligible,,False,full
l1,,0.004068071914363997,0.001,24,fista,True,"(0, 53, 106, 159, 212, 265, 318)",True,805,0.38857384687600754,FISTA a convergé.,0.27703753890038585,0.719982750244649,4.183097564955503,-6.733041955016006e-05,2.2958530380004976,6.7381099019336865,36.10751072046619,0.2611375779255848,1e-06,371,58,313,0.15633423180592992,7,6,364,52,0.14285714285714285,28,24,105.53280326630603,-22.986918646368363,0.7862337812206848,104.04718829091554,-23.773152427589046,21.749951136878316,0.20903929740095942,0.721819757155078,False,False,False,rejected_dominated_within_penalty,False,,,,,False,not_eligible,,False,full
l2,,7939.15833527254,100.0,0,fista,True,"(0, 53, 106, 159, 212, 265, 318)",True,2,12.335574728114631,FISTA a convergé.,1.6467923318462971,4.965074941564673,29.89711764658628,-0.0010747010124643925,1.6623930008005,5.212857735880223,29.785850254277747,-0.8799933967815846,1e-06,371,143,228,0.38544474393531,7,6,364,137,0.37637362637362637,59,78,1.5135410770429065,0.650119055839754,0.653917803575715,0.03083117258217414,-0.0037987477359606673,0.0036663632699935472,0.11891741257072241,0.3677628355292828,True,False,False,rejected_more_than_maximum_options,False,,,,,False,not_eligible,,False,full
l2,,4464.516819153166,56.2341325190349,1,fista,True,"(0, 53, 106, 159, 212, 265, 318)",True,2,12.328119302645236,FISTA a convergé.,1.6466116623105032,4.962078169469332,29.87176981107997,-0.0018891806190494108,1.6619064136420312,5.209534624638046,29.761746751138944,-0.879518381672383,1e-06,371,178,193,0.4797843665768194,7,6,364,172,0.4725274725274725,83,89,1.5375250758318795,0.6472208164954849,0.6539179139489432,0.05481517881020306,-0.006697097453457977,0.006514675371397988,0.11884801824609528,0.3675185117235421,True,False,False,rejected_more_than_maximum_options,False,,,,,False,not_eligible,,False,full
l2,,2510.582304417193,31.622776601683785,2,fista,True,"(0, 53, 106, 159, 212, 265, 318)",True,2,12.314908285927107,FISTA a convergé.,1.6462742815678495,4.956775223941957,29.82695983827037,-0.003293183424313797,1.661022225046211,5.2036262337078005,29.7188601484129,-0.8786398272665915,1e-06,371,208,163,0.5606469002695418,7,6,364,202,0.554945054945055,111,91,1.5800849061973452,0.6422016394989157,0.6539182533510417,0.09737503276084744,-0.011716613852126011,0.011566509976855925,0.1187831176936619,0.36726664426533895,True,False,False,rejected_more_than_maximum_options,False,,,,,False,not_eligible,,False,full
l2,,1411.8041800654048,17.782794100389225,3,fista,True,"(0, 53, 106, 159, 212, 265, 318)",True,3,12.291560915250185,FISTA a convergé.,1.6456128085181412,4.94740426293173,29.74797085653387,-0.005635399645331458,1.6593750555672935,5.19308790343053,29.642275132882475,-0.8769476523760825,1e-06,371,217,154,0.5849056603773585,7,6,364,211,0.5796703296703297,118,93,1.6556067121174092,0.6335554392655856,0.6539201019998104,0.1728969790449687,-0.02036466273422492,0.020532462074611225,0.1187554703848871,0.36708127503766774,True,False,False,rejected_more_than_maximum_options,False,,,,,False,not_eligible,,False,full
l2,,793.9158335272539,9.999999999999998,4,fista,True,"(0, 53, 106, 159, 212, 265, 318)",True,3,12.250491083536547,FISTA a convergé.,1.6443093023219184,4.930965543593226,29.6098353355532,-0.00939601326483144,1.6562986991143007,5.174344056350591,29.505764929525597,-0.8736247288086488,1e-06,371,230,141,0.6199460916442049,7,6,364,224,0.6153846153846154,121,103,1.789082432467512,0.6190391301769584,0.653925444028163,0.30637315263367304,-0.0348863138512044,0.036372645489676184,0.11872008097643774,0.36680161069351275,False,False,False,rejected_more_than_maximum_options,False,,,,,False,not_eligible,,False,full
l2,,446.45168191531656,5.62341325190349,5,fista,True,"(0, 53, 106, 159, 212, 265, 318)",True,4,12.17880935270004,FISTA a convergé.,1.6418242638345266,4.902439857463373,29.371437045897025,-0.014902530834725604,1.650634070050738,5.141088156131119,29.262741360406494,-0.8668239338819329,1e-06,371,238,133,0.6415094339622641,7,6,364,232,0.6373626373626373,129,103,2.0233056894891632,0.5953841009716865,0.6539449245879415,0.5405984281762252,-0.058560823616254434,0.06418963836861019,0.11873811506474737,0.36656069852357576,False,False,False,rejected_more_than_maximum_options,False,,,,,False,not_eligible,,False,full
l2,,251.0582304417193,3.1622776601683786,6,fista,True,"(0, 53, 106, 159, 212, 265, 318)",True,280,12.052890731941103,FISTA a convergé.,1.6113297248272984,4.852196454733674,29.066037464995077,-4.3863921917224815e-05,1.6078648332258039,5.069118286603736,28.807048145198266,-0.8323149579061035,1e-06,371,218,153,0.5876010781671159,7,6,364,212,0.5824175824175825,95,117,2.4065276572653627,0.5283842279813598,0.6559400674855232,0.9351614910693842,-0.1275558395041635,0.11315941582343289,0.1210052134354162,0.37318303282437165,True,False,False,rejected_more_than_maximum_options,False,,,,,False,not_eligible,,False,full
l2,,141.18041800654046,1.7782794100389223,7,fista,True,"(0, 53, 106, 159, 212, 265, 318)",True,238,11.840700589368604,FISTA a convergé.,1.5852297779121518,4.768609402089732,28.432972137274206,-0.00015791505851944345,1.5679858295275058,4.961348497837711,28.04978722932495,-0.7971188726771354,1e-06,371,240,131,0.6469002695417789,7,6,364,234,0.6428571428571429,113,121,3.073563463880482,0.42332263346825516,0.6573802476365729,1.6095754551259778,-0.2340576141683178,0.19743624229705245,0.12266355185044715,0.37746836288544844,True,False,False,rejected_more_than_maximum_options,False,,,,,False,not_eligible,,False,full
l2,,79.39158335272539,0.9999999999999998,8,fista,True,"(0, 53, 106, 159, 212, 265, 318)",True,207,11.492056535270816,FISTA a convergé.,1.5426308746466133,4.633200560182514,27.386867438333624,-0.0001664529270091148,1.5025205549852283,4.783505252379566,26.768257201784238,-0.7385595118738285,1e-06,371,255,116,0.6873315363881402,7,6,364,249,0.6840659340659341,120,129,4.162711317082012,0.22594508503382493,0.6597259796448346,2.7114507493518705,-0.4337808946110096,0.33994371597238765,0.12537336923919634,0.38481939155820927,False,False,False,rejected_more_than_maximum_options,False,,,,,False,not_eligible,,False,full
l2,,44.64516819153165,0.562341325190349,9,fista,True,"(0, 53, 106, 159, 212, 265, 318)",True,191,10.947079326109094,FISTA a convergé.,1.4757194420630666,4.426105655163141,25.733211105787447,0.00036467237248234913,1.4003574786341177,4.504865126634741,24.668870215334593,-0.6455101786680281,1e-06,371,260,111,0.7008086253369272,7,6,364,254,0.6978021978021978,113,141,5.850159632584361,-0.14366286626622582,0.6633525787019262,4.418278348190726,-0.8070154449681526,0.5731048609572754,0.1297122579866342,0.3967682088814714,False,False,False,rejected_more_than_maximum_options,False,,,,,False,not_eligible,,False,full
l2,,25.10582304417193,0.3162277660168379,10,fista,True,"(0, 53, 106, 159, 212, 265, 318)",True,191,10.153983959166194,FISTA a convergé.,1.3781683563737699,4.1338324197569305,23.4588047038108,1.9811766178810962e-05,1.2532303433400789,4.102942844374458,21.647713447581765,-0.5095402056231545,1e-06,371,256,115,0.6900269541778976,7,6,364,250,0.6868131868131868,122,128,8.287988617998854,-0.7939566726192566,0.6684183911189867,6.875069573050752,-1.4623750637382438,0.93604167230625,0.13615013817102214,0.41389783278345876,False,False,False,rejected_more_than_maximum_options,False,,,,,False,not_eligible,,False,full
l2,,14.118041800654048,0.17782794100389226,11,fista,True,"(0, 53, 106, 159, 212, 265, 318)",True,200,9.10180015096893,FISTA a convergé.,1.2482419998325087,3.7603280724043753,21.663256207740275,0.00030505300124651234,1.0629104496555553,3.593195892501243,20.93594963567398,-0.32698994678407184,1e-06,371,260,111,0.7008086253369272,7,6,364,254,0.6978021978021978,118,136,11.505013499170005,-1.8382461453549022,0.6751055405324012,10.101595686921414,-2.513351685887303,1.4628042121033615,0.1448092219724515,0.4355652245899842,False,False,False,rejected_more_than_maximum_options,False,,,,,False,not_eligible,,False,full
l2,,7.9391583352725394,0.09999999999999999,12,fista,True,"(0, 53, 106, 159, 212, 265, 318)",True,237,7.8474644315637345,FISTA a convergé.,1.102267030936314,3.333082596789186,19.552347886848835,9.309494836529097e-05,0.8494454295879208,3.07055120954274,20.26089509475402,-0.11276116706881302,1e-06,371,259,112,0.6981132075471698,7,6,364,253,0.695054945054945,112,141,15.455068369616779,-3.272848002665002,0.6834021725252084,14.061795159545516,-3.95625017519021,2.158539641609322,0.15350384621013685,0.4539990839192831,False,False,False,rejected_more_than_maximum_options,False,,,,,False,not_eligible,,False,full
l2,,4.4645168191531655,0.0562341325190349,13,fista,True,"(0, 53, 106, 159, 212, 265, 318)",True,381,6.509570591861133,FISTA a convergé.,0.9521825935084428,2.896504510476456,17.303140045363364,0.00011473708901049583,0.6641851671971443,2.704759070780565,19.78353576825583,0.10745274494508218,1e-06,371,259,112,0.6981132075471698,7,6,364,253,0.695054945054945,120,133,19.96534682116654,-4.873828532327569,0.693474273049001,18.581590463564257,-5.5673028053765705,2.971202650112418,0.15990034092821634,0.46170519501093044,True,False,False,rejected_more_than_maximum_options,False,,,,,False,not_eligible,,False,full
l2,,2.510582304417193,0.03162277660168379,14,fista,True,"(0, 53, 106, 159, 212, 265, 318)",True,209,5.226023852649801,FISTA a convergé.,0.8041089609519569,2.4950102782934827,15.082214346328968,-0.00044091438334987744,0.5985821215212229,2.612336593557453,19.60125680925249,0.3014741676088858,1e-06,371,260,111,0.7008086253369272,7,6,364,254,0.6978021978021978,102,152,24.59133387121417,-6.342444486558227,0.7064632681794478,23.20988922101185,-7.048907754737673,3.785088008581548,0.1630808304399367,0.4690346056990159,True,False,False,rejected_more_than_maximum_options,False,,,,,False,not_eligible,,False,full
l2,,1.4118041800654049,0.017782794100389226,15,fista,True,"(0, 53, 106, 159, 212, 265, 318)",True,429,4.10318194397906,FISTA a convergé.,0.6707656818510921,2.1580331758555023,13.197585113383326,0.00015771090106026818,0.7257749075759998,2.723143143933603,19.683184370726863,0.4530568734462136,1e-06,371,260,111,0.7008086253369272,7,6,364,254,0.6978021978021978,107,147,30.03827468912668,-7.26022630079869,0.720298187489429,28.660012602270882,-7.980524488288122,4.450126887572484,0.1552730261960833,0.45568752927520567,False,False,False,rejected_more_than_maximum_options,False,,,,,False,not_eligible,,False,full
l2,,0.7939158335272539,0.009999999999999998,16,fista,True,"(0, 53, 106, 159, 212, 265, 318)",True,256,3.188126113096036,FISTA a convergé.,0.5653238546744321,1.8870856329810872,11.992175154961828,3.0030976126916976e-05,0.8404441699420256,2.890030392780726,19.91602879551786,0.5595082559490483,1e-06,371,259,112,0.6981132075471698,7,6,364,253,0.695054945054945,82,171,35.38957790821999,-7.60189498579898,0.7378248096408133,34.019248160211234,-8.339719795439795,4.870081159784618,0.1431566369970705,0.43914428606194095,False,False,False,rejected_more_than_maximum_options,False,,,,,False,not_eligible,,False,full
l2,,0.44645168191531653,0.00562341325190349,17,fista,True,"(0, 53, 106, 159, 212, 265, 318)",True,338,2.4735532090728682,FISTA a convergé.,0.4793873567704065,1.6656155196582174,10.91870342090212,2.130117151596759e-05,0.9476471310797379,3.0583562306028056,20.17474529510342,0.6287227218118602,1e-06,371,260,111,0.7008086253369272,7,6,364,254,0.6978021978021978,83,171,40.20621647839081,-7.187887615161184,0.7566483252876914,38.847094237935295,-7.944535940448878,5.04896419495264,0.1299701893796263,0.45540099863254835,False,False,False,rejected_more_than_maximum_options,False,,,,,False,not_eligible,,False,full
l2,,0.2510582304417193,0.003162277660168379,18,fista,True,"(0, 53, 106, 159, 212, 265, 318)",True,445,1.9232306208529235,FISTA a convergé.,0.4145904705775043,1.4733754961352912,9.94133472418035,2.0281298579208044e-05,1.0466422862101794,3.2613768017428995,20.3889562960091,0.6657852128802939,1e-06,371,248,123,0.6684636118598383,7,6,364,242,0.6648351648351648,92,150,46.13942913742628,-6.233176695493791,0.7784079502271976,44.79520376308791,-7.011584645720987,6.496963439893189,0.1450370328541023,0.46493338706507614,True,False,False,rejected_more_than_maximum_options,False,,,,,False,not_eligible,,False,full
l2,,0.14118041800654046,0.0017782794100389223,19,fista,True,"(0, 53, 106, 159, 212, 265, 318)",True,577,1.4964225602157373,FISTA a convergé.,0.36613240274367265,1.2977914516722904,8.990506512312308,1.5548095909383934e-05,1.1481440956254683,3.557107964088711,20.528838546209045,0.675097883633469,1e-06,371,260,111,0.7008086253369272,7,6,364,254,0.6978021978021978,102,152,53.898996634798294,-4.911960386891948,0.8027525108607847,52.571366450321456,-5.714712897752732,8.647266291966455,0.16448623796259684,0.4686119461585102,False,False,False,rejected_more_than_maximum_options,False,,,,,False,not_eligible,,False,full
l2,,0.07939158335272539,0.0009999999999999998,20,fista,True,"(0, 53, 106, 159, 212, 265, 318)",True,758,1.161622629562628,FISTA a convergé.,0.3367778037583778,1.1378185167912491,7.99803989116964,1.2189724391712768e-05,1.3599220757120891,3.9593680170800623,20.577158786425002,0.6605368046412576,1e-06,371,260,111,0.7008086253369272,7,6,364,254,0.6978021978021978,103,151,61.82261121570679,-3.312497407706317,0.8277727975335262,60.47958151315791,-4.140270205239846,11.049668646854617,0.18270081191700469,0.49165892830708435,False,False,False,rejected_more_than_maximum_options,False,,,,,False,not_eligible,,False,full
l2,,0.04464516819153166,0.000562341325190349,21,fista,True,"(0, 53, 106, 159, 212, 265, 318)",True,127,0.9001761660156782,FISTA a convergé.,0.3195312972135421,0.9954241098597674,6.905018190769326,-0.00018769606542545287,1.5517875903777258,4.411436074163839,20.558502302249096,0.6519349332902091,1e-06,371,260,111,0.7008086253369272,7,6,364,254,0.6978021978021978,120,134,71.6188055251757,0.07276698277504678,0.8293278387647163,70.2748905715982,-0.7565608559896724,13.671516531336195,0.19454340547719867,0.5224762902439016,False,False,False,rejected_more_than_maximum_options,False,,,,,False,not_eligible,,False,full
l2,,0.025105823044171933,0.0003162277660168379,22,fista,True,"(0, 53, 106, 159, 212, 265, 318)",True,1149,0.7000094552333901,FISTA a convergé.,0.3113075601569672,0.8964495658663483,5.945214503586783,8.568160399372952e-06,1.703581407933002,4.768450829258251,20.316656650710613,0.5991383955732067,1e-06,371,260,111,0.7008086253369272,7,6,364,254,0.6978021978021978,115,139,78.063120716398,1.380683583117312,0.8617385324408416,76.68031338902662,0.518945050676475,15.861020658942426,0.20684605941128334,0.5567334743557842,False,False,False,rejected_more_than_maximum_options,False,,,,,False,not_eligible,,False,full
l2,,0.014118041800654048,0.00017782794100389224,23,fista,True,"(0, 53, 106, 159, 212, 265, 318)",True,309,0.5532184950175989,FISTA a convergé.,0.30455941466679504,0.8212603067598124,5.044264450638522,-5.583387370206891e-05,1.77464745073375,4.942753971312032,20.997547882567332,0.5860659434295873,1e-06,371,260,111,0.7008086253369272,7,6,364,254,0.6978021978021978,118,136,91.75660106291598,4.58067782760817,0.8619967401937013,90.37146091219518,3.718681087414476,17.874672996130943,0.19779112582342737,0.5387944214898519,False,False,False,rejected_more_than_maximum_options,False,,,,,False,not_eligible,,False,full
l2,,0.00793915833527254,0.0001,24,fista,True,"(0, 53, 106, 159, 212, 265, 318)",True,366,0.448640689644473,FISTA a convergé.,0.2962506130133192,0.7700481404379294,4.557684948490007,-6.437259138662752e-05,1.7410799603269806,4.987576054388766,23.328881121348353,0.5976737939296087,1e-06,371,260,111,0.7008086253369272,7,6,364,254,0.6978021978021978,122,132,107.00382854634994,7.140305368825812,0.8604820559557158,105.61501535317872,6.279823312870102,19.442344811608102,0.1840869382690758,0.5142664519258292,False,False,False,rejected_more_than_maximum_options,False,,,,,False,not_eligible,,False,full
elastic_net,0.5,8.136143828727993,1.0,0,fista,True,"(0, 53, 106, 159, 212, 265, 318)",True,1,12.345182208167731,FISTA a convergé.,1.647013936545112,4.968939969081481,29.929840056689343,5.1159076974727215e-14,1.6630056387483927,5.217125778643559,29.816788867004263,-0.880581432127658,1e-06,371,6,365,0.016172506738544475,7,6,364,0,0.0,0,0,1.4827099059319893,0.653917780891731,0.653917780891731,0.0,0.0,0.0,0.0,0.0,True,False,False,rejected_fewer_than_minimum_options,False,,,,,False,not_eligible,,False,full
elastic_net,0.5,6.101247143459118,0.7498942093324558,1,fista,True,"(0, 53, 106, 159, 212, 265, 318)",True,134,12.134033570957314,FISTA a convergé.,1.5327735968787395,4.592874804561238,26.913315686101754,-0.00019740971033207366,1.5938565242811924,5.166217081919451,29.818094620825903,-0.8127057070808481,1e-06,371,9,362,0.02425876010781671,7,6,364,3,0.008241758241758242,0,3,2.495422483913769,-0.35920660960344275,0.6577827599848591,1.0169893695883019,-1.0169893695883019,0.6460050279190688,0.6352131568303264,1.0,True,True,True,candidate,False,0.2572874586950336,2.0935372896511764,0.02304222315738788,4.570696099611481,False,not_eligible,,False,full
elastic_net,0.5,4.575289902586181,0.5623413251903491,2,fista,True,"(0, 53, 106, 159, 212, 265, 318)",True,95,11.47577162672668,FISTA a convergé.,1.3973136076323862,4.131316157178719,23.206336478563586,0.0031897517740922866,1.5067947414602176,5.094368824814716,29.798558601711463,-0.7196105992466753,1e-06,371,11,360,0.029649595687331536,7,6,364,5,0.013736263736263736,0,5,3.974023030415048,-1.835256974656345,0.6634282723721066,2.498685247028451,-2.498685247028451,1.5705375704810016,0.628545581060582,1.0,False,False,False,rejected_dominated_within_penalty,False,,,,,False,not_eligible,,False,full
elastic_net,0.5,3.4309834039666325,0.4216965034285822,3,fista,True,"(0, 53, 106, 159, 212, 265, 318)",True,132,10.491514895609374,FISTA a convergé.,1.2429625560521862,3.6623924374801913,20.787952751602134,-1.7883301969353244e-05,1.4028303683081498,5.021589632291834,29.820948607675533,-0.6286636489461841,1e-06,371,11,360,0.029649595687331536,7,6,364,5,0.013736263736263736,0,5,6.069509547010613,-3.933527593470184,0.6689384395536278,4.602466033023812,-4.602466033023812,2.3907131098891954,0.5194417715927174,1.0,True,True,True,candidate,True,0.2572874586950336,1.9489098400235587,-0.3622633237745056,4.454632229290156,True,kept_representative,,True,full
elastic_net,0.5,2.572874586950336,0.31622776601683794,4,fista,True,"(0, 53, 106, 159, 212, 265, 318)",True,94,9.352304144452903,FISTA a convergé.,1.1101807111675723,3.2544157859349876,19.655430094617515,0.003094084540005879,1.314112629496214,4.950581833215746,29.798643241371295,-0.5370093158608512,1e-06,371,13,358,0.03504043126684636,7,6,364,7,0.019230769230769232,0,7,8.044045883352773,-5.905029761959584,0.6751279492355603,6.580157711195144,-6.580157711195144,3.1272931988380135,0.47526113143418985,0.986049908976996,True,True,True,candidate,True,0.2572874586950336,1.877902040947471,-0.5311201820406767,4.403479855937758,True,kept_representative,,True,full
elastic_net,0.5,1.929383754092691,0.23713737056616555,5,fista,True,"(0, 53, 106, 159, 212, 265, 318)",True,133,8.19727824933624,FISTA a convergé.,0.9794699065059951,2.9246070092528624,18.611921946465557,0.0002523516204835769,1.2164484933972337,4.892868168004115,29.817982308476346,-0.4610522668286038,1e-06,371,14,357,0.03773584905660377,7,6,364,8,0.02197802197802198,0,8,9.701596275754962,-7.566579634481592,0.6801879935466629,8.246767628028255,-8.246767628028255,3.7711451124999433,0.45728766500986007,0.9784313169595207,True,True,True,candidate,True,0.2572874586950336,1.8201883757358397,-0.7147199643157316,4.37351483287618,True,kept_representative,,True,full
elastic_net,0.5,1.446833704774224,0.1778279410038923,6,fista,True,"(0, 53, 106, 159, 212, 265, 318)",True,135,7.117992768217987,FISTA a convergé.,0.8811155173942781,2.6697495654973777,17.64626930685543,2.2153111909201723e-05,1.1540186006395914,4.843572860134327,29.817568013701106,-0.3946092298102793,1e-06,371,15,356,0.04043126684636118,7,6,364,9,0.024725274725274724,0,9,11.179575008167138,-9.05245526856664,0.6849516393061923,9.737406907872833,-9.737406907872833,4.29577341437346,0.44116194948167003,0.9532716793197145,True,True,True,candidate,True,0.2572874586950336,1.7708930678660524,-0.8513985877350956,4.352033449317588,True,kept_representative,,True,full
elastic_net,0.5,1.0849722170772145,0.1333521432163324,7,fista,True,"(0, 53, 106, 159, 212, 265, 318)",True,129,6.138688364403506,FISTA a convergé.,0.7862660353962515,2.396707806619902,16.637593946679473,8.845209884474532e-05,0.9692655860631667,3.956148121381694,21.582612433360254,-0.15423035380951855,1e-06,371,23,348,0.06199460916442048,7,6,364,17,0.046703296703296704,6,11,14.201274991421055,-8.451591758157857,0.6834355744520437,12.788554201993415,-9.1350273326099,4.701533653036592,0.3676360578980649,0.8071062530989223,False,False,False,rejected_dominated_within_penalty,False,,,,,False,not_eligible,,False,full
elastic_net,0.5,0.8136143828727994,0.1,8,fista,True,"(0, 53, 106, 159, 212, 265, 318)",True,130,5.251062867079355,FISTA a convergé.,0.7013727727846206,2.173741150720124,15.714321478944782,-0.0001938212671007812,0.8524648446893385,3.375113861653289,21.15209136058624,0.05348377465313471,1e-06,371,23,348,0.06199460916442048,7,6,364,17,0.046703296703296704,6,11,16.966309891566638,-7.574281468701966,0.681667049905332,15.550897613534014,-8.255948518607298,5.005971924192352,0.3219088729537794,0.7637440220018735,True,True,True,candidate,True,0.2572874586950336,0.30243406938501405,-1.0063779997249815,1.500108368561511,True,kept_representative,,True,full
elastic_net,0.5,0.6101247143459119,0.07498942093324558,9,fista,True,"(0, 53, 106, 159, 212, 265, 318)",True,137,4.4807988847418905,FISTA a convergé.,0.6366804487704946,2.0083718633425796,14.806500839771246,-0.0004931176705053275,0.8066442644039007,3.0889215001725,20.86320449605917,0.2148233732417322,1e-06,371,24,347,0.0646900269541779,7,6,364,18,0.04945054945054945,6,12,19.524751742669082,-7.026942068335047,0.6797722814596335,18.1030688370239,-7.706714349794677,5.17065399916933,0.28562306455988556,0.7333881707124907,True,True,True,candidate,True,0.2572874586950336,0.016241707904224967,-0.8791427888889565,0.7454980488030591,True,kept_representative,,True,full
elastic_net,0.5,0.45752899025861804,0.05623413251903491,10,fista,True,"(0, 53, 106, 159, 212, 265, 318)",True,151,3.82883158261085,FISTA a convergé.,0.5737161495300829,1.8710612434045082,13.935588260041868,-0.0006664544302467274,0.8289584277206302,3.0731345481512915,20.776426773655714,0.3051817389754708,1e-06,371,27,344,0.07277628032345014,7,6,364,21,0.057692307692307696,6,15,21.8386094757398,-7.188241468341133,0.6860703839249678,20.41828093294988,-7.874311852266098,5.200503003894659,0.2546983764682353,0.7096988610299164,True,True,True,candidate,True,0.2572874586950336,0.00045475588301657766,-0.6809184177800035,0.6291239599301112,True,kept_representative,,True,full
elastic_net,0.5,0.34309834039666326,0.042169650342858224,11,fista,True,"(0, 53, 106, 159, 212, 265, 318)",True,182,3.279433755076822,FISTA a convergé.,0.5029858907414523,1.7508407790817897,13.17631746813376,0.0006485001916266874,0.8762395344795259,3.1307174113636242,20.755739725309,0.37857166633999456,1e-06,371,30,341,0.08086253369272237,7,6,364,24,0.06593406593406594,7,17,24.47864134652087,-7.4912111374365065,0.6961555234101526,23.06370368939271,-8.18736666084666,5.133769717879115,0.22259086341974646,0.6803791609034784,False,False,False,rejected_dominated_within_penalty,False,,,,,False,not_eligible,,False,full
elastic_net,0.5,0.2572874586950336,0.0316227766016838,12,fista,True,"(0, 53, 106, 159, 212, 265, 318)",True,213,2.8150347364087405,FISTA a convergé.,0.4377219155284354,1.6262091595689367,12.338321649836558,-0.00012862776339718588,0.8514990594171112,3.072679792268275,20.8101362229,0.5782102303609679,1e-06,371,29,342,0.07816711590296496,7,6,364,23,0.06318681318681318,7,16,29.55490477431011,-6.633948836154657,0.7034268446301595,28.14323590965351,-7.337375680784815,5.762599358744761,0.2047596579598763,0.627906478655673,True,True,True,candidate,True,0.2572874586950336,0.0,0.0,0.0,True,kept_representative,,True,full
elastic_net,0.5,0.1929383754092691,0.02371373705661655,13,fista,True,"(0, 53, 106, 159, 212, 265, 318)",True,90,2.4145439431884093,FISTA a convergé.,0.4038375157075764,1.4916014617269222,11.350614375458775,-0.00029399288769664305,0.9995080992751639,3.2991304742998366,20.84117891538638,0.706191164528579,1e-06,371,31,340,0.08355795148247978,7,6,364,25,0.06868131868131869,8,17,34.9738701363967,-6.150725809584173,0.7134527682547988,33.56946241792599,-6.864178577838969,7.386083278360295,0.22002387724910807,0.599762767124356,False,False,False,rejected_dominated_within_penalty,False,,,,,False,not_eligible,,False,full
elastic_net,0.5,0.14468337047742238,0.01778279410038923,14,fista,True,"(0, 53, 106, 159, 212, 265, 318)",True,100,2.0661785518400784,FISTA a convergé.,0.37934994046058595,1.369910003507155,10.353652451600084,0.0008556816359306731,1.1523427768758054,3.568653509232579,20.86826650449656,0.779162221059969,1e-06,371,32,339,0.0862533692722372,7,6,364,26,0.07142857142857142,9,17,40.11392863903142,-6.270751547740388,0.7258979189626918,38.71997042556897,-6.996649466703076,9.006907635842543,0.23261659388806705,0.626310003508501,False,False,False,rejected_dominated_within_penalty,False,,,,,False,not_eligible,,False,full
elastic_net,0.5,0.10849722170772144,0.01333521432163324,15,fista,True,"(0, 53, 106, 159, 212, 265, 318)",True,109,1.7637333376049482,FISTA a convergé.,0.3520798259642261,1.2513320909128232,9.454624083262516,0.0010990355427033982,1.2670878398409793,3.814325058504097,20.796374154800276,0.8171996879188976,1e-06,371,34,337,0.09164420485175202,7,6,364,28,0.07692307692307693,9,19,46.20106472766311,-6.047907978694174,0.7389502013451509,44.818442422408594,-6.786858180039326,10.573074256772117,0.2359090072145329,0.6306871024981535,False,False,False,rejected_dominated_within_penalty,False,,,,,False,not_eligible,,False,full
elastic_net,0.5,0.08136143828727992,0.009999999999999998,16,fista,True,"(0, 53, 106, 159, 212, 265, 318)",True,372,1.502151998404302,FISTA a convergé.,0.3244260550954221,1.1531593188550096,8.635078398557113,0.0001267371679432077,1.3850569099497585,4.081954989799505,20.769995778731257,0.6522493879436057,1e-06,371,35,336,0.09433962264150944,7,6,364,29,0.07967032967032966,8,21,49.82011904574506,-8.01523280784456,0.76763455655246,48.46490069268184,-8.782867364397019,11.878915039352401,0.24510346394140262,0.6546120651468208,False,False,False,rejected_dominated_within_penalty,False,,,,,False,not_eligible,,False,full
elastic_net,0.5,0.061012471434591174,0.007498942093324557,17,fista,True,"(0, 53, 106, 159, 212, 265, 318)",True,127,1.2800788070125448,FISTA a convergé.,0.3162057969621639,1.0659218510268544,7.851112365182786,0.0005109377510666412,1.464643131370734,4.31375683763323,20.686942998202994,0.691884391701755,1e-06,371,39,332,0.10512129380053908,7,6,364,33,0.09065934065934066,8,25,55.63538988034843,-7.82741549447763,0.7760605234676514,54.28568551211134,-8.603476017945283,13.394152456960827,0.24673451814424524,0.6661082454961555,False,False,False,rejected_dominated_within_penalty,False,,,,,False,not_eligible,,False,full
elastic_net,0.5,0.04575289902586179,0.005623413251903489,18,fista,True,"(0, 53, 106, 159, 212, 265, 318)",True,454,1.0921889866479666,FISTA a convergé.,0.31164688935063833,0.9968819172295558,7.1631605020155575,-3.5164664835699945e-05,1.6824864502639978,4.829557467069756,20.519738056263094,0.5282003278522007,1e-06,371,37,334,0.09973045822102426,7,6,364,31,0.08516483516483517,8,23,59.073579681391365,-9.584430381013563,0.7971193569838608,57.708500149094604,-10.381549737997423,14.822354363425623,0.25684871942834875,0.6888748086193035,False,False,False,rejected_dominated_within_penalty,False,,,,,False,not_eligible,,False,full
elastic_net,0.5,0.034309834039666316,0.004216965034285821,19,fista,True,"(0, 53, 106, 159, 212, 265, 318)",True,221,0.9359948466510433,FISTA a convergé.,0.3086917567659028,0.9427125749266982,6.515483108517472,-0.00013226886949636215,1.7751723781196285,5.081966449403839,20.350607733525877,0.5128779609552885,1e-06,371,41,330,0.1105121293800539,7,6,364,35,0.09615384615384616,12,23,63.67727566602266,-9.966061370675245,0.8052712998894859,62.3071242150474,-10.77133267056473,16.135038587917773,0.2589597705108191,0.7068645081475954,False,False,False,rejected_dominated_within_penalty,False,,,,,False,not_eligible,,False,full
elastic_net,0.5,0.025728745869503352,0.0031622776601683785,20,fista,True,"(0, 53, 106, 159, 212, 265, 318)",True,157,0.8079836734073439,FISTA a convergé.,0.3059645351180754,0.9028228598887976,5.974423500091461,-0.0003230185278591967,1.8326216747749497,5.219115583436574,20.233877594121196,0.5394375404314322,1e-06,371,37,334,0.09973045822102426,7,6,364,31,0.08516483516483517,8,23,68.26577251604598,-9.77395186796163,0.8090798616823339,66.89388257767281,-10.583031729643958,17.20163081238476,0.25714804029219485,0.7124251492673656,False,False,False,rejected_dominated_within_penalty,False,,,,,False,not_eligible,,False,full
elastic_net,0.5,0.019293837540926905,0.0023713737056616545,21,fista,True,"(0, 53, 106, 159, 212, 265, 318)",True,200,0.7038902197519099,FISTA a convergé.,0.3020063862277569,0.868396592092032,5.481039416645615,5.359883791492671e-05,1.8921693695567379,5.365827499812072,21.591048093682275,0.5345658162610766,1e-06,371,48,323,0.1293800539083558,7,6,364,42,0.11538461538461539,19,23,72.82537142811097,-9.6751731019035,0.8117023496642871,71.45100606619626,-10.486875451567789,18.163572887690137,0.2542101768428897,0.7142832991758706,False,False,False,rejected_dominated_within_penalty,False,,,,,False,not_eligible,,False,full
elastic_net,0.5,0.014468337047742235,0.0017782794100389223,22,fista,True,"(0, 53, 106, 159, 212, 265, 318)",True,210,0.6180386826817089,FISTA a convergé.,0.2965342707990944,0.8353574509666974,5.155235725462333,6.482541711333075e-05,1.965018169326891,5.550904026837605,23.143561703855426,0.49434804344454714,1e-06,371,55,316,0.14824797843665768,7,6,364,49,0.1346153846153846,24,25,78.34135126029376,-9.809428463526094,0.8124166428915813,76.9642495104461,-10.621845106417673,19.09605335101353,0.2481158911115178,0.7082546140215433,False,False,False,rejected_dominated_within_penalty,False,,,,,False,not_eligible,,False,full
elastic_net,0.5,0.010849722170772142,0.0013335214321633238,23,fista,True,"(0, 53, 106, 159, 212, 265, 318)",True,821,0.5470061948016821,FISTA a convergé.,0.2943323478282092,0.8052399704452885,4.90007155763648,2.760334438534073e-06,2.0734901117257167,5.872868200077155,25.322590720248037,0.391815970819477,1e-06,371,62,309,0.16711590296495957,7,6,364,56,0.15384615384615385,29,27,83.67249869057416,-10.279466749634528,0.8118637892992401,82.27287684536032,-11.09133053893376,19.83931132632105,0.24114036225584914,0.7038123851383413,False,False,False,rejected_dominated_within_penalty,False,,,,,False,not_eligible,,False,full
elastic_net,0.5,0.008136143828727994,0.001,24,fista,True,"(0, 53, 106, 159, 212, 265, 318)",True,281,0.4888085914894039,FISTA a convergé.,0.29219236861183395,0.7826080624606006,4.732990229685512,-1.1241591986927485e-05,2.137046726568538,6.057682135061087,26.408544965603618,0.33842012405656646,1e-06,371,70,301,0.18867924528301888,7,6,364,64,0.17582417582417584,33,31,88.62130353106006,-9.625788355667058,0.8082423120936478,87.22073060433053,-10.434030667760707,20.653741513402004,0.2367985382637524,0.6989786789607406,False,False,False,rejected_dominated_within_penalty,False,,,,,False,not_eligible,,False,full
