family,penalty,profile,solution_index,column_index,weight,is_active,node_index,payment_date,decision_date,decision_state,instrument_index,name,kind,strike,maturity_date
calls_puts,l0,performance,12,0,1.0200140718358774,True,0,2026-09-22,,initial,0,CASH_20260922,Cash,0.0,2026-09-22
calls_puts,l0,performance,12,1,0.0,False,0,2026-09-22,,initial,1,C_20260922_70.00,EuropeanCall,70.0,2026-09-22
calls_puts,l0,performance,12,2,0.0,False,0,2026-09-22,,initial,2,P_20260922_70.00,EuropeanPut,70.0,2026-09-22
calls_puts,l0,performance,12,3,0.0,False,0,2026-09-22,,initial,3,C_20260922_75.00,EuropeanCall,75.0,2026-09-22
calls_puts,l0,performance,12,4,0.0,False,0,2026-09-22,,initial,4,P_20260922_75.00,EuropeanPut,75.0,2026-09-22
calls_puts,l0,performance,12,5,0.0,False,0,2026-09-22,,initial,5,C_20260922_80.00,EuropeanCall,80.0,2026-09-22
calls_puts,l0,performance,12,6,0.0,False,0,2026-09-22,,initial,6,P_20260922_80.00,EuropeanPut,80.0,2026-09-22
calls_puts,l0,performance,12,7,0.0,False,0,2026-09-22,,initial,7,C_20260922_85.00,EuropeanCall,85.0,2026-09-22
calls_puts,l0,performance,12,8,0.0,False,0,2026-09-22,,initial,8,P_20260922_85.00,EuropeanPut,85.0,2026-09-22
calls_puts,l0,performance,12,9,0.0,False,0,2026-09-22,,initial,9,C_20260922_90.00,EuropeanCall,90.0,2026-09-22
calls_puts,l0,performance,12,10,0.0,False,0,2026-09-22,,initial,10,P_20260922_90.00,EuropeanPut,90.0,2026-09-22
calls_puts,l0,performance,12,11,0.0,False,0,2026-09-22,,initial,11,C_20260922_95.00,EuropeanCall,95.0,2026-09-22
calls_puts,l0,performance,12,12,0.0,False,0,2026-09-22,,initial,12,P_20260922_95.00,EuropeanPut,95.0,2026-09-22
calls_puts,l0,performance,12,13,0.0,False,0,2026-09-22,,initial,13,C_20260922_100.00,EuropeanCall,100.0,2026-09-22
calls_puts,l0,performance,12,14,0.0,False,0,2026-09-22,,initial,14,P_20260922_100.00,EuropeanPut,100.0,2026-09-22
calls_puts,l0,performance,12,15,0.0,False,0,2026-09-22,,initial,15,C_20260922_105.00,EuropeanCall,105.0,2026-09-22
calls_puts,l0,performance,12,16,0.0,False,0,2026-09-22,,initial,16,P_20260922_105.00,EuropeanPut,105.0,2026-09-22
calls_puts,l0,performance,12,17,0.0,False,0,2026-09-22,,initial,17,C_20260922_110.00,EuropeanCall,110.0,2026-09-22
calls_puts,l0,performance,12,18,0.0,False,0,2026-09-22,,initial,18,P_20260922_110.00,EuropeanPut,110.0,2026-09-22
calls_puts,l0,performance,12,19,0.0,False,0,2026-09-22,,initial,19,C_20260922_115.00,EuropeanCall,115.0,2026-09-22
calls_puts,l0,performance,12,20,0.0,False,0,2026-09-22,,initial,20,P_20260922_115.00,EuropeanPut,115.0,2026-09-22
calls_puts,l0,performance,12,21,0.0,False,0,2026-09-22,,initial,21,C_20260922_120.00,EuropeanCall,120.0,2026-09-22
calls_puts,l0,performance,12,22,0.0,False,0,2026-09-22,,initial,22,P_20260922_120.00,EuropeanPut,120.0,2026-09-22
calls_puts,l0,performance,12,23,0.0,False,0,2026-09-22,,initial,23,C_20260922_125.00,EuropeanCall,125.0,2026-09-22
calls_puts,l0,performance,12,24,0.0,False,0,2026-09-22,,initial,24,P_20260922_125.00,EuropeanPut,125.0,2026-09-22
calls_puts,l0,performance,12,25,0.0,False,0,2026-09-22,,initial,25,C_20260922_130.00,EuropeanCall,130.0,2026-09-22
calls_puts,l0,performance,12,26,0.0,False,0,2026-09-22,,initial,26,P_20260922_130.00,EuropeanPut,130.0,2026-09-22
calls_puts,l0,performance,12,27,-1.9984014443252818e-14,False,1,2026-12-22,2026-09-22,pooled,27,CASH_20261222,Cash,0.0,2026-12-22
calls_puts,l0,performance,12,28,0.0,False,1,2026-12-22,2026-09-22,pooled,28,C_20261222_70.00,EuropeanCall,70.0,2026-12-22
calls_puts,l0,performance,12,29,0.0,False,1,2026-12-22,2026-09-22,pooled,29,P_20261222_70.00,EuropeanPut,70.0,2026-12-22
calls_puts,l0,performance,12,30,0.0,False,1,2026-12-22,2026-09-22,pooled,30,C_20261222_75.00,EuropeanCall,75.0,2026-12-22
calls_puts,l0,performance,12,31,0.0,False,1,2026-12-22,2026-09-22,pooled,31,P_20261222_75.00,EuropeanPut,75.0,2026-12-22
calls_puts,l0,performance,12,32,0.0,False,1,2026-12-22,2026-09-22,pooled,32,C_20261222_80.00,EuropeanCall,80.0,2026-12-22
calls_puts,l0,performance,12,33,0.0,False,1,2026-12-22,2026-09-22,pooled,33,P_20261222_80.00,EuropeanPut,80.0,2026-12-22
calls_puts,l0,performance,12,34,0.0,False,1,2026-12-22,2026-09-22,pooled,34,C_20261222_85.00,EuropeanCall,85.0,2026-12-22
calls_puts,l0,performance,12,35,0.0,False,1,2026-12-22,2026-09-22,pooled,35,P_20261222_85.00,EuropeanPut,85.0,2026-12-22
calls_puts,l0,performance,12,36,0.0,False,1,2026-12-22,2026-09-22,pooled,36,C_20261222_90.00,EuropeanCall,90.0,2026-12-22
calls_puts,l0,performance,12,37,0.0,False,1,2026-12-22,2026-09-22,pooled,37,P_20261222_90.00,EuropeanPut,90.0,2026-12-22
calls_puts,l0,performance,12,38,0.0,False,1,2026-12-22,2026-09-22,pooled,38,C_20261222_95.00,EuropeanCall,95.0,2026-12-22
calls_puts,l0,performance,12,39,0.0,False,1,2026-12-22,2026-09-22,pooled,39,P_20261222_95.00,EuropeanPut,95.0,2026-12-22
calls_puts,l0,performance,12,40,0.0,False,1,2026-12-22,2026-09-22,pooled,40,C_20261222_100.00,EuropeanCall,100.0,2026-12-22
calls_puts,l0,performance,12,41,0.0,False,1,2026-12-22,2026-09-22,pooled,41,P_20261222_100.00,EuropeanPut,100.0,2026-12-22
calls_puts,l0,performance,12,42,0.0,False,1,2026-12-22,2026-09-22,pooled,42,C_20261222_105.00,EuropeanCall,105.0,2026-12-22
calls_puts,l0,performance,12,43,0.0,False,1,2026-12-22,2026-09-22,pooled,43,P_20261222_105.00,EuropeanPut,105.0,2026-12-22
calls_puts,l0,performance,12,44,0.0,False,1,2026-12-22,2026-09-22,pooled,44,C_20261222_110.00,EuropeanCall,110.0,2026-12-22
calls_puts,l0,performance,12,45,0.0,False,1,2026-12-22,2026-09-22,pooled,45,P_20261222_110.00,EuropeanPut,110.0,2026-12-22
calls_puts,l0,performance,12,46,0.0,False,1,2026-12-22,2026-09-22,pooled,46,C_20261222_115.00,EuropeanCall,115.0,2026-12-22
calls_puts,l0,performance,12,47,0.0,False,1,2026-12-22,2026-09-22,pooled,47,P_20261222_115.00,EuropeanPut,115.0,2026-12-22
calls_puts,l0,performance,12,48,0.0,False,1,2026-12-22,2026-09-22,pooled,48,C_20261222_120.00,EuropeanCall,120.0,2026-12-22
calls_puts,l0,performance,12,49,0.0,False,1,2026-12-22,2026-09-22,pooled,49,P_20261222_120.00,EuropeanPut,120.0,2026-12-22
calls_puts,l0,performance,12,50,0.0,False,1,2026-12-22,2026-09-22,pooled,50,C_20261222_125.00,EuropeanCall,125.0,2026-12-22
calls_puts,l0,performance,12,51,0.0,False,1,2026-12-22,2026-09-22,pooled,51,P_20261222_125.00,EuropeanPut,125.0,2026-12-22
calls_puts,l0,performance,12,52,0.0,False,1,2026-12-22,2026-09-22,pooled,52,C_20261222_130.00,EuropeanCall,130.0,2026-12-22
calls_puts,l0,performance,12,53,0.0,False,1,2026-12-22,2026-09-22,pooled,53,P_20261222_130.00,EuropeanPut,130.0,2026-12-22
calls_puts,l0,performance,12,54,0.01229468038971132,True,2,2026-12-22,2026-09-22,barrier_clear,27,CASH_20261222,Cash,0.0,2026-12-22
calls_puts,l0,performance,12,55,0.0,False,2,2026-12-22,2026-09-22,barrier_clear,28,C_20261222_70.00,EuropeanCall,70.0,2026-12-22
calls_puts,l0,performance,12,56,0.0,False,2,2026-12-22,2026-09-22,barrier_clear,29,P_20261222_70.00,EuropeanPut,70.0,2026-12-22
calls_puts,l0,performance,12,57,0.0,False,2,2026-12-22,2026-09-22,barrier_clear,30,C_20261222_75.00,EuropeanCall,75.0,2026-12-22
calls_puts,l0,performance,12,58,0.0,False,2,2026-12-22,2026-09-22,barrier_clear,31,P_20261222_75.00,EuropeanPut,75.0,2026-12-22
calls_puts,l0,performance,12,59,0.0,False,2,2026-12-22,2026-09-22,barrier_clear,32,C_20261222_80.00,EuropeanCall,80.0,2026-12-22
calls_puts,l0,performance,12,60,0.0,False,2,2026-12-22,2026-09-22,barrier_clear,33,P_20261222_80.00,EuropeanPut,80.0,2026-12-22
calls_puts,l0,performance,12,61,0.0,False,2,2026-12-22,2026-09-22,barrier_clear,34,C_20261222_85.00,EuropeanCall,85.0,2026-12-22
calls_puts,l0,performance,12,62,0.0,False,2,2026-12-22,2026-09-22,barrier_clear,35,P_20261222_85.00,EuropeanPut,85.0,2026-12-22
calls_puts,l0,performance,12,63,0.0,False,2,2026-12-22,2026-09-22,barrier_clear,36,C_20261222_90.00,EuropeanCall,90.0,2026-12-22
calls_puts,l0,performance,12,64,0.0,False,2,2026-12-22,2026-09-22,barrier_clear,37,P_20261222_90.00,EuropeanPut,90.0,2026-12-22
calls_puts,l0,performance,12,65,0.0,False,2,2026-12-22,2026-09-22,barrier_clear,38,C_20261222_95.00,EuropeanCall,95.0,2026-12-22
calls_puts,l0,performance,12,66,0.0,False,2,2026-12-22,2026-09-22,barrier_clear,39,P_20261222_95.00,EuropeanPut,95.0,2026-12-22
calls_puts,l0,performance,12,67,0.0,False,2,2026-12-22,2026-09-22,barrier_clear,40,C_20261222_100.00,EuropeanCall,100.0,2026-12-22
calls_puts,l0,performance,12,68,0.0,False,2,2026-12-22,2026-09-22,barrier_clear,41,P_20261222_100.00,EuropeanPut,100.0,2026-12-22
calls_puts,l0,performance,12,69,0.0,False,2,2026-12-22,2026-09-22,barrier_clear,42,C_20261222_105.00,EuropeanCall,105.0,2026-12-22
calls_puts,l0,performance,12,70,0.0,False,2,2026-12-22,2026-09-22,barrier_clear,43,P_20261222_105.00,EuropeanPut,105.0,2026-12-22
calls_puts,l0,performance,12,71,0.0,False,2,2026-12-22,2026-09-22,barrier_clear,44,C_20261222_110.00,EuropeanCall,110.0,2026-12-22
calls_puts,l0,performance,12,72,0.0,False,2,2026-12-22,2026-09-22,barrier_clear,45,P_20261222_110.00,EuropeanPut,110.0,2026-12-22
calls_puts,l0,performance,12,73,0.0,False,2,2026-12-22,2026-09-22,barrier_clear,46,C_20261222_115.00,EuropeanCall,115.0,2026-12-22
calls_puts,l0,performance,12,74,0.0,False,2,2026-12-22,2026-09-22,barrier_clear,47,P_20261222_115.00,EuropeanPut,115.0,2026-12-22
calls_puts,l0,performance,12,75,0.0,False,2,2026-12-22,2026-09-22,barrier_clear,48,C_20261222_120.00,EuropeanCall,120.0,2026-12-22
calls_puts,l0,performance,12,76,0.0,False,2,2026-12-22,2026-09-22,barrier_clear,49,P_20261222_120.00,EuropeanPut,120.0,2026-12-22
calls_puts,l0,performance,12,77,0.0,False,2,2026-12-22,2026-09-22,barrier_clear,50,C_20261222_125.00,EuropeanCall,125.0,2026-12-22
calls_puts,l0,performance,12,78,0.0,False,2,2026-12-22,2026-09-22,barrier_clear,51,P_20261222_125.00,EuropeanPut,125.0,2026-12-22
calls_puts,l0,performance,12,79,0.0,False,2,2026-12-22,2026-09-22,barrier_clear,52,C_20261222_130.00,EuropeanCall,130.0,2026-12-22
calls_puts,l0,performance,12,80,0.0,False,2,2026-12-22,2026-09-22,barrier_clear,53,P_20261222_130.00,EuropeanPut,130.0,2026-12-22
calls_puts,l0,performance,12,81,0.024134960471138424,True,3,2027-03-22,2026-12-22,pooled,54,CASH_20270322,Cash,0.0,2027-03-22
calls_puts,l0,performance,12,82,0.0,False,3,2027-03-22,2026-12-22,pooled,55,C_20270322_70.00,EuropeanCall,70.0,2027-03-22
calls_puts,l0,performance,12,83,0.0,False,3,2027-03-22,2026-12-22,pooled,56,P_20270322_70.00,EuropeanPut,70.0,2027-03-22
calls_puts,l0,performance,12,84,0.0,False,3,2027-03-22,2026-12-22,pooled,57,C_20270322_75.00,EuropeanCall,75.0,2027-03-22
calls_puts,l0,performance,12,85,0.0,False,3,2027-03-22,2026-12-22,pooled,58,P_20270322_75.00,EuropeanPut,75.0,2027-03-22
calls_puts,l0,performance,12,86,0.0,False,3,2027-03-22,2026-12-22,pooled,59,C_20270322_80.00,EuropeanCall,80.0,2027-03-22
calls_puts,l0,performance,12,87,0.0,False,3,2027-03-22,2026-12-22,pooled,60,P_20270322_80.00,EuropeanPut,80.0,2027-03-22
calls_puts,l0,performance,12,88,0.0,False,3,2027-03-22,2026-12-22,pooled,61,C_20270322_85.00,EuropeanCall,85.0,2027-03-22
calls_puts,l0,performance,12,89,0.0,False,3,2027-03-22,2026-12-22,pooled,62,P_20270322_85.00,EuropeanPut,85.0,2027-03-22
calls_puts,l0,performance,12,90,0.0,False,3,2027-03-22,2026-12-22,pooled,63,C_20270322_90.00,EuropeanCall,90.0,2027-03-22
calls_puts,l0,performance,12,91,0.0,False,3,2027-03-22,2026-12-22,pooled,64,P_20270322_90.00,EuropeanPut,90.0,2027-03-22
calls_puts,l0,performance,12,92,0.0,False,3,2027-03-22,2026-12-22,pooled,65,C_20270322_95.00,EuropeanCall,95.0,2027-03-22
calls_puts,l0,performance,12,93,0.0,False,3,2027-03-22,2026-12-22,pooled,66,P_20270322_95.00,EuropeanPut,95.0,2027-03-22
calls_puts,l0,performance,12,94,0.0,False,3,2027-03-22,2026-12-22,pooled,67,C_20270322_100.00,EuropeanCall,100.0,2027-03-22
calls_puts,l0,performance,12,95,0.0,False,3,2027-03-22,2026-12-22,pooled,68,P_20270322_100.00,EuropeanPut,100.0,2027-03-22
calls_puts,l0,performance,12,96,0.0,False,3,2027-03-22,2026-12-22,pooled,69,C_20270322_105.00,EuropeanCall,105.0,2027-03-22
calls_puts,l0,performance,12,97,0.0,False,3,2027-03-22,2026-12-22,pooled,70,P_20270322_105.00,EuropeanPut,105.0,2027-03-22
calls_puts,l0,performance,12,98,0.0,False,3,2027-03-22,2026-12-22,pooled,71,C_20270322_110.00,EuropeanCall,110.0,2027-03-22
calls_puts,l0,performance,12,99,0.0,False,3,2027-03-22,2026-12-22,pooled,72,P_20270322_110.00,EuropeanPut,110.0,2027-03-22
calls_puts,l0,performance,12,100,0.0,False,3,2027-03-22,2026-12-22,pooled,73,C_20270322_115.00,EuropeanCall,115.0,2027-03-22
calls_puts,l0,performance,12,101,0.0,False,3,2027-03-22,2026-12-22,pooled,74,P_20270322_115.00,EuropeanPut,115.0,2027-03-22
calls_puts,l0,performance,12,102,0.0,False,3,2027-03-22,2026-12-22,pooled,75,C_20270322_120.00,EuropeanCall,120.0,2027-03-22
calls_puts,l0,performance,12,103,0.0,False,3,2027-03-22,2026-12-22,pooled,76,P_20270322_120.00,EuropeanPut,120.0,2027-03-22
calls_puts,l0,performance,12,104,0.0,False,3,2027-03-22,2026-12-22,pooled,77,C_20270322_125.00,EuropeanCall,125.0,2027-03-22
calls_puts,l0,performance,12,105,0.0,False,3,2027-03-22,2026-12-22,pooled,78,P_20270322_125.00,EuropeanPut,125.0,2027-03-22
calls_puts,l0,performance,12,106,0.0,False,3,2027-03-22,2026-12-22,pooled,79,C_20270322_130.00,EuropeanCall,130.0,2027-03-22
calls_puts,l0,performance,12,107,0.0,False,3,2027-03-22,2026-12-22,pooled,80,P_20270322_130.00,EuropeanPut,130.0,2027-03-22
calls_puts,l0,performance,12,108,0.013113107846101358,True,4,2027-03-22,2026-12-22,barrier_clear,54,CASH_20270322,Cash,0.0,2027-03-22
calls_puts,l0,performance,12,109,0.0,False,4,2027-03-22,2026-12-22,barrier_clear,55,C_20270322_70.00,EuropeanCall,70.0,2027-03-22
calls_puts,l0,performance,12,110,0.0,False,4,2027-03-22,2026-12-22,barrier_clear,56,P_20270322_70.00,EuropeanPut,70.0,2027-03-22
calls_puts,l0,performance,12,111,0.0,False,4,2027-03-22,2026-12-22,barrier_clear,57,C_20270322_75.00,EuropeanCall,75.0,2027-03-22
calls_puts,l0,performance,12,112,0.0,False,4,2027-03-22,2026-12-22,barrier_clear,58,P_20270322_75.00,EuropeanPut,75.0,2027-03-22
calls_puts,l0,performance,12,113,0.0,False,4,2027-03-22,2026-12-22,barrier_clear,59,C_20270322_80.00,EuropeanCall,80.0,2027-03-22
calls_puts,l0,performance,12,114,0.0,False,4,2027-03-22,2026-12-22,barrier_clear,60,P_20270322_80.00,EuropeanPut,80.0,2027-03-22
calls_puts,l0,performance,12,115,0.0,False,4,2027-03-22,2026-12-22,barrier_clear,61,C_20270322_85.00,EuropeanCall,85.0,2027-03-22
calls_puts,l0,performance,12,116,0.0,False,4,2027-03-22,2026-12-22,barrier_clear,62,P_20270322_85.00,EuropeanPut,85.0,2027-03-22
calls_puts,l0,performance,12,117,0.0,False,4,2027-03-22,2026-12-22,barrier_clear,63,C_20270322_90.00,EuropeanCall,90.0,2027-03-22
calls_puts,l0,performance,12,118,0.0,False,4,2027-03-22,2026-12-22,barrier_clear,64,P_20270322_90.00,EuropeanPut,90.0,2027-03-22
calls_puts,l0,performance,12,119,0.0,False,4,2027-03-22,2026-12-22,barrier_clear,65,C_20270322_95.00,EuropeanCall,95.0,2027-03-22
calls_puts,l0,performance,12,120,0.0,False,4,2027-03-22,2026-12-22,barrier_clear,66,P_20270322_95.00,EuropeanPut,95.0,2027-03-22
calls_puts,l0,performance,12,121,0.0,False,4,2027-03-22,2026-12-22,barrier_clear,67,C_20270322_100.00,EuropeanCall,100.0,2027-03-22
calls_puts,l0,performance,12,122,0.0,False,4,2027-03-22,2026-12-22,barrier_clear,68,P_20270322_100.00,EuropeanPut,100.0,2027-03-22
calls_puts,l0,performance,12,123,0.0,False,4,2027-03-22,2026-12-22,barrier_clear,69,C_20270322_105.00,EuropeanCall,105.0,2027-03-22
calls_puts,l0,performance,12,124,0.0,False,4,2027-03-22,2026-12-22,barrier_clear,70,P_20270322_105.00,EuropeanPut,105.0,2027-03-22
calls_puts,l0,performance,12,125,0.0,False,4,2027-03-22,2026-12-22,barrier_clear,71,C_20270322_110.00,EuropeanCall,110.0,2027-03-22
calls_puts,l0,performance,12,126,0.0,False,4,2027-03-22,2026-12-22,barrier_clear,72,P_20270322_110.00,EuropeanPut,110.0,2027-03-22
calls_puts,l0,performance,12,127,0.0,False,4,2027-03-22,2026-12-22,barrier_clear,73,C_20270322_115.00,EuropeanCall,115.0,2027-03-22
calls_puts,l0,performance,12,128,0.0,False,4,2027-03-22,2026-12-22,barrier_clear,74,P_20270322_115.00,EuropeanPut,115.0,2027-03-22
calls_puts,l0,performance,12,129,0.0,False,4,2027-03-22,2026-12-22,barrier_clear,75,C_20270322_120.00,EuropeanCall,120.0,2027-03-22
calls_puts,l0,performance,12,130,0.0,False,4,2027-03-22,2026-12-22,barrier_clear,76,P_20270322_120.00,EuropeanPut,120.0,2027-03-22
calls_puts,l0,performance,12,131,0.0,False,4,2027-03-22,2026-12-22,barrier_clear,77,C_20270322_125.00,EuropeanCall,125.0,2027-03-22
calls_puts,l0,performance,12,132,0.0,False,4,2027-03-22,2026-12-22,barrier_clear,78,P_20270322_125.00,EuropeanPut,125.0,2027-03-22
calls_puts,l0,performance,12,133,0.0,False,4,2027-03-22,2026-12-22,barrier_clear,79,C_20270322_130.00,EuropeanCall,130.0,2027-03-22
calls_puts,l0,performance,12,134,0.0,False,4,2027-03-22,2026-12-22,barrier_clear,80,P_20270322_130.00,EuropeanPut,130.0,2027-03-22
calls_puts,l0,performance,12,135,-0.3808106488252492,True,5,2027-06-22,2027-03-22,pooled,81,CASH_20270622,Cash,0.0,2027-06-22
calls_puts,l0,performance,12,136,0.0,False,5,2027-06-22,2027-03-22,pooled,82,C_20270622_70.00,EuropeanCall,70.0,2027-06-22
calls_puts,l0,performance,12,137,0.0,False,5,2027-06-22,2027-03-22,pooled,83,P_20270622_70.00,EuropeanPut,70.0,2027-06-22
calls_puts,l0,performance,12,138,0.0,False,5,2027-06-22,2027-03-22,pooled,84,C_20270622_75.00,EuropeanCall,75.0,2027-06-22
calls_puts,l0,performance,12,139,0.0,False,5,2027-06-22,2027-03-22,pooled,85,P_20270622_75.00,EuropeanPut,75.0,2027-06-22
calls_puts,l0,performance,12,140,0.0,False,5,2027-06-22,2027-03-22,pooled,86,C_20270622_80.00,EuropeanCall,80.0,2027-06-22
calls_puts,l0,performance,12,141,0.0,False,5,2027-06-22,2027-03-22,pooled,87,P_20270622_80.00,EuropeanPut,80.0,2027-06-22
calls_puts,l0,performance,12,142,0.0,False,5,2027-06-22,2027-03-22,pooled,88,C_20270622_85.00,EuropeanCall,85.0,2027-06-22
calls_puts,l0,performance,12,143,0.0,False,5,2027-06-22,2027-03-22,pooled,89,P_20270622_85.00,EuropeanPut,85.0,2027-06-22
calls_puts,l0,performance,12,144,0.0,False,5,2027-06-22,2027-03-22,pooled,90,C_20270622_90.00,EuropeanCall,90.0,2027-06-22
calls_puts,l0,performance,12,145,0.0,False,5,2027-06-22,2027-03-22,pooled,91,P_20270622_90.00,EuropeanPut,90.0,2027-06-22
calls_puts,l0,performance,12,146,0.0,False,5,2027-06-22,2027-03-22,pooled,92,C_20270622_95.00,EuropeanCall,95.0,2027-06-22
calls_puts,l0,performance,12,147,0.0,False,5,2027-06-22,2027-03-22,pooled,93,P_20270622_95.00,EuropeanPut,95.0,2027-06-22
calls_puts,l0,performance,12,148,0.0,False,5,2027-06-22,2027-03-22,pooled,94,C_20270622_100.00,EuropeanCall,100.0,2027-06-22
calls_puts,l0,performance,12,149,0.0,False,5,2027-06-22,2027-03-22,pooled,95,P_20270622_100.00,EuropeanPut,100.0,2027-06-22
calls_puts,l0,performance,12,150,0.0,False,5,2027-06-22,2027-03-22,pooled,96,C_20270622_105.00,EuropeanCall,105.0,2027-06-22
calls_puts,l0,performance,12,151,0.0,False,5,2027-06-22,2027-03-22,pooled,97,P_20270622_105.00,EuropeanPut,105.0,2027-06-22
calls_puts,l0,performance,12,152,0.0,False,5,2027-06-22,2027-03-22,pooled,98,C_20270622_110.00,EuropeanCall,110.0,2027-06-22
calls_puts,l0,performance,12,153,0.0,False,5,2027-06-22,2027-03-22,pooled,99,P_20270622_110.00,EuropeanPut,110.0,2027-06-22
calls_puts,l0,performance,12,154,0.0,False,5,2027-06-22,2027-03-22,pooled,100,C_20270622_115.00,EuropeanCall,115.0,2027-06-22
calls_puts,l0,performance,12,155,0.0,False,5,2027-06-22,2027-03-22,pooled,101,P_20270622_115.00,EuropeanPut,115.0,2027-06-22
calls_puts,l0,performance,12,156,0.0,False,5,2027-06-22,2027-03-22,pooled,102,C_20270622_120.00,EuropeanCall,120.0,2027-06-22
calls_puts,l0,performance,12,157,0.0,False,5,2027-06-22,2027-03-22,pooled,103,P_20270622_120.00,EuropeanPut,120.0,2027-06-22
calls_puts,l0,performance,12,158,0.0,False,5,2027-06-22,2027-03-22,pooled,104,C_20270622_125.00,EuropeanCall,125.0,2027-06-22
calls_puts,l0,performance,12,159,0.0,False,5,2027-06-22,2027-03-22,pooled,105,P_20270622_125.00,EuropeanPut,125.0,2027-06-22
calls_puts,l0,performance,12,160,0.0,False,5,2027-06-22,2027-03-22,pooled,106,C_20270622_130.00,EuropeanCall,130.0,2027-06-22
calls_puts,l0,performance,12,161,0.0,False,5,2027-06-22,2027-03-22,pooled,107,P_20270622_130.00,EuropeanPut,130.0,2027-06-22
calls_puts,l0,performance,12,162,0.007088101267175674,True,6,2027-06-22,2027-03-22,barrier_clear,81,CASH_20270622,Cash,0.0,2027-06-22
calls_puts,l0,performance,12,163,0.0,False,6,2027-06-22,2027-03-22,barrier_clear,82,C_20270622_70.00,EuropeanCall,70.0,2027-06-22
calls_puts,l0,performance,12,164,0.0,False,6,2027-06-22,2027-03-22,barrier_clear,83,P_20270622_70.00,EuropeanPut,70.0,2027-06-22
calls_puts,l0,performance,12,165,0.0,False,6,2027-06-22,2027-03-22,barrier_clear,84,C_20270622_75.00,EuropeanCall,75.0,2027-06-22
calls_puts,l0,performance,12,166,-2.93742837275323,True,6,2027-06-22,2027-03-22,barrier_clear,85,P_20270622_75.00,EuropeanPut,75.0,2027-06-22
calls_puts,l0,performance,12,167,0.0,False,6,2027-06-22,2027-03-22,barrier_clear,86,C_20270622_80.00,EuropeanCall,80.0,2027-06-22
calls_puts,l0,performance,12,168,-1.69155562733811,True,6,2027-06-22,2027-03-22,barrier_clear,87,P_20270622_80.00,EuropeanPut,80.0,2027-06-22
calls_puts,l0,performance,12,169,0.0,False,6,2027-06-22,2027-03-22,barrier_clear,88,C_20270622_85.00,EuropeanCall,85.0,2027-06-22
calls_puts,l0,performance,12,170,0.0,False,6,2027-06-22,2027-03-22,barrier_clear,89,P_20270622_85.00,EuropeanPut,85.0,2027-06-22
calls_puts,l0,performance,12,171,0.0,False,6,2027-06-22,2027-03-22,barrier_clear,90,C_20270622_90.00,EuropeanCall,90.0,2027-06-22
calls_puts,l0,performance,12,172,0.0,False,6,2027-06-22,2027-03-22,barrier_clear,91,P_20270622_90.00,EuropeanPut,90.0,2027-06-22
calls_puts,l0,performance,12,173,0.0,False,6,2027-06-22,2027-03-22,barrier_clear,92,C_20270622_95.00,EuropeanCall,95.0,2027-06-22
calls_puts,l0,performance,12,174,0.0,False,6,2027-06-22,2027-03-22,barrier_clear,93,P_20270622_95.00,EuropeanPut,95.0,2027-06-22
calls_puts,l0,performance,12,175,0.0,False,6,2027-06-22,2027-03-22,barrier_clear,94,C_20270622_100.00,EuropeanCall,100.0,2027-06-22
calls_puts,l0,performance,12,176,0.0,False,6,2027-06-22,2027-03-22,barrier_clear,95,P_20270622_100.00,EuropeanPut,100.0,2027-06-22
calls_puts,l0,performance,12,177,0.0,False,6,2027-06-22,2027-03-22,barrier_clear,96,C_20270622_105.00,EuropeanCall,105.0,2027-06-22
calls_puts,l0,performance,12,178,0.0,False,6,2027-06-22,2027-03-22,barrier_clear,97,P_20270622_105.00,EuropeanPut,105.0,2027-06-22
calls_puts,l0,performance,12,179,0.0,False,6,2027-06-22,2027-03-22,barrier_clear,98,C_20270622_110.00,EuropeanCall,110.0,2027-06-22
calls_puts,l0,performance,12,180,0.0,False,6,2027-06-22,2027-03-22,barrier_clear,99,P_20270622_110.00,EuropeanPut,110.0,2027-06-22
calls_puts,l0,performance,12,181,0.0,False,6,2027-06-22,2027-03-22,barrier_clear,100,C_20270622_115.00,EuropeanCall,115.0,2027-06-22
calls_puts,l0,performance,12,182,0.0,False,6,2027-06-22,2027-03-22,barrier_clear,101,P_20270622_115.00,EuropeanPut,115.0,2027-06-22
calls_puts,l0,performance,12,183,0.0,False,6,2027-06-22,2027-03-22,barrier_clear,102,C_20270622_120.00,EuropeanCall,120.0,2027-06-22
calls_puts,l0,performance,12,184,0.0,False,6,2027-06-22,2027-03-22,barrier_clear,103,P_20270622_120.00,EuropeanPut,120.0,2027-06-22
calls_puts,l0,performance,12,185,0.0,False,6,2027-06-22,2027-03-22,barrier_clear,104,C_20270622_125.00,EuropeanCall,125.0,2027-06-22
calls_puts,l0,performance,12,186,0.0,False,6,2027-06-22,2027-03-22,barrier_clear,105,P_20270622_125.00,EuropeanPut,125.0,2027-06-22
calls_puts,l0,performance,12,187,0.0,False,6,2027-06-22,2027-03-22,barrier_clear,106,C_20270622_130.00,EuropeanCall,130.0,2027-06-22
calls_puts,l0,performance,12,188,0.0,False,6,2027-06-22,2027-03-22,barrier_clear,107,P_20270622_130.00,EuropeanPut,130.0,2027-06-22
calls_puts,l0,compromise,12,0,1.0200140718358774,True,0,2026-09-22,,initial,0,CASH_20260922,Cash,0.0,2026-09-22
calls_puts,l0,compromise,12,1,0.0,False,0,2026-09-22,,initial,1,C_20260922_70.00,EuropeanCall,70.0,2026-09-22
calls_puts,l0,compromise,12,2,0.0,False,0,2026-09-22,,initial,2,P_20260922_70.00,EuropeanPut,70.0,2026-09-22
calls_puts,l0,compromise,12,3,0.0,False,0,2026-09-22,,initial,3,C_20260922_75.00,EuropeanCall,75.0,2026-09-22
calls_puts,l0,compromise,12,4,0.0,False,0,2026-09-22,,initial,4,P_20260922_75.00,EuropeanPut,75.0,2026-09-22
calls_puts,l0,compromise,12,5,0.0,False,0,2026-09-22,,initial,5,C_20260922_80.00,EuropeanCall,80.0,2026-09-22
calls_puts,l0,compromise,12,6,0.0,False,0,2026-09-22,,initial,6,P_20260922_80.00,EuropeanPut,80.0,2026-09-22
calls_puts,l0,compromise,12,7,0.0,False,0,2026-09-22,,initial,7,C_20260922_85.00,EuropeanCall,85.0,2026-09-22
calls_puts,l0,compromise,12,8,0.0,False,0,2026-09-22,,initial,8,P_20260922_85.00,EuropeanPut,85.0,2026-09-22
calls_puts,l0,compromise,12,9,0.0,False,0,2026-09-22,,initial,9,C_20260922_90.00,EuropeanCall,90.0,2026-09-22
calls_puts,l0,compromise,12,10,0.0,False,0,2026-09-22,,initial,10,P_20260922_90.00,EuropeanPut,90.0,2026-09-22
calls_puts,l0,compromise,12,11,0.0,False,0,2026-09-22,,initial,11,C_20260922_95.00,EuropeanCall,95.0,2026-09-22
calls_puts,l0,compromise,12,12,0.0,False,0,2026-09-22,,initial,12,P_20260922_95.00,EuropeanPut,95.0,2026-09-22
calls_puts,l0,compromise,12,13,0.0,False,0,2026-09-22,,initial,13,C_20260922_100.00,EuropeanCall,100.0,2026-09-22
calls_puts,l0,compromise,12,14,0.0,False,0,2026-09-22,,initial,14,P_20260922_100.00,EuropeanPut,100.0,2026-09-22
calls_puts,l0,compromise,12,15,0.0,False,0,2026-09-22,,initial,15,C_20260922_105.00,EuropeanCall,105.0,2026-09-22
calls_puts,l0,compromise,12,16,0.0,False,0,2026-09-22,,initial,16,P_20260922_105.00,EuropeanPut,105.0,2026-09-22
calls_puts,l0,compromise,12,17,0.0,False,0,2026-09-22,,initial,17,C_20260922_110.00,EuropeanCall,110.0,2026-09-22
calls_puts,l0,compromise,12,18,0.0,False,0,2026-09-22,,initial,18,P_20260922_110.00,EuropeanPut,110.0,2026-09-22
calls_puts,l0,compromise,12,19,0.0,False,0,2026-09-22,,initial,19,C_20260922_115.00,EuropeanCall,115.0,2026-09-22
calls_puts,l0,compromise,12,20,0.0,False,0,2026-09-22,,initial,20,P_20260922_115.00,EuropeanPut,115.0,2026-09-22
calls_puts,l0,compromise,12,21,0.0,False,0,2026-09-22,,initial,21,C_20260922_120.00,EuropeanCall,120.0,2026-09-22
calls_puts,l0,compromise,12,22,0.0,False,0,2026-09-22,,initial,22,P_20260922_120.00,EuropeanPut,120.0,2026-09-22
calls_puts,l0,compromise,12,23,0.0,False,0,2026-09-22,,initial,23,C_20260922_125.00,EuropeanCall,125.0,2026-09-22
calls_puts,l0,compromise,12,24,0.0,False,0,2026-09-22,,initial,24,P_20260922_125.00,EuropeanPut,125.0,2026-09-22
calls_puts,l0,compromise,12,25,0.0,False,0,2026-09-22,,initial,25,C_20260922_130.00,EuropeanCall,130.0,2026-09-22
calls_puts,l0,compromise,12,26,0.0,False,0,2026-09-22,,initial,26,P_20260922_130.00,EuropeanPut,130.0,2026-09-22
calls_puts,l0,compromise,12,27,-1.9984014443252818e-14,False,1,2026-12-22,2026-09-22,pooled,27,CASH_20261222,Cash,0.0,2026-12-22
calls_puts,l0,compromise,12,28,0.0,False,1,2026-12-22,2026-09-22,pooled,28,C_20261222_70.00,EuropeanCall,70.0,2026-12-22
calls_puts,l0,compromise,12,29,0.0,False,1,2026-12-22,2026-09-22,pooled,29,P_20261222_70.00,EuropeanPut,70.0,2026-12-22
calls_puts,l0,compromise,12,30,0.0,False,1,2026-12-22,2026-09-22,pooled,30,C_20261222_75.00,EuropeanCall,75.0,2026-12-22
calls_puts,l0,compromise,12,31,0.0,False,1,2026-12-22,2026-09-22,pooled,31,P_20261222_75.00,EuropeanPut,75.0,2026-12-22
calls_puts,l0,compromise,12,32,0.0,False,1,2026-12-22,2026-09-22,pooled,32,C_20261222_80.00,EuropeanCall,80.0,2026-12-22
calls_puts,l0,compromise,12,33,0.0,False,1,2026-12-22,2026-09-22,pooled,33,P_20261222_80.00,EuropeanPut,80.0,2026-12-22
calls_puts,l0,compromise,12,34,0.0,False,1,2026-12-22,2026-09-22,pooled,34,C_20261222_85.00,EuropeanCall,85.0,2026-12-22
calls_puts,l0,compromise,12,35,0.0,False,1,2026-12-22,2026-09-22,pooled,35,P_20261222_85.00,EuropeanPut,85.0,2026-12-22
calls_puts,l0,compromise,12,36,0.0,False,1,2026-12-22,2026-09-22,pooled,36,C_20261222_90.00,EuropeanCall,90.0,2026-12-22
calls_puts,l0,compromise,12,37,0.0,False,1,2026-12-22,2026-09-22,pooled,37,P_20261222_90.00,EuropeanPut,90.0,2026-12-22
calls_puts,l0,compromise,12,38,0.0,False,1,2026-12-22,2026-09-22,pooled,38,C_20261222_95.00,EuropeanCall,95.0,2026-12-22
calls_puts,l0,compromise,12,39,0.0,False,1,2026-12-22,2026-09-22,pooled,39,P_20261222_95.00,EuropeanPut,95.0,2026-12-22
calls_puts,l0,compromise,12,40,0.0,False,1,2026-12-22,2026-09-22,pooled,40,C_20261222_100.00,EuropeanCall,100.0,2026-12-22
calls_puts,l0,compromise,12,41,0.0,False,1,2026-12-22,2026-09-22,pooled,41,P_20261222_100.00,EuropeanPut,100.0,2026-12-22
calls_puts,l0,compromise,12,42,0.0,False,1,2026-12-22,2026-09-22,pooled,42,C_20261222_105.00,EuropeanCall,105.0,2026-12-22
calls_puts,l0,compromise,12,43,0.0,False,1,2026-12-22,2026-09-22,pooled,43,P_20261222_105.00,EuropeanPut,105.0,2026-12-22
calls_puts,l0,compromise,12,44,0.0,False,1,2026-12-22,2026-09-22,pooled,44,C_20261222_110.00,EuropeanCall,110.0,2026-12-22
calls_puts,l0,compromise,12,45,0.0,False,1,2026-12-22,2026-09-22,pooled,45,P_20261222_110.00,EuropeanPut,110.0,2026-12-22
calls_puts,l0,compromise,12,46,0.0,False,1,2026-12-22,2026-09-22,pooled,46,C_20261222_115.00,EuropeanCall,115.0,2026-12-22
calls_puts,l0,compromise,12,47,0.0,False,1,2026-12-22,2026-09-22,pooled,47,P_20261222_115.00,EuropeanPut,115.0,2026-12-22
calls_puts,l0,compromise,12,48,0.0,False,1,2026-12-22,2026-09-22,pooled,48,C_20261222_120.00,EuropeanCall,120.0,2026-12-22
calls_puts,l0,compromise,12,49,0.0,False,1,2026-12-22,2026-09-22,pooled,49,P_20261222_120.00,EuropeanPut,120.0,2026-12-22
calls_puts,l0,compromise,12,50,0.0,False,1,2026-12-22,2026-09-22,pooled,50,C_20261222_125.00,EuropeanCall,125.0,2026-12-22
calls_puts,l0,compromise,12,51,0.0,False,1,2026-12-22,2026-09-22,pooled,51,P_20261222_125.00,EuropeanPut,125.0,2026-12-22
calls_puts,l0,compromise,12,52,0.0,False,1,2026-12-22,2026-09-22,pooled,52,C_20261222_130.00,EuropeanCall,130.0,2026-12-22
calls_puts,l0,compromise,12,53,0.0,False,1,2026-12-22,2026-09-22,pooled,53,P_20261222_130.00,EuropeanPut,130.0,2026-12-22
calls_puts,l0,compromise,12,54,0.01229468038971132,True,2,2026-12-22,2026-09-22,barrier_clear,27,CASH_20261222,Cash,0.0,2026-12-22
calls_puts,l0,compromise,12,55,0.0,False,2,2026-12-22,2026-09-22,barrier_clear,28,C_20261222_70.00,EuropeanCall,70.0,2026-12-22
calls_puts,l0,compromise,12,56,0.0,False,2,2026-12-22,2026-09-22,barrier_clear,29,P_20261222_70.00,EuropeanPut,70.0,2026-12-22
calls_puts,l0,compromise,12,57,0.0,False,2,2026-12-22,2026-09-22,barrier_clear,30,C_20261222_75.00,EuropeanCall,75.0,2026-12-22
calls_puts,l0,compromise,12,58,0.0,False,2,2026-12-22,2026-09-22,barrier_clear,31,P_20261222_75.00,EuropeanPut,75.0,2026-12-22
calls_puts,l0,compromise,12,59,0.0,False,2,2026-12-22,2026-09-22,barrier_clear,32,C_20261222_80.00,EuropeanCall,80.0,2026-12-22
calls_puts,l0,compromise,12,60,0.0,False,2,2026-12-22,2026-09-22,barrier_clear,33,P_20261222_80.00,EuropeanPut,80.0,2026-12-22
calls_puts,l0,compromise,12,61,0.0,False,2,2026-12-22,2026-09-22,barrier_clear,34,C_20261222_85.00,EuropeanCall,85.0,2026-12-22
calls_puts,l0,compromise,12,62,0.0,False,2,2026-12-22,2026-09-22,barrier_clear,35,P_20261222_85.00,EuropeanPut,85.0,2026-12-22
calls_puts,l0,compromise,12,63,0.0,False,2,2026-12-22,2026-09-22,barrier_clear,36,C_20261222_90.00,EuropeanCall,90.0,2026-12-22
calls_puts,l0,compromise,12,64,0.0,False,2,2026-12-22,2026-09-22,barrier_clear,37,P_20261222_90.00,EuropeanPut,90.0,2026-12-22
calls_puts,l0,compromise,12,65,0.0,False,2,2026-12-22,2026-09-22,barrier_clear,38,C_20261222_95.00,EuropeanCall,95.0,2026-12-22
calls_puts,l0,compromise,12,66,0.0,False,2,2026-12-22,2026-09-22,barrier_clear,39,P_20261222_95.00,EuropeanPut,95.0,2026-12-22
calls_puts,l0,compromise,12,67,0.0,False,2,2026-12-22,2026-09-22,barrier_clear,40,C_20261222_100.00,EuropeanCall,100.0,2026-12-22
calls_puts,l0,compromise,12,68,0.0,False,2,2026-12-22,2026-09-22,barrier_clear,41,P_20261222_100.00,EuropeanPut,100.0,2026-12-22
calls_puts,l0,compromise,12,69,0.0,False,2,2026-12-22,2026-09-22,barrier_clear,42,C_20261222_105.00,EuropeanCall,105.0,2026-12-22
calls_puts,l0,compromise,12,70,0.0,False,2,2026-12-22,2026-09-22,barrier_clear,43,P_20261222_105.00,EuropeanPut,105.0,2026-12-22
calls_puts,l0,compromise,12,71,0.0,False,2,2026-12-22,2026-09-22,barrier_clear,44,C_20261222_110.00,EuropeanCall,110.0,2026-12-22
calls_puts,l0,compromise,12,72,0.0,False,2,2026-12-22,2026-09-22,barrier_clear,45,P_20261222_110.00,EuropeanPut,110.0,2026-12-22
calls_puts,l0,compromise,12,73,0.0,False,2,2026-12-22,2026-09-22,barrier_clear,46,C_20261222_115.00,EuropeanCall,115.0,2026-12-22
calls_puts,l0,compromise,12,74,0.0,False,2,2026-12-22,2026-09-22,barrier_clear,47,P_20261222_115.00,EuropeanPut,115.0,2026-12-22
calls_puts,l0,compromise,12,75,0.0,False,2,2026-12-22,2026-09-22,barrier_clear,48,C_20261222_120.00,EuropeanCall,120.0,2026-12-22
calls_puts,l0,compromise,12,76,0.0,False,2,2026-12-22,2026-09-22,barrier_clear,49,P_20261222_120.00,EuropeanPut,120.0,2026-12-22
calls_puts,l0,compromise,12,77,0.0,False,2,2026-12-22,2026-09-22,barrier_clear,50,C_20261222_125.00,EuropeanCall,125.0,2026-12-22
calls_puts,l0,compromise,12,78,0.0,False,2,2026-12-22,2026-09-22,barrier_clear,51,P_20261222_125.00,EuropeanPut,125.0,2026-12-22
calls_puts,l0,compromise,12,79,0.0,False,2,2026-12-22,2026-09-22,barrier_clear,52,C_20261222_130.00,EuropeanCall,130.0,2026-12-22
calls_puts,l0,compromise,12,80,0.0,False,2,2026-12-22,2026-09-22,barrier_clear,53,P_20261222_130.00,EuropeanPut,130.0,2026-12-22
calls_puts,l0,compromise,12,81,0.024134960471138424,True,3,2027-03-22,2026-12-22,pooled,54,CASH_20270322,Cash,0.0,2027-03-22
calls_puts,l0,compromise,12,82,0.0,False,3,2027-03-22,2026-12-22,pooled,55,C_20270322_70.00,EuropeanCall,70.0,2027-03-22
calls_puts,l0,compromise,12,83,0.0,False,3,2027-03-22,2026-12-22,pooled,56,P_20270322_70.00,EuropeanPut,70.0,2027-03-22
calls_puts,l0,compromise,12,84,0.0,False,3,2027-03-22,2026-12-22,pooled,57,C_20270322_75.00,EuropeanCall,75.0,2027-03-22
calls_puts,l0,compromise,12,85,0.0,False,3,2027-03-22,2026-12-22,pooled,58,P_20270322_75.00,EuropeanPut,75.0,2027-03-22
calls_puts,l0,compromise,12,86,0.0,False,3,2027-03-22,2026-12-22,pooled,59,C_20270322_80.00,EuropeanCall,80.0,2027-03-22
calls_puts,l0,compromise,12,87,0.0,False,3,2027-03-22,2026-12-22,pooled,60,P_20270322_80.00,EuropeanPut,80.0,2027-03-22
calls_puts,l0,compromise,12,88,0.0,False,3,2027-03-22,2026-12-22,pooled,61,C_20270322_85.00,EuropeanCall,85.0,2027-03-22
calls_puts,l0,compromise,12,89,0.0,False,3,2027-03-22,2026-12-22,pooled,62,P_20270322_85.00,EuropeanPut,85.0,2027-03-22
calls_puts,l0,compromise,12,90,0.0,False,3,2027-03-22,2026-12-22,pooled,63,C_20270322_90.00,EuropeanCall,90.0,2027-03-22
calls_puts,l0,compromise,12,91,0.0,False,3,2027-03-22,2026-12-22,pooled,64,P_20270322_90.00,EuropeanPut,90.0,2027-03-22
calls_puts,l0,compromise,12,92,0.0,False,3,2027-03-22,2026-12-22,pooled,65,C_20270322_95.00,EuropeanCall,95.0,2027-03-22
calls_puts,l0,compromise,12,93,0.0,False,3,2027-03-22,2026-12-22,pooled,66,P_20270322_95.00,EuropeanPut,95.0,2027-03-22
calls_puts,l0,compromise,12,94,0.0,False,3,2027-03-22,2026-12-22,pooled,67,C_20270322_100.00,EuropeanCall,100.0,2027-03-22
calls_puts,l0,compromise,12,95,0.0,False,3,2027-03-22,2026-12-22,pooled,68,P_20270322_100.00,EuropeanPut,100.0,2027-03-22
calls_puts,l0,compromise,12,96,0.0,False,3,2027-03-22,2026-12-22,pooled,69,C_20270322_105.00,EuropeanCall,105.0,2027-03-22
calls_puts,l0,compromise,12,97,0.0,False,3,2027-03-22,2026-12-22,pooled,70,P_20270322_105.00,EuropeanPut,105.0,2027-03-22
calls_puts,l0,compromise,12,98,0.0,False,3,2027-03-22,2026-12-22,pooled,71,C_20270322_110.00,EuropeanCall,110.0,2027-03-22
calls_puts,l0,compromise,12,99,0.0,False,3,2027-03-22,2026-12-22,pooled,72,P_20270322_110.00,EuropeanPut,110.0,2027-03-22
calls_puts,l0,compromise,12,100,0.0,False,3,2027-03-22,2026-12-22,pooled,73,C_20270322_115.00,EuropeanCall,115.0,2027-03-22
calls_puts,l0,compromise,12,101,0.0,False,3,2027-03-22,2026-12-22,pooled,74,P_20270322_115.00,EuropeanPut,115.0,2027-03-22
calls_puts,l0,compromise,12,102,0.0,False,3,2027-03-22,2026-12-22,pooled,75,C_20270322_120.00,EuropeanCall,120.0,2027-03-22
calls_puts,l0,compromise,12,103,0.0,False,3,2027-03-22,2026-12-22,pooled,76,P_20270322_120.00,EuropeanPut,120.0,2027-03-22
calls_puts,l0,compromise,12,104,0.0,False,3,2027-03-22,2026-12-22,pooled,77,C_20270322_125.00,EuropeanCall,125.0,2027-03-22
calls_puts,l0,compromise,12,105,0.0,False,3,2027-03-22,2026-12-22,pooled,78,P_20270322_125.00,EuropeanPut,125.0,2027-03-22
calls_puts,l0,compromise,12,106,0.0,False,3,2027-03-22,2026-12-22,pooled,79,C_20270322_130.00,EuropeanCall,130.0,2027-03-22
calls_puts,l0,compromise,12,107,0.0,False,3,2027-03-22,2026-12-22,pooled,80,P_20270322_130.00,EuropeanPut,130.0,2027-03-22
calls_puts,l0,compromise,12,108,0.013113107846101358,True,4,2027-03-22,2026-12-22,barrier_clear,54,CASH_20270322,Cash,0.0,2027-03-22
calls_puts,l0,compromise,12,109,0.0,False,4,2027-03-22,2026-12-22,barrier_clear,55,C_20270322_70.00,EuropeanCall,70.0,2027-03-22
calls_puts,l0,compromise,12,110,0.0,False,4,2027-03-22,2026-12-22,barrier_clear,56,P_20270322_70.00,EuropeanPut,70.0,2027-03-22
calls_puts,l0,compromise,12,111,0.0,False,4,2027-03-22,2026-12-22,barrier_clear,57,C_20270322_75.00,EuropeanCall,75.0,2027-03-22
calls_puts,l0,compromise,12,112,0.0,False,4,2027-03-22,2026-12-22,barrier_clear,58,P_20270322_75.00,EuropeanPut,75.0,2027-03-22
calls_puts,l0,compromise,12,113,0.0,False,4,2027-03-22,2026-12-22,barrier_clear,59,C_20270322_80.00,EuropeanCall,80.0,2027-03-22
calls_puts,l0,compromise,12,114,0.0,False,4,2027-03-22,2026-12-22,barrier_clear,60,P_20270322_80.00,EuropeanPut,80.0,2027-03-22
calls_puts,l0,compromise,12,115,0.0,False,4,2027-03-22,2026-12-22,barrier_clear,61,C_20270322_85.00,EuropeanCall,85.0,2027-03-22
calls_puts,l0,compromise,12,116,0.0,False,4,2027-03-22,2026-12-22,barrier_clear,62,P_20270322_85.00,EuropeanPut,85.0,2027-03-22
calls_puts,l0,compromise,12,117,0.0,False,4,2027-03-22,2026-12-22,barrier_clear,63,C_20270322_90.00,EuropeanCall,90.0,2027-03-22
calls_puts,l0,compromise,12,118,0.0,False,4,2027-03-22,2026-12-22,barrier_clear,64,P_20270322_90.00,EuropeanPut,90.0,2027-03-22
calls_puts,l0,compromise,12,119,0.0,False,4,2027-03-22,2026-12-22,barrier_clear,65,C_20270322_95.00,EuropeanCall,95.0,2027-03-22
calls_puts,l0,compromise,12,120,0.0,False,4,2027-03-22,2026-12-22,barrier_clear,66,P_20270322_95.00,EuropeanPut,95.0,2027-03-22
calls_puts,l0,compromise,12,121,0.0,False,4,2027-03-22,2026-12-22,barrier_clear,67,C_20270322_100.00,EuropeanCall,100.0,2027-03-22
calls_puts,l0,compromise,12,122,0.0,False,4,2027-03-22,2026-12-22,barrier_clear,68,P_20270322_100.00,EuropeanPut,100.0,2027-03-22
calls_puts,l0,compromise,12,123,0.0,False,4,2027-03-22,2026-12-22,barrier_clear,69,C_20270322_105.00,EuropeanCall,105.0,2027-03-22
calls_puts,l0,compromise,12,124,0.0,False,4,2027-03-22,2026-12-22,barrier_clear,70,P_20270322_105.00,EuropeanPut,105.0,2027-03-22
calls_puts,l0,compromise,12,125,0.0,False,4,2027-03-22,2026-12-22,barrier_clear,71,C_20270322_110.00,EuropeanCall,110.0,2027-03-22
calls_puts,l0,compromise,12,126,0.0,False,4,2027-03-22,2026-12-22,barrier_clear,72,P_20270322_110.00,EuropeanPut,110.0,2027-03-22
calls_puts,l0,compromise,12,127,0.0,False,4,2027-03-22,2026-12-22,barrier_clear,73,C_20270322_115.00,EuropeanCall,115.0,2027-03-22
calls_puts,l0,compromise,12,128,0.0,False,4,2027-03-22,2026-12-22,barrier_clear,74,P_20270322_115.00,EuropeanPut,115.0,2027-03-22
calls_puts,l0,compromise,12,129,0.0,False,4,2027-03-22,2026-12-22,barrier_clear,75,C_20270322_120.00,EuropeanCall,120.0,2027-03-22
calls_puts,l0,compromise,12,130,0.0,False,4,2027-03-22,2026-12-22,barrier_clear,76,P_20270322_120.00,EuropeanPut,120.0,2027-03-22
calls_puts,l0,compromise,12,131,0.0,False,4,2027-03-22,2026-12-22,barrier_clear,77,C_20270322_125.00,EuropeanCall,125.0,2027-03-22
calls_puts,l0,compromise,12,132,0.0,False,4,2027-03-22,2026-12-22,barrier_clear,78,P_20270322_125.00,EuropeanPut,125.0,2027-03-22
calls_puts,l0,compromise,12,133,0.0,False,4,2027-03-22,2026-12-22,barrier_clear,79,C_20270322_130.00,EuropeanCall,130.0,2027-03-22
calls_puts,l0,compromise,12,134,0.0,False,4,2027-03-22,2026-12-22,barrier_clear,80,P_20270322_130.00,EuropeanPut,130.0,2027-03-22
calls_puts,l0,compromise,12,135,-0.3808106488252492,True,5,2027-06-22,2027-03-22,pooled,81,CASH_20270622,Cash,0.0,2027-06-22
calls_puts,l0,compromise,12,136,0.0,False,5,2027-06-22,2027-03-22,pooled,82,C_20270622_70.00,EuropeanCall,70.0,2027-06-22
calls_puts,l0,compromise,12,137,0.0,False,5,2027-06-22,2027-03-22,pooled,83,P_20270622_70.00,EuropeanPut,70.0,2027-06-22
calls_puts,l0,compromise,12,138,0.0,False,5,2027-06-22,2027-03-22,pooled,84,C_20270622_75.00,EuropeanCall,75.0,2027-06-22
calls_puts,l0,compromise,12,139,0.0,False,5,2027-06-22,2027-03-22,pooled,85,P_20270622_75.00,EuropeanPut,75.0,2027-06-22
calls_puts,l0,compromise,12,140,0.0,False,5,2027-06-22,2027-03-22,pooled,86,C_20270622_80.00,EuropeanCall,80.0,2027-06-22
calls_puts,l0,compromise,12,141,0.0,False,5,2027-06-22,2027-03-22,pooled,87,P_20270622_80.00,EuropeanPut,80.0,2027-06-22
calls_puts,l0,compromise,12,142,0.0,False,5,2027-06-22,2027-03-22,pooled,88,C_20270622_85.00,EuropeanCall,85.0,2027-06-22
calls_puts,l0,compromise,12,143,0.0,False,5,2027-06-22,2027-03-22,pooled,89,P_20270622_85.00,EuropeanPut,85.0,2027-06-22
calls_puts,l0,compromise,12,144,0.0,False,5,2027-06-22,2027-03-22,pooled,90,C_20270622_90.00,EuropeanCall,90.0,2027-06-22
calls_puts,l0,compromise,12,145,0.0,False,5,2027-06-22,2027-03-22,pooled,91,P_20270622_90.00,EuropeanPut,90.0,2027-06-22
calls_puts,l0,compromise,12,146,0.0,False,5,2027-06-22,2027-03-22,pooled,92,C_20270622_95.00,EuropeanCall,95.0,2027-06-22
calls_puts,l0,compromise,12,147,0.0,False,5,2027-06-22,2027-03-22,pooled,93,P_20270622_95.00,EuropeanPut,95.0,2027-06-22
calls_puts,l0,compromise,12,148,0.0,False,5,2027-06-22,2027-03-22,pooled,94,C_20270622_100.00,EuropeanCall,100.0,2027-06-22
calls_puts,l0,compromise,12,149,0.0,False,5,2027-06-22,2027-03-22,pooled,95,P_20270622_100.00,EuropeanPut,100.0,2027-06-22
calls_puts,l0,compromise,12,150,0.0,False,5,2027-06-22,2027-03-22,pooled,96,C_20270622_105.00,EuropeanCall,105.0,2027-06-22
calls_puts,l0,compromise,12,151,0.0,False,5,2027-06-22,2027-03-22,pooled,97,P_20270622_105.00,EuropeanPut,105.0,2027-06-22
calls_puts,l0,compromise,12,152,0.0,False,5,2027-06-22,2027-03-22,pooled,98,C_20270622_110.00,EuropeanCall,110.0,2027-06-22
calls_puts,l0,compromise,12,153,0.0,False,5,2027-06-22,2027-03-22,pooled,99,P_20270622_110.00,EuropeanPut,110.0,2027-06-22
calls_puts,l0,compromise,12,154,0.0,False,5,2027-06-22,2027-03-22,pooled,100,C_20270622_115.00,EuropeanCall,115.0,2027-06-22
calls_puts,l0,compromise,12,155,0.0,False,5,2027-06-22,2027-03-22,pooled,101,P_20270622_115.00,EuropeanPut,115.0,2027-06-22
calls_puts,l0,compromise,12,156,0.0,False,5,2027-06-22,2027-03-22,pooled,102,C_20270622_120.00,EuropeanCall,120.0,2027-06-22
calls_puts,l0,compromise,12,157,0.0,False,5,2027-06-22,2027-03-22,pooled,103,P_20270622_120.00,EuropeanPut,120.0,2027-06-22
calls_puts,l0,compromise,12,158,0.0,False,5,2027-06-22,2027-03-22,pooled,104,C_20270622_125.00,EuropeanCall,125.0,2027-06-22
calls_puts,l0,compromise,12,159,0.0,False,5,2027-06-22,2027-03-22,pooled,105,P_20270622_125.00,EuropeanPut,125.0,2027-06-22
calls_puts,l0,compromise,12,160,0.0,False,5,2027-06-22,2027-03-22,pooled,106,C_20270622_130.00,EuropeanCall,130.0,2027-06-22
calls_puts,l0,compromise,12,161,0.0,False,5,2027-06-22,2027-03-22,pooled,107,P_20270622_130.00,EuropeanPut,130.0,2027-06-22
calls_puts,l0,compromise,12,162,0.007088101267175674,True,6,2027-06-22,2027-03-22,barrier_clear,81,CASH_20270622,Cash,0.0,2027-06-22
calls_puts,l0,compromise,12,163,0.0,False,6,2027-06-22,2027-03-22,barrier_clear,82,C_20270622_70.00,EuropeanCall,70.0,2027-06-22
calls_puts,l0,compromise,12,164,0.0,False,6,2027-06-22,2027-03-22,barrier_clear,83,P_20270622_70.00,EuropeanPut,70.0,2027-06-22
calls_puts,l0,compromise,12,165,0.0,False,6,2027-06-22,2027-03-22,barrier_clear,84,C_20270622_75.00,EuropeanCall,75.0,2027-06-22
calls_puts,l0,compromise,12,166,-2.93742837275323,True,6,2027-06-22,2027-03-22,barrier_clear,85,P_20270622_75.00,EuropeanPut,75.0,2027-06-22
calls_puts,l0,compromise,12,167,0.0,False,6,2027-06-22,2027-03-22,barrier_clear,86,C_20270622_80.00,EuropeanCall,80.0,2027-06-22
calls_puts,l0,compromise,12,168,-1.69155562733811,True,6,2027-06-22,2027-03-22,barrier_clear,87,P_20270622_80.00,EuropeanPut,80.0,2027-06-22
calls_puts,l0,compromise,12,169,0.0,False,6,2027-06-22,2027-03-22,barrier_clear,88,C_20270622_85.00,EuropeanCall,85.0,2027-06-22
calls_puts,l0,compromise,12,170,0.0,False,6,2027-06-22,2027-03-22,barrier_clear,89,P_20270622_85.00,EuropeanPut,85.0,2027-06-22
calls_puts,l0,compromise,12,171,0.0,False,6,2027-06-22,2027-03-22,barrier_clear,90,C_20270622_90.00,EuropeanCall,90.0,2027-06-22
calls_puts,l0,compromise,12,172,0.0,False,6,2027-06-22,2027-03-22,barrier_clear,91,P_20270622_90.00,EuropeanPut,90.0,2027-06-22
calls_puts,l0,compromise,12,173,0.0,False,6,2027-06-22,2027-03-22,barrier_clear,92,C_20270622_95.00,EuropeanCall,95.0,2027-06-22
calls_puts,l0,compromise,12,174,0.0,False,6,2027-06-22,2027-03-22,barrier_clear,93,P_20270622_95.00,EuropeanPut,95.0,2027-06-22
calls_puts,l0,compromise,12,175,0.0,False,6,2027-06-22,2027-03-22,barrier_clear,94,C_20270622_100.00,EuropeanCall,100.0,2027-06-22
calls_puts,l0,compromise,12,176,0.0,False,6,2027-06-22,2027-03-22,barrier_clear,95,P_20270622_100.00,EuropeanPut,100.0,2027-06-22
calls_puts,l0,compromise,12,177,0.0,False,6,2027-06-22,2027-03-22,barrier_clear,96,C_20270622_105.00,EuropeanCall,105.0,2027-06-22
calls_puts,l0,compromise,12,178,0.0,False,6,2027-06-22,2027-03-22,barrier_clear,97,P_20270622_105.00,EuropeanPut,105.0,2027-06-22
calls_puts,l0,compromise,12,179,0.0,False,6,2027-06-22,2027-03-22,barrier_clear,98,C_20270622_110.00,EuropeanCall,110.0,2027-06-22
calls_puts,l0,compromise,12,180,0.0,False,6,2027-06-22,2027-03-22,barrier_clear,99,P_20270622_110.00,EuropeanPut,110.0,2027-06-22
calls_puts,l0,compromise,12,181,0.0,False,6,2027-06-22,2027-03-22,barrier_clear,100,C_20270622_115.00,EuropeanCall,115.0,2027-06-22
calls_puts,l0,compromise,12,182,0.0,False,6,2027-06-22,2027-03-22,barrier_clear,101,P_20270622_115.00,EuropeanPut,115.0,2027-06-22
calls_puts,l0,compromise,12,183,0.0,False,6,2027-06-22,2027-03-22,barrier_clear,102,C_20270622_120.00,EuropeanCall,120.0,2027-06-22
calls_puts,l0,compromise,12,184,0.0,False,6,2027-06-22,2027-03-22,barrier_clear,103,P_20270622_120.00,EuropeanPut,120.0,2027-06-22
calls_puts,l0,compromise,12,185,0.0,False,6,2027-06-22,2027-03-22,barrier_clear,104,C_20270622_125.00,EuropeanCall,125.0,2027-06-22
calls_puts,l0,compromise,12,186,0.0,False,6,2027-06-22,2027-03-22,barrier_clear,105,P_20270622_125.00,EuropeanPut,125.0,2027-06-22
calls_puts,l0,compromise,12,187,0.0,False,6,2027-06-22,2027-03-22,barrier_clear,106,C_20270622_130.00,EuropeanCall,130.0,2027-06-22
calls_puts,l0,compromise,12,188,0.0,False,6,2027-06-22,2027-03-22,barrier_clear,107,P_20270622_130.00,EuropeanPut,130.0,2027-06-22
calls_puts,l0,parsimony,12,0,1.0200140718358774,True,0,2026-09-22,,initial,0,CASH_20260922,Cash,0.0,2026-09-22
calls_puts,l0,parsimony,12,1,0.0,False,0,2026-09-22,,initial,1,C_20260922_70.00,EuropeanCall,70.0,2026-09-22
calls_puts,l0,parsimony,12,2,0.0,False,0,2026-09-22,,initial,2,P_20260922_70.00,EuropeanPut,70.0,2026-09-22
calls_puts,l0,parsimony,12,3,0.0,False,0,2026-09-22,,initial,3,C_20260922_75.00,EuropeanCall,75.0,2026-09-22
calls_puts,l0,parsimony,12,4,0.0,False,0,2026-09-22,,initial,4,P_20260922_75.00,EuropeanPut,75.0,2026-09-22
calls_puts,l0,parsimony,12,5,0.0,False,0,2026-09-22,,initial,5,C_20260922_80.00,EuropeanCall,80.0,2026-09-22
calls_puts,l0,parsimony,12,6,0.0,False,0,2026-09-22,,initial,6,P_20260922_80.00,EuropeanPut,80.0,2026-09-22
calls_puts,l0,parsimony,12,7,0.0,False,0,2026-09-22,,initial,7,C_20260922_85.00,EuropeanCall,85.0,2026-09-22
calls_puts,l0,parsimony,12,8,0.0,False,0,2026-09-22,,initial,8,P_20260922_85.00,EuropeanPut,85.0,2026-09-22
calls_puts,l0,parsimony,12,9,0.0,False,0,2026-09-22,,initial,9,C_20260922_90.00,EuropeanCall,90.0,2026-09-22
calls_puts,l0,parsimony,12,10,0.0,False,0,2026-09-22,,initial,10,P_20260922_90.00,EuropeanPut,90.0,2026-09-22
calls_puts,l0,parsimony,12,11,0.0,False,0,2026-09-22,,initial,11,C_20260922_95.00,EuropeanCall,95.0,2026-09-22
calls_puts,l0,parsimony,12,12,0.0,False,0,2026-09-22,,initial,12,P_20260922_95.00,EuropeanPut,95.0,2026-09-22
calls_puts,l0,parsimony,12,13,0.0,False,0,2026-09-22,,initial,13,C_20260922_100.00,EuropeanCall,100.0,2026-09-22
calls_puts,l0,parsimony,12,14,0.0,False,0,2026-09-22,,initial,14,P_20260922_100.00,EuropeanPut,100.0,2026-09-22
calls_puts,l0,parsimony,12,15,0.0,False,0,2026-09-22,,initial,15,C_20260922_105.00,EuropeanCall,105.0,2026-09-22
calls_puts,l0,parsimony,12,16,0.0,False,0,2026-09-22,,initial,16,P_20260922_105.00,EuropeanPut,105.0,2026-09-22
calls_puts,l0,parsimony,12,17,0.0,False,0,2026-09-22,,initial,17,C_20260922_110.00,EuropeanCall,110.0,2026-09-22
calls_puts,l0,parsimony,12,18,0.0,False,0,2026-09-22,,initial,18,P_20260922_110.00,EuropeanPut,110.0,2026-09-22
calls_puts,l0,parsimony,12,19,0.0,False,0,2026-09-22,,initial,19,C_20260922_115.00,EuropeanCall,115.0,2026-09-22
calls_puts,l0,parsimony,12,20,0.0,False,0,2026-09-22,,initial,20,P_20260922_115.00,EuropeanPut,115.0,2026-09-22
calls_puts,l0,parsimony,12,21,0.0,False,0,2026-09-22,,initial,21,C_20260922_120.00,EuropeanCall,120.0,2026-09-22
calls_puts,l0,parsimony,12,22,0.0,False,0,2026-09-22,,initial,22,P_20260922_120.00,EuropeanPut,120.0,2026-09-22
calls_puts,l0,parsimony,12,23,0.0,False,0,2026-09-22,,initial,23,C_20260922_125.00,EuropeanCall,125.0,2026-09-22
calls_puts,l0,parsimony,12,24,0.0,False,0,2026-09-22,,initial,24,P_20260922_125.00,EuropeanPut,125.0,2026-09-22
calls_puts,l0,parsimony,12,25,0.0,False,0,2026-09-22,,initial,25,C_20260922_130.00,EuropeanCall,130.0,2026-09-22
calls_puts,l0,parsimony,12,26,0.0,False,0,2026-09-22,,initial,26,P_20260922_130.00,EuropeanPut,130.0,2026-09-22
calls_puts,l0,parsimony,12,27,-1.9984014443252818e-14,False,1,2026-12-22,2026-09-22,pooled,27,CASH_20261222,Cash,0.0,2026-12-22
calls_puts,l0,parsimony,12,28,0.0,False,1,2026-12-22,2026-09-22,pooled,28,C_20261222_70.00,EuropeanCall,70.0,2026-12-22
calls_puts,l0,parsimony,12,29,0.0,False,1,2026-12-22,2026-09-22,pooled,29,P_20261222_70.00,EuropeanPut,70.0,2026-12-22
calls_puts,l0,parsimony,12,30,0.0,False,1,2026-12-22,2026-09-22,pooled,30,C_20261222_75.00,EuropeanCall,75.0,2026-12-22
calls_puts,l0,parsimony,12,31,0.0,False,1,2026-12-22,2026-09-22,pooled,31,P_20261222_75.00,EuropeanPut,75.0,2026-12-22
calls_puts,l0,parsimony,12,32,0.0,False,1,2026-12-22,2026-09-22,pooled,32,C_20261222_80.00,EuropeanCall,80.0,2026-12-22
calls_puts,l0,parsimony,12,33,0.0,False,1,2026-12-22,2026-09-22,pooled,33,P_20261222_80.00,EuropeanPut,80.0,2026-12-22
calls_puts,l0,parsimony,12,34,0.0,False,1,2026-12-22,2026-09-22,pooled,34,C_20261222_85.00,EuropeanCall,85.0,2026-12-22
calls_puts,l0,parsimony,12,35,0.0,False,1,2026-12-22,2026-09-22,pooled,35,P_20261222_85.00,EuropeanPut,85.0,2026-12-22
calls_puts,l0,parsimony,12,36,0.0,False,1,2026-12-22,2026-09-22,pooled,36,C_20261222_90.00,EuropeanCall,90.0,2026-12-22
calls_puts,l0,parsimony,12,37,0.0,False,1,2026-12-22,2026-09-22,pooled,37,P_20261222_90.00,EuropeanPut,90.0,2026-12-22
calls_puts,l0,parsimony,12,38,0.0,False,1,2026-12-22,2026-09-22,pooled,38,C_20261222_95.00,EuropeanCall,95.0,2026-12-22
calls_puts,l0,parsimony,12,39,0.0,False,1,2026-12-22,2026-09-22,pooled,39,P_20261222_95.00,EuropeanPut,95.0,2026-12-22
calls_puts,l0,parsimony,12,40,0.0,False,1,2026-12-22,2026-09-22,pooled,40,C_20261222_100.00,EuropeanCall,100.0,2026-12-22
calls_puts,l0,parsimony,12,41,0.0,False,1,2026-12-22,2026-09-22,pooled,41,P_20261222_100.00,EuropeanPut,100.0,2026-12-22
calls_puts,l0,parsimony,12,42,0.0,False,1,2026-12-22,2026-09-22,pooled,42,C_20261222_105.00,EuropeanCall,105.0,2026-12-22
calls_puts,l0,parsimony,12,43,0.0,False,1,2026-12-22,2026-09-22,pooled,43,P_20261222_105.00,EuropeanPut,105.0,2026-12-22
calls_puts,l0,parsimony,12,44,0.0,False,1,2026-12-22,2026-09-22,pooled,44,C_20261222_110.00,EuropeanCall,110.0,2026-12-22
calls_puts,l0,parsimony,12,45,0.0,False,1,2026-12-22,2026-09-22,pooled,45,P_20261222_110.00,EuropeanPut,110.0,2026-12-22
calls_puts,l0,parsimony,12,46,0.0,False,1,2026-12-22,2026-09-22,pooled,46,C_20261222_115.00,EuropeanCall,115.0,2026-12-22
calls_puts,l0,parsimony,12,47,0.0,False,1,2026-12-22,2026-09-22,pooled,47,P_20261222_115.00,EuropeanPut,115.0,2026-12-22
calls_puts,l0,parsimony,12,48,0.0,False,1,2026-12-22,2026-09-22,pooled,48,C_20261222_120.00,EuropeanCall,120.0,2026-12-22
calls_puts,l0,parsimony,12,49,0.0,False,1,2026-12-22,2026-09-22,pooled,49,P_20261222_120.00,EuropeanPut,120.0,2026-12-22
calls_puts,l0,parsimony,12,50,0.0,False,1,2026-12-22,2026-09-22,pooled,50,C_20261222_125.00,EuropeanCall,125.0,2026-12-22
calls_puts,l0,parsimony,12,51,0.0,False,1,2026-12-22,2026-09-22,pooled,51,P_20261222_125.00,EuropeanPut,125.0,2026-12-22
calls_puts,l0,parsimony,12,52,0.0,False,1,2026-12-22,2026-09-22,pooled,52,C_20261222_130.00,EuropeanCall,130.0,2026-12-22
calls_puts,l0,parsimony,12,53,0.0,False,1,2026-12-22,2026-09-22,pooled,53,P_20261222_130.00,EuropeanPut,130.0,2026-12-22
calls_puts,l0,parsimony,12,54,0.01229468038971132,True,2,2026-12-22,2026-09-22,barrier_clear,27,CASH_20261222,Cash,0.0,2026-12-22
calls_puts,l0,parsimony,12,55,0.0,False,2,2026-12-22,2026-09-22,barrier_clear,28,C_20261222_70.00,EuropeanCall,70.0,2026-12-22
calls_puts,l0,parsimony,12,56,0.0,False,2,2026-12-22,2026-09-22,barrier_clear,29,P_20261222_70.00,EuropeanPut,70.0,2026-12-22
calls_puts,l0,parsimony,12,57,0.0,False,2,2026-12-22,2026-09-22,barrier_clear,30,C_20261222_75.00,EuropeanCall,75.0,2026-12-22
calls_puts,l0,parsimony,12,58,0.0,False,2,2026-12-22,2026-09-22,barrier_clear,31,P_20261222_75.00,EuropeanPut,75.0,2026-12-22
calls_puts,l0,parsimony,12,59,0.0,False,2,2026-12-22,2026-09-22,barrier_clear,32,C_20261222_80.00,EuropeanCall,80.0,2026-12-22
calls_puts,l0,parsimony,12,60,0.0,False,2,2026-12-22,2026-09-22,barrier_clear,33,P_20261222_80.00,EuropeanPut,80.0,2026-12-22
calls_puts,l0,parsimony,12,61,0.0,False,2,2026-12-22,2026-09-22,barrier_clear,34,C_20261222_85.00,EuropeanCall,85.0,2026-12-22
calls_puts,l0,parsimony,12,62,0.0,False,2,2026-12-22,2026-09-22,barrier_clear,35,P_20261222_85.00,EuropeanPut,85.0,2026-12-22
calls_puts,l0,parsimony,12,63,0.0,False,2,2026-12-22,2026-09-22,barrier_clear,36,C_20261222_90.00,EuropeanCall,90.0,2026-12-22
calls_puts,l0,parsimony,12,64,0.0,False,2,2026-12-22,2026-09-22,barrier_clear,37,P_20261222_90.00,EuropeanPut,90.0,2026-12-22
calls_puts,l0,parsimony,12,65,0.0,False,2,2026-12-22,2026-09-22,barrier_clear,38,C_20261222_95.00,EuropeanCall,95.0,2026-12-22
calls_puts,l0,parsimony,12,66,0.0,False,2,2026-12-22,2026-09-22,barrier_clear,39,P_20261222_95.00,EuropeanPut,95.0,2026-12-22
calls_puts,l0,parsimony,12,67,0.0,False,2,2026-12-22,2026-09-22,barrier_clear,40,C_20261222_100.00,EuropeanCall,100.0,2026-12-22
calls_puts,l0,parsimony,12,68,0.0,False,2,2026-12-22,2026-09-22,barrier_clear,41,P_20261222_100.00,EuropeanPut,100.0,2026-12-22
calls_puts,l0,parsimony,12,69,0.0,False,2,2026-12-22,2026-09-22,barrier_clear,42,C_20261222_105.00,EuropeanCall,105.0,2026-12-22
calls_puts,l0,parsimony,12,70,0.0,False,2,2026-12-22,2026-09-22,barrier_clear,43,P_20261222_105.00,EuropeanPut,105.0,2026-12-22
calls_puts,l0,parsimony,12,71,0.0,False,2,2026-12-22,2026-09-22,barrier_clear,44,C_20261222_110.00,EuropeanCall,110.0,2026-12-22
calls_puts,l0,parsimony,12,72,0.0,False,2,2026-12-22,2026-09-22,barrier_clear,45,P_20261222_110.00,EuropeanPut,110.0,2026-12-22
calls_puts,l0,parsimony,12,73,0.0,False,2,2026-12-22,2026-09-22,barrier_clear,46,C_20261222_115.00,EuropeanCall,115.0,2026-12-22
calls_puts,l0,parsimony,12,74,0.0,False,2,2026-12-22,2026-09-22,barrier_clear,47,P_20261222_115.00,EuropeanPut,115.0,2026-12-22
calls_puts,l0,parsimony,12,75,0.0,False,2,2026-12-22,2026-09-22,barrier_clear,48,C_20261222_120.00,EuropeanCall,120.0,2026-12-22
calls_puts,l0,parsimony,12,76,0.0,False,2,2026-12-22,2026-09-22,barrier_clear,49,P_20261222_120.00,EuropeanPut,120.0,2026-12-22
calls_puts,l0,parsimony,12,77,0.0,False,2,2026-12-22,2026-09-22,barrier_clear,50,C_20261222_125.00,EuropeanCall,125.0,2026-12-22
calls_puts,l0,parsimony,12,78,0.0,False,2,2026-12-22,2026-09-22,barrier_clear,51,P_20261222_125.00,EuropeanPut,125.0,2026-12-22
calls_puts,l0,parsimony,12,79,0.0,False,2,2026-12-22,2026-09-22,barrier_clear,52,C_20261222_130.00,EuropeanCall,130.0,2026-12-22
calls_puts,l0,parsimony,12,80,0.0,False,2,2026-12-22,2026-09-22,barrier_clear,53,P_20261222_130.00,EuropeanPut,130.0,2026-12-22
calls_puts,l0,parsimony,12,81,0.024134960471138424,True,3,2027-03-22,2026-12-22,pooled,54,CASH_20270322,Cash,0.0,2027-03-22
calls_puts,l0,parsimony,12,82,0.0,False,3,2027-03-22,2026-12-22,pooled,55,C_20270322_70.00,EuropeanCall,70.0,2027-03-22
calls_puts,l0,parsimony,12,83,0.0,False,3,2027-03-22,2026-12-22,pooled,56,P_20270322_70.00,EuropeanPut,70.0,2027-03-22
calls_puts,l0,parsimony,12,84,0.0,False,3,2027-03-22,2026-12-22,pooled,57,C_20270322_75.00,EuropeanCall,75.0,2027-03-22
calls_puts,l0,parsimony,12,85,0.0,False,3,2027-03-22,2026-12-22,pooled,58,P_20270322_75.00,EuropeanPut,75.0,2027-03-22
calls_puts,l0,parsimony,12,86,0.0,False,3,2027-03-22,2026-12-22,pooled,59,C_20270322_80.00,EuropeanCall,80.0,2027-03-22
calls_puts,l0,parsimony,12,87,0.0,False,3,2027-03-22,2026-12-22,pooled,60,P_20270322_80.00,EuropeanPut,80.0,2027-03-22
calls_puts,l0,parsimony,12,88,0.0,False,3,2027-03-22,2026-12-22,pooled,61,C_20270322_85.00,EuropeanCall,85.0,2027-03-22
calls_puts,l0,parsimony,12,89,0.0,False,3,2027-03-22,2026-12-22,pooled,62,P_20270322_85.00,EuropeanPut,85.0,2027-03-22
calls_puts,l0,parsimony,12,90,0.0,False,3,2027-03-22,2026-12-22,pooled,63,C_20270322_90.00,EuropeanCall,90.0,2027-03-22
calls_puts,l0,parsimony,12,91,0.0,False,3,2027-03-22,2026-12-22,pooled,64,P_20270322_90.00,EuropeanPut,90.0,2027-03-22
calls_puts,l0,parsimony,12,92,0.0,False,3,2027-03-22,2026-12-22,pooled,65,C_20270322_95.00,EuropeanCall,95.0,2027-03-22
calls_puts,l0,parsimony,12,93,0.0,False,3,2027-03-22,2026-12-22,pooled,66,P_20270322_95.00,EuropeanPut,95.0,2027-03-22
calls_puts,l0,parsimony,12,94,0.0,False,3,2027-03-22,2026-12-22,pooled,67,C_20270322_100.00,EuropeanCall,100.0,2027-03-22
calls_puts,l0,parsimony,12,95,0.0,False,3,2027-03-22,2026-12-22,pooled,68,P_20270322_100.00,EuropeanPut,100.0,2027-03-22
calls_puts,l0,parsimony,12,96,0.0,False,3,2027-03-22,2026-12-22,pooled,69,C_20270322_105.00,EuropeanCall,105.0,2027-03-22
calls_puts,l0,parsimony,12,97,0.0,False,3,2027-03-22,2026-12-22,pooled,70,P_20270322_105.00,EuropeanPut,105.0,2027-03-22
calls_puts,l0,parsimony,12,98,0.0,False,3,2027-03-22,2026-12-22,pooled,71,C_20270322_110.00,EuropeanCall,110.0,2027-03-22
calls_puts,l0,parsimony,12,99,0.0,False,3,2027-03-22,2026-12-22,pooled,72,P_20270322_110.00,EuropeanPut,110.0,2027-03-22
calls_puts,l0,parsimony,12,100,0.0,False,3,2027-03-22,2026-12-22,pooled,73,C_20270322_115.00,EuropeanCall,115.0,2027-03-22
calls_puts,l0,parsimony,12,101,0.0,False,3,2027-03-22,2026-12-22,pooled,74,P_20270322_115.00,EuropeanPut,115.0,2027-03-22
calls_puts,l0,parsimony,12,102,0.0,False,3,2027-03-22,2026-12-22,pooled,75,C_20270322_120.00,EuropeanCall,120.0,2027-03-22
calls_puts,l0,parsimony,12,103,0.0,False,3,2027-03-22,2026-12-22,pooled,76,P_20270322_120.00,EuropeanPut,120.0,2027-03-22
calls_puts,l0,parsimony,12,104,0.0,False,3,2027-03-22,2026-12-22,pooled,77,C_20270322_125.00,EuropeanCall,125.0,2027-03-22
calls_puts,l0,parsimony,12,105,0.0,False,3,2027-03-22,2026-12-22,pooled,78,P_20270322_125.00,EuropeanPut,125.0,2027-03-22
calls_puts,l0,parsimony,12,106,0.0,False,3,2027-03-22,2026-12-22,pooled,79,C_20270322_130.00,EuropeanCall,130.0,2027-03-22
calls_puts,l0,parsimony,12,107,0.0,False,3,2027-03-22,2026-12-22,pooled,80,P_20270322_130.00,EuropeanPut,130.0,2027-03-22
calls_puts,l0,parsimony,12,108,0.013113107846101358,True,4,2027-03-22,2026-12-22,barrier_clear,54,CASH_20270322,Cash,0.0,2027-03-22
calls_puts,l0,parsimony,12,109,0.0,False,4,2027-03-22,2026-12-22,barrier_clear,55,C_20270322_70.00,EuropeanCall,70.0,2027-03-22
calls_puts,l0,parsimony,12,110,0.0,False,4,2027-03-22,2026-12-22,barrier_clear,56,P_20270322_70.00,EuropeanPut,70.0,2027-03-22
calls_puts,l0,parsimony,12,111,0.0,False,4,2027-03-22,2026-12-22,barrier_clear,57,C_20270322_75.00,EuropeanCall,75.0,2027-03-22
calls_puts,l0,parsimony,12,112,0.0,False,4,2027-03-22,2026-12-22,barrier_clear,58,P_20270322_75.00,EuropeanPut,75.0,2027-03-22
calls_puts,l0,parsimony,12,113,0.0,False,4,2027-03-22,2026-12-22,barrier_clear,59,C_20270322_80.00,EuropeanCall,80.0,2027-03-22
calls_puts,l0,parsimony,12,114,0.0,False,4,2027-03-22,2026-12-22,barrier_clear,60,P_20270322_80.00,EuropeanPut,80.0,2027-03-22
calls_puts,l0,parsimony,12,115,0.0,False,4,2027-03-22,2026-12-22,barrier_clear,61,C_20270322_85.00,EuropeanCall,85.0,2027-03-22
calls_puts,l0,parsimony,12,116,0.0,False,4,2027-03-22,2026-12-22,barrier_clear,62,P_20270322_85.00,EuropeanPut,85.0,2027-03-22
calls_puts,l0,parsimony,12,117,0.0,False,4,2027-03-22,2026-12-22,barrier_clear,63,C_20270322_90.00,EuropeanCall,90.0,2027-03-22
calls_puts,l0,parsimony,12,118,0.0,False,4,2027-03-22,2026-12-22,barrier_clear,64,P_20270322_90.00,EuropeanPut,90.0,2027-03-22
calls_puts,l0,parsimony,12,119,0.0,False,4,2027-03-22,2026-12-22,barrier_clear,65,C_20270322_95.00,EuropeanCall,95.0,2027-03-22
calls_puts,l0,parsimony,12,120,0.0,False,4,2027-03-22,2026-12-22,barrier_clear,66,P_20270322_95.00,EuropeanPut,95.0,2027-03-22
calls_puts,l0,parsimony,12,121,0.0,False,4,2027-03-22,2026-12-22,barrier_clear,67,C_20270322_100.00,EuropeanCall,100.0,2027-03-22
calls_puts,l0,parsimony,12,122,0.0,False,4,2027-03-22,2026-12-22,barrier_clear,68,P_20270322_100.00,EuropeanPut,100.0,2027-03-22
calls_puts,l0,parsimony,12,123,0.0,False,4,2027-03-22,2026-12-22,barrier_clear,69,C_20270322_105.00,EuropeanCall,105.0,2027-03-22
calls_puts,l0,parsimony,12,124,0.0,False,4,2027-03-22,2026-12-22,barrier_clear,70,P_20270322_105.00,EuropeanPut,105.0,2027-03-22
calls_puts,l0,parsimony,12,125,0.0,False,4,2027-03-22,2026-12-22,barrier_clear,71,C_20270322_110.00,EuropeanCall,110.0,2027-03-22
calls_puts,l0,parsimony,12,126,0.0,False,4,2027-03-22,2026-12-22,barrier_clear,72,P_20270322_110.00,EuropeanPut,110.0,2027-03-22
calls_puts,l0,parsimony,12,127,0.0,False,4,2027-03-22,2026-12-22,barrier_clear,73,C_20270322_115.00,EuropeanCall,115.0,2027-03-22
calls_puts,l0,parsimony,12,128,0.0,False,4,2027-03-22,2026-12-22,barrier_clear,74,P_20270322_115.00,EuropeanPut,115.0,2027-03-22
calls_puts,l0,parsimony,12,129,0.0,False,4,2027-03-22,2026-12-22,barrier_clear,75,C_20270322_120.00,EuropeanCall,120.0,2027-03-22
calls_puts,l0,parsimony,12,130,0.0,False,4,2027-03-22,2026-12-22,barrier_clear,76,P_20270322_120.00,EuropeanPut,120.0,2027-03-22
calls_puts,l0,parsimony,12,131,0.0,False,4,2027-03-22,2026-12-22,barrier_clear,77,C_20270322_125.00,EuropeanCall,125.0,2027-03-22
calls_puts,l0,parsimony,12,132,0.0,False,4,2027-03-22,2026-12-22,barrier_clear,78,P_20270322_125.00,EuropeanPut,125.0,2027-03-22
calls_puts,l0,parsimony,12,133,0.0,False,4,2027-03-22,2026-12-22,barrier_clear,79,C_20270322_130.00,EuropeanCall,130.0,2027-03-22
calls_puts,l0,parsimony,12,134,0.0,False,4,2027-03-22,2026-12-22,barrier_clear,80,P_20270322_130.00,EuropeanPut,130.0,2027-03-22
calls_puts,l0,parsimony,12,135,-0.3808106488252492,True,5,2027-06-22,2027-03-22,pooled,81,CASH_20270622,Cash,0.0,2027-06-22
calls_puts,l0,parsimony,12,136,0.0,False,5,2027-06-22,2027-03-22,pooled,82,C_20270622_70.00,EuropeanCall,70.0,2027-06-22
calls_puts,l0,parsimony,12,137,0.0,False,5,2027-06-22,2027-03-22,pooled,83,P_20270622_70.00,EuropeanPut,70.0,2027-06-22
calls_puts,l0,parsimony,12,138,0.0,False,5,2027-06-22,2027-03-22,pooled,84,C_20270622_75.00,EuropeanCall,75.0,2027-06-22
calls_puts,l0,parsimony,12,139,0.0,False,5,2027-06-22,2027-03-22,pooled,85,P_20270622_75.00,EuropeanPut,75.0,2027-06-22
calls_puts,l0,parsimony,12,140,0.0,False,5,2027-06-22,2027-03-22,pooled,86,C_20270622_80.00,EuropeanCall,80.0,2027-06-22
calls_puts,l0,parsimony,12,141,0.0,False,5,2027-06-22,2027-03-22,pooled,87,P_20270622_80.00,EuropeanPut,80.0,2027-06-22
calls_puts,l0,parsimony,12,142,0.0,False,5,2027-06-22,2027-03-22,pooled,88,C_20270622_85.00,EuropeanCall,85.0,2027-06-22
calls_puts,l0,parsimony,12,143,0.0,False,5,2027-06-22,2027-03-22,pooled,89,P_20270622_85.00,EuropeanPut,85.0,2027-06-22
calls_puts,l0,parsimony,12,144,0.0,False,5,2027-06-22,2027-03-22,pooled,90,C_20270622_90.00,EuropeanCall,90.0,2027-06-22
calls_puts,l0,parsimony,12,145,0.0,False,5,2027-06-22,2027-03-22,pooled,91,P_20270622_90.00,EuropeanPut,90.0,2027-06-22
calls_puts,l0,parsimony,12,146,0.0,False,5,2027-06-22,2027-03-22,pooled,92,C_20270622_95.00,EuropeanCall,95.0,2027-06-22
calls_puts,l0,parsimony,12,147,0.0,False,5,2027-06-22,2027-03-22,pooled,93,P_20270622_95.00,EuropeanPut,95.0,2027-06-22
calls_puts,l0,parsimony,12,148,0.0,False,5,2027-06-22,2027-03-22,pooled,94,C_20270622_100.00,EuropeanCall,100.0,2027-06-22
calls_puts,l0,parsimony,12,149,0.0,False,5,2027-06-22,2027-03-22,pooled,95,P_20270622_100.00,EuropeanPut,100.0,2027-06-22
calls_puts,l0,parsimony,12,150,0.0,False,5,2027-06-22,2027-03-22,pooled,96,C_20270622_105.00,EuropeanCall,105.0,2027-06-22
calls_puts,l0,parsimony,12,151,0.0,False,5,2027-06-22,2027-03-22,pooled,97,P_20270622_105.00,EuropeanPut,105.0,2027-06-22
calls_puts,l0,parsimony,12,152,0.0,False,5,2027-06-22,2027-03-22,pooled,98,C_20270622_110.00,EuropeanCall,110.0,2027-06-22
calls_puts,l0,parsimony,12,153,0.0,False,5,2027-06-22,2027-03-22,pooled,99,P_20270622_110.00,EuropeanPut,110.0,2027-06-22
calls_puts,l0,parsimony,12,154,0.0,False,5,2027-06-22,2027-03-22,pooled,100,C_20270622_115.00,EuropeanCall,115.0,2027-06-22
calls_puts,l0,parsimony,12,155,0.0,False,5,2027-06-22,2027-03-22,pooled,101,P_20270622_115.00,EuropeanPut,115.0,2027-06-22
calls_puts,l0,parsimony,12,156,0.0,False,5,2027-06-22,2027-03-22,pooled,102,C_20270622_120.00,EuropeanCall,120.0,2027-06-22
calls_puts,l0,parsimony,12,157,0.0,False,5,2027-06-22,2027-03-22,pooled,103,P_20270622_120.00,EuropeanPut,120.0,2027-06-22
calls_puts,l0,parsimony,12,158,0.0,False,5,2027-06-22,2027-03-22,pooled,104,C_20270622_125.00,EuropeanCall,125.0,2027-06-22
calls_puts,l0,parsimony,12,159,0.0,False,5,2027-06-22,2027-03-22,pooled,105,P_20270622_125.00,EuropeanPut,125.0,2027-06-22
calls_puts,l0,parsimony,12,160,0.0,False,5,2027-06-22,2027-03-22,pooled,106,C_20270622_130.00,EuropeanCall,130.0,2027-06-22
calls_puts,l0,parsimony,12,161,0.0,False,5,2027-06-22,2027-03-22,pooled,107,P_20270622_130.00,EuropeanPut,130.0,2027-06-22
calls_puts,l0,parsimony,12,162,0.007088101267175674,True,6,2027-06-22,2027-03-22,barrier_clear,81,CASH_20270622,Cash,0.0,2027-06-22
calls_puts,l0,parsimony,12,163,0.0,False,6,2027-06-22,2027-03-22,barrier_clear,82,C_20270622_70.00,EuropeanCall,70.0,2027-06-22
calls_puts,l0,parsimony,12,164,0.0,False,6,2027-06-22,2027-03-22,barrier_clear,83,P_20270622_70.00,EuropeanPut,70.0,2027-06-22
calls_puts,l0,parsimony,12,165,0.0,False,6,2027-06-22,2027-03-22,barrier_clear,84,C_20270622_75.00,EuropeanCall,75.0,2027-06-22
calls_puts,l0,parsimony,12,166,-2.93742837275323,True,6,2027-06-22,2027-03-22,barrier_clear,85,P_20270622_75.00,EuropeanPut,75.0,2027-06-22
calls_puts,l0,parsimony,12,167,0.0,False,6,2027-06-22,2027-03-22,barrier_clear,86,C_20270622_80.00,EuropeanCall,80.0,2027-06-22
calls_puts,l0,parsimony,12,168,-1.69155562733811,True,6,2027-06-22,2027-03-22,barrier_clear,87,P_20270622_80.00,EuropeanPut,80.0,2027-06-22
calls_puts,l0,parsimony,12,169,0.0,False,6,2027-06-22,2027-03-22,barrier_clear,88,C_20270622_85.00,EuropeanCall,85.0,2027-06-22
calls_puts,l0,parsimony,12,170,0.0,False,6,2027-06-22,2027-03-22,barrier_clear,89,P_20270622_85.00,EuropeanPut,85.0,2027-06-22
calls_puts,l0,parsimony,12,171,0.0,False,6,2027-06-22,2027-03-22,barrier_clear,90,C_20270622_90.00,EuropeanCall,90.0,2027-06-22
calls_puts,l0,parsimony,12,172,0.0,False,6,2027-06-22,2027-03-22,barrier_clear,91,P_20270622_90.00,EuropeanPut,90.0,2027-06-22
calls_puts,l0,parsimony,12,173,0.0,False,6,2027-06-22,2027-03-22,barrier_clear,92,C_20270622_95.00,EuropeanCall,95.0,2027-06-22
calls_puts,l0,parsimony,12,174,0.0,False,6,2027-06-22,2027-03-22,barrier_clear,93,P_20270622_95.00,EuropeanPut,95.0,2027-06-22
calls_puts,l0,parsimony,12,175,0.0,False,6,2027-06-22,2027-03-22,barrier_clear,94,C_20270622_100.00,EuropeanCall,100.0,2027-06-22
calls_puts,l0,parsimony,12,176,0.0,False,6,2027-06-22,2027-03-22,barrier_clear,95,P_20270622_100.00,EuropeanPut,100.0,2027-06-22
calls_puts,l0,parsimony,12,177,0.0,False,6,2027-06-22,2027-03-22,barrier_clear,96,C_20270622_105.00,EuropeanCall,105.0,2027-06-22
calls_puts,l0,parsimony,12,178,0.0,False,6,2027-06-22,2027-03-22,barrier_clear,97,P_20270622_105.00,EuropeanPut,105.0,2027-06-22
calls_puts,l0,parsimony,12,179,0.0,False,6,2027-06-22,2027-03-22,barrier_clear,98,C_20270622_110.00,EuropeanCall,110.0,2027-06-22
calls_puts,l0,parsimony,12,180,0.0,False,6,2027-06-22,2027-03-22,barrier_clear,99,P_20270622_110.00,EuropeanPut,110.0,2027-06-22
calls_puts,l0,parsimony,12,181,0.0,False,6,2027-06-22,2027-03-22,barrier_clear,100,C_20270622_115.00,EuropeanCall,115.0,2027-06-22
calls_puts,l0,parsimony,12,182,0.0,False,6,2027-06-22,2027-03-22,barrier_clear,101,P_20270622_115.00,EuropeanPut,115.0,2027-06-22
calls_puts,l0,parsimony,12,183,0.0,False,6,2027-06-22,2027-03-22,barrier_clear,102,C_20270622_120.00,EuropeanCall,120.0,2027-06-22
calls_puts,l0,parsimony,12,184,0.0,False,6,2027-06-22,2027-03-22,barrier_clear,103,P_20270622_120.00,EuropeanPut,120.0,2027-06-22
calls_puts,l0,parsimony,12,185,0.0,False,6,2027-06-22,2027-03-22,barrier_clear,104,C_20270622_125.00,EuropeanCall,125.0,2027-06-22
calls_puts,l0,parsimony,12,186,0.0,False,6,2027-06-22,2027-03-22,barrier_clear,105,P_20270622_125.00,EuropeanPut,125.0,2027-06-22
calls_puts,l0,parsimony,12,187,0.0,False,6,2027-06-22,2027-03-22,barrier_clear,106,C_20270622_130.00,EuropeanCall,130.0,2027-06-22
calls_puts,l0,parsimony,12,188,0.0,False,6,2027-06-22,2027-03-22,barrier_clear,107,P_20270622_130.00,EuropeanPut,130.0,2027-06-22
calls_puts,l1,performance,9,0,1.0200138733510875,True,0,2026-09-22,,initial,0,CASH_20260922,Cash,0.0,2026-09-22
calls_puts,l1,performance,9,1,0.0,False,0,2026-09-22,,initial,1,C_20260922_70.00,EuropeanCall,70.0,2026-09-22
calls_puts,l1,performance,9,2,0.0,False,0,2026-09-22,,initial,2,P_20260922_70.00,EuropeanPut,70.0,2026-09-22
calls_puts,l1,performance,9,3,0.0,False,0,2026-09-22,,initial,3,C_20260922_75.00,EuropeanCall,75.0,2026-09-22
calls_puts,l1,performance,9,4,-0.0,False,0,2026-09-22,,initial,4,P_20260922_75.00,EuropeanPut,75.0,2026-09-22
calls_puts,l1,performance,9,5,0.0,False,0,2026-09-22,,initial,5,C_20260922_80.00,EuropeanCall,80.0,2026-09-22
calls_puts,l1,performance,9,6,-0.0,False,0,2026-09-22,,initial,6,P_20260922_80.00,EuropeanPut,80.0,2026-09-22
calls_puts,l1,performance,9,7,0.0,False,0,2026-09-22,,initial,7,C_20260922_85.00,EuropeanCall,85.0,2026-09-22
calls_puts,l1,performance,9,8,0.0,False,0,2026-09-22,,initial,8,P_20260922_85.00,EuropeanPut,85.0,2026-09-22
calls_puts,l1,performance,9,9,0.0,False,0,2026-09-22,,initial,9,C_20260922_90.00,EuropeanCall,90.0,2026-09-22
calls_puts,l1,performance,9,10,0.0,False,0,2026-09-22,,initial,10,P_20260922_90.00,EuropeanPut,90.0,2026-09-22
calls_puts,l1,performance,9,11,0.0,False,0,2026-09-22,,initial,11,C_20260922_95.00,EuropeanCall,95.0,2026-09-22
calls_puts,l1,performance,9,12,0.0,False,0,2026-09-22,,initial,12,P_20260922_95.00,EuropeanPut,95.0,2026-09-22
calls_puts,l1,performance,9,13,-0.0,False,0,2026-09-22,,initial,13,C_20260922_100.00,EuropeanCall,100.0,2026-09-22
calls_puts,l1,performance,9,14,-0.0,False,0,2026-09-22,,initial,14,P_20260922_100.00,EuropeanPut,100.0,2026-09-22
calls_puts,l1,performance,9,15,-0.0,False,0,2026-09-22,,initial,15,C_20260922_105.00,EuropeanCall,105.0,2026-09-22
calls_puts,l1,performance,9,16,-0.0,False,0,2026-09-22,,initial,16,P_20260922_105.00,EuropeanPut,105.0,2026-09-22
calls_puts,l1,performance,9,17,-0.0,False,0,2026-09-22,,initial,17,C_20260922_110.00,EuropeanCall,110.0,2026-09-22
calls_puts,l1,performance,9,18,-0.0,False,0,2026-09-22,,initial,18,P_20260922_110.00,EuropeanPut,110.0,2026-09-22
calls_puts,l1,performance,9,19,-0.0,False,0,2026-09-22,,initial,19,C_20260922_115.00,EuropeanCall,115.0,2026-09-22
calls_puts,l1,performance,9,20,-0.0,False,0,2026-09-22,,initial,20,P_20260922_115.00,EuropeanPut,115.0,2026-09-22
calls_puts,l1,performance,9,21,-0.0,False,0,2026-09-22,,initial,21,C_20260922_120.00,EuropeanCall,120.0,2026-09-22
calls_puts,l1,performance,9,22,-0.0,False,0,2026-09-22,,initial,22,P_20260922_120.00,EuropeanPut,120.0,2026-09-22
calls_puts,l1,performance,9,23,-0.0,False,0,2026-09-22,,initial,23,C_20260922_125.00,EuropeanCall,125.0,2026-09-22
calls_puts,l1,performance,9,24,-0.0,False,0,2026-09-22,,initial,24,P_20260922_125.00,EuropeanPut,125.0,2026-09-22
calls_puts,l1,performance,9,25,0.0,False,0,2026-09-22,,initial,25,C_20260922_130.00,EuropeanCall,130.0,2026-09-22
calls_puts,l1,performance,9,26,-0.0,False,0,2026-09-22,,initial,26,P_20260922_130.00,EuropeanPut,130.0,2026-09-22
calls_puts,l1,performance,9,27,-1.9984014443252818e-14,False,1,2026-12-22,2026-09-22,pooled,27,CASH_20261222,Cash,0.0,2026-12-22
calls_puts,l1,performance,9,28,0.0,False,1,2026-12-22,2026-09-22,pooled,28,C_20261222_70.00,EuropeanCall,70.0,2026-12-22
calls_puts,l1,performance,9,29,0.0,False,1,2026-12-22,2026-09-22,pooled,29,P_20261222_70.00,EuropeanPut,70.0,2026-12-22
calls_puts,l1,performance,9,30,0.0,False,1,2026-12-22,2026-09-22,pooled,30,C_20261222_75.00,EuropeanCall,75.0,2026-12-22
calls_puts,l1,performance,9,31,0.0,False,1,2026-12-22,2026-09-22,pooled,31,P_20261222_75.00,EuropeanPut,75.0,2026-12-22
calls_puts,l1,performance,9,32,0.0,False,1,2026-12-22,2026-09-22,pooled,32,C_20261222_80.00,EuropeanCall,80.0,2026-12-22
calls_puts,l1,performance,9,33,0.0,False,1,2026-12-22,2026-09-22,pooled,33,P_20261222_80.00,EuropeanPut,80.0,2026-12-22
calls_puts,l1,performance,9,34,0.0,False,1,2026-12-22,2026-09-22,pooled,34,C_20261222_85.00,EuropeanCall,85.0,2026-12-22
calls_puts,l1,performance,9,35,0.0,False,1,2026-12-22,2026-09-22,pooled,35,P_20261222_85.00,EuropeanPut,85.0,2026-12-22
calls_puts,l1,performance,9,36,0.0,False,1,2026-12-22,2026-09-22,pooled,36,C_20261222_90.00,EuropeanCall,90.0,2026-12-22
calls_puts,l1,performance,9,37,0.0,False,1,2026-12-22,2026-09-22,pooled,37,P_20261222_90.00,EuropeanPut,90.0,2026-12-22
calls_puts,l1,performance,9,38,0.0,False,1,2026-12-22,2026-09-22,pooled,38,C_20261222_95.00,EuropeanCall,95.0,2026-12-22
calls_puts,l1,performance,9,39,0.0,False,1,2026-12-22,2026-09-22,pooled,39,P_20261222_95.00,EuropeanPut,95.0,2026-12-22
calls_puts,l1,performance,9,40,0.0,False,1,2026-12-22,2026-09-22,pooled,40,C_20261222_100.00,EuropeanCall,100.0,2026-12-22
calls_puts,l1,performance,9,41,0.0,False,1,2026-12-22,2026-09-22,pooled,41,P_20261222_100.00,EuropeanPut,100.0,2026-12-22
calls_puts,l1,performance,9,42,0.0,False,1,2026-12-22,2026-09-22,pooled,42,C_20261222_105.00,EuropeanCall,105.0,2026-12-22
calls_puts,l1,performance,9,43,0.0,False,1,2026-12-22,2026-09-22,pooled,43,P_20261222_105.00,EuropeanPut,105.0,2026-12-22
calls_puts,l1,performance,9,44,0.0,False,1,2026-12-22,2026-09-22,pooled,44,C_20261222_110.00,EuropeanCall,110.0,2026-12-22
calls_puts,l1,performance,9,45,0.0,False,1,2026-12-22,2026-09-22,pooled,45,P_20261222_110.00,EuropeanPut,110.0,2026-12-22
calls_puts,l1,performance,9,46,0.0,False,1,2026-12-22,2026-09-22,pooled,46,C_20261222_115.00,EuropeanCall,115.0,2026-12-22
calls_puts,l1,performance,9,47,0.0,False,1,2026-12-22,2026-09-22,pooled,47,P_20261222_115.00,EuropeanPut,115.0,2026-12-22
calls_puts,l1,performance,9,48,0.0,False,1,2026-12-22,2026-09-22,pooled,48,C_20261222_120.00,EuropeanCall,120.0,2026-12-22
calls_puts,l1,performance,9,49,0.0,False,1,2026-12-22,2026-09-22,pooled,49,P_20261222_120.00,EuropeanPut,120.0,2026-12-22
calls_puts,l1,performance,9,50,0.0,False,1,2026-12-22,2026-09-22,pooled,50,C_20261222_125.00,EuropeanCall,125.0,2026-12-22
calls_puts,l1,performance,9,51,0.0,False,1,2026-12-22,2026-09-22,pooled,51,P_20261222_125.00,EuropeanPut,125.0,2026-12-22
calls_puts,l1,performance,9,52,0.0,False,1,2026-12-22,2026-09-22,pooled,52,C_20261222_130.00,EuropeanCall,130.0,2026-12-22
calls_puts,l1,performance,9,53,0.0,False,1,2026-12-22,2026-09-22,pooled,53,P_20261222_130.00,EuropeanPut,130.0,2026-12-22
calls_puts,l1,performance,9,54,0.012434399933401665,True,2,2026-12-22,2026-09-22,barrier_clear,27,CASH_20261222,Cash,0.0,2026-12-22
calls_puts,l1,performance,9,55,0.0,False,2,2026-12-22,2026-09-22,barrier_clear,28,C_20261222_70.00,EuropeanCall,70.0,2026-12-22
calls_puts,l1,performance,9,56,0.0,False,2,2026-12-22,2026-09-22,barrier_clear,29,P_20261222_70.00,EuropeanPut,70.0,2026-12-22
calls_puts,l1,performance,9,57,0.0,False,2,2026-12-22,2026-09-22,barrier_clear,30,C_20261222_75.00,EuropeanCall,75.0,2026-12-22
calls_puts,l1,performance,9,58,0.0,False,2,2026-12-22,2026-09-22,barrier_clear,31,P_20261222_75.00,EuropeanPut,75.0,2026-12-22
calls_puts,l1,performance,9,59,0.0,False,2,2026-12-22,2026-09-22,barrier_clear,32,C_20261222_80.00,EuropeanCall,80.0,2026-12-22
calls_puts,l1,performance,9,60,-0.0,False,2,2026-12-22,2026-09-22,barrier_clear,33,P_20261222_80.00,EuropeanPut,80.0,2026-12-22
calls_puts,l1,performance,9,61,0.0,False,2,2026-12-22,2026-09-22,barrier_clear,34,C_20261222_85.00,EuropeanCall,85.0,2026-12-22
calls_puts,l1,performance,9,62,-0.0,False,2,2026-12-22,2026-09-22,barrier_clear,35,P_20261222_85.00,EuropeanPut,85.0,2026-12-22
calls_puts,l1,performance,9,63,0.0,False,2,2026-12-22,2026-09-22,barrier_clear,36,C_20261222_90.00,EuropeanCall,90.0,2026-12-22
calls_puts,l1,performance,9,64,-0.0,False,2,2026-12-22,2026-09-22,barrier_clear,37,P_20261222_90.00,EuropeanPut,90.0,2026-12-22
calls_puts,l1,performance,9,65,-0.0,False,2,2026-12-22,2026-09-22,barrier_clear,38,C_20261222_95.00,EuropeanCall,95.0,2026-12-22
calls_puts,l1,performance,9,66,-0.0,False,2,2026-12-22,2026-09-22,barrier_clear,39,P_20261222_95.00,EuropeanPut,95.0,2026-12-22
calls_puts,l1,performance,9,67,0.0,False,2,2026-12-22,2026-09-22,barrier_clear,40,C_20261222_100.00,EuropeanCall,100.0,2026-12-22
calls_puts,l1,performance,9,68,-0.0,False,2,2026-12-22,2026-09-22,barrier_clear,41,P_20261222_100.00,EuropeanPut,100.0,2026-12-22
calls_puts,l1,performance,9,69,0.0,False,2,2026-12-22,2026-09-22,barrier_clear,42,C_20261222_105.00,EuropeanCall,105.0,2026-12-22
calls_puts,l1,performance,9,70,-0.0,False,2,2026-12-22,2026-09-22,barrier_clear,43,P_20261222_105.00,EuropeanPut,105.0,2026-12-22
calls_puts,l1,performance,9,71,0.0,False,2,2026-12-22,2026-09-22,barrier_clear,44,C_20261222_110.00,EuropeanCall,110.0,2026-12-22
calls_puts,l1,performance,9,72,-0.0,False,2,2026-12-22,2026-09-22,barrier_clear,45,P_20261222_110.00,EuropeanPut,110.0,2026-12-22
calls_puts,l1,performance,9,73,0.0,False,2,2026-12-22,2026-09-22,barrier_clear,46,C_20261222_115.00,EuropeanCall,115.0,2026-12-22
calls_puts,l1,performance,9,74,-0.0,False,2,2026-12-22,2026-09-22,barrier_clear,47,P_20261222_115.00,EuropeanPut,115.0,2026-12-22
calls_puts,l1,performance,9,75,0.0,False,2,2026-12-22,2026-09-22,barrier_clear,48,C_20261222_120.00,EuropeanCall,120.0,2026-12-22
calls_puts,l1,performance,9,76,-0.0,False,2,2026-12-22,2026-09-22,barrier_clear,49,P_20261222_120.00,EuropeanPut,120.0,2026-12-22
calls_puts,l1,performance,9,77,0.0,False,2,2026-12-22,2026-09-22,barrier_clear,50,C_20261222_125.00,EuropeanCall,125.0,2026-12-22
calls_puts,l1,performance,9,78,-0.0,False,2,2026-12-22,2026-09-22,barrier_clear,51,P_20261222_125.00,EuropeanPut,125.0,2026-12-22
calls_puts,l1,performance,9,79,0.0,False,2,2026-12-22,2026-09-22,barrier_clear,52,C_20261222_130.00,EuropeanCall,130.0,2026-12-22
calls_puts,l1,performance,9,80,-0.0,False,2,2026-12-22,2026-09-22,barrier_clear,53,P_20261222_130.00,EuropeanPut,130.0,2026-12-22
calls_puts,l1,performance,9,81,-0.0028286781049290453,True,3,2027-03-22,2026-12-22,pooled,54,CASH_20270322,Cash,0.0,2027-03-22
calls_puts,l1,performance,9,82,0.8460993569900838,True,3,2027-03-22,2026-12-22,pooled,55,C_20270322_70.00,EuropeanCall,70.0,2027-03-22
calls_puts,l1,performance,9,83,-0.0,False,3,2027-03-22,2026-12-22,pooled,56,P_20270322_70.00,EuropeanPut,70.0,2027-03-22
calls_puts,l1,performance,9,84,0.0,False,3,2027-03-22,2026-12-22,pooled,57,C_20270322_75.00,EuropeanCall,75.0,2027-03-22
calls_puts,l1,performance,9,85,-0.0,False,3,2027-03-22,2026-12-22,pooled,58,P_20270322_75.00,EuropeanPut,75.0,2027-03-22
calls_puts,l1,performance,9,86,0.0,False,3,2027-03-22,2026-12-22,pooled,59,C_20270322_80.00,EuropeanCall,80.0,2027-03-22
calls_puts,l1,performance,9,87,-0.0,False,3,2027-03-22,2026-12-22,pooled,60,P_20270322_80.00,EuropeanPut,80.0,2027-03-22
calls_puts,l1,performance,9,88,0.0,False,3,2027-03-22,2026-12-22,pooled,61,C_20270322_85.00,EuropeanCall,85.0,2027-03-22
calls_puts,l1,performance,9,89,-0.0,False,3,2027-03-22,2026-12-22,pooled,62,P_20270322_85.00,EuropeanPut,85.0,2027-03-22
calls_puts,l1,performance,9,90,0.0,False,3,2027-03-22,2026-12-22,pooled,63,C_20270322_90.00,EuropeanCall,90.0,2027-03-22
calls_puts,l1,performance,9,91,-0.0,False,3,2027-03-22,2026-12-22,pooled,64,P_20270322_90.00,EuropeanPut,90.0,2027-03-22
calls_puts,l1,performance,9,92,0.0,False,3,2027-03-22,2026-12-22,pooled,65,C_20270322_95.00,EuropeanCall,95.0,2027-03-22
calls_puts,l1,performance,9,93,-0.0,False,3,2027-03-22,2026-12-22,pooled,66,P_20270322_95.00,EuropeanPut,95.0,2027-03-22
calls_puts,l1,performance,9,94,0.0,False,3,2027-03-22,2026-12-22,pooled,67,C_20270322_100.00,EuropeanCall,100.0,2027-03-22
calls_puts,l1,performance,9,95,-0.0,False,3,2027-03-22,2026-12-22,pooled,68,P_20270322_100.00,EuropeanPut,100.0,2027-03-22
calls_puts,l1,performance,9,96,0.0,False,3,2027-03-22,2026-12-22,pooled,69,C_20270322_105.00,EuropeanCall,105.0,2027-03-22
calls_puts,l1,performance,9,97,-0.0,False,3,2027-03-22,2026-12-22,pooled,70,P_20270322_105.00,EuropeanPut,105.0,2027-03-22
calls_puts,l1,performance,9,98,0.0,False,3,2027-03-22,2026-12-22,pooled,71,C_20270322_110.00,EuropeanCall,110.0,2027-03-22
calls_puts,l1,performance,9,99,-0.0,False,3,2027-03-22,2026-12-22,pooled,72,P_20270322_110.00,EuropeanPut,110.0,2027-03-22
calls_puts,l1,performance,9,100,0.0,False,3,2027-03-22,2026-12-22,pooled,73,C_20270322_115.00,EuropeanCall,115.0,2027-03-22
calls_puts,l1,performance,9,101,-0.0,False,3,2027-03-22,2026-12-22,pooled,74,P_20270322_115.00,EuropeanPut,115.0,2027-03-22
calls_puts,l1,performance,9,102,0.0,False,3,2027-03-22,2026-12-22,pooled,75,C_20270322_120.00,EuropeanCall,120.0,2027-03-22
calls_puts,l1,performance,9,103,-0.0,False,3,2027-03-22,2026-12-22,pooled,76,P_20270322_120.00,EuropeanPut,120.0,2027-03-22
calls_puts,l1,performance,9,104,0.0,False,3,2027-03-22,2026-12-22,pooled,77,C_20270322_125.00,EuropeanCall,125.0,2027-03-22
calls_puts,l1,performance,9,105,-0.0,False,3,2027-03-22,2026-12-22,pooled,78,P_20270322_125.00,EuropeanPut,125.0,2027-03-22
calls_puts,l1,performance,9,106,0.0,False,3,2027-03-22,2026-12-22,pooled,79,C_20270322_130.00,EuropeanCall,130.0,2027-03-22
calls_puts,l1,performance,9,107,-0.0,False,3,2027-03-22,2026-12-22,pooled,80,P_20270322_130.00,EuropeanPut,130.0,2027-03-22
calls_puts,l1,performance,9,108,0.012552921626177127,True,4,2027-03-22,2026-12-22,barrier_clear,54,CASH_20270322,Cash,0.0,2027-03-22
calls_puts,l1,performance,9,109,0.0,False,4,2027-03-22,2026-12-22,barrier_clear,55,C_20270322_70.00,EuropeanCall,70.0,2027-03-22
calls_puts,l1,performance,9,110,0.0,False,4,2027-03-22,2026-12-22,barrier_clear,56,P_20270322_70.00,EuropeanPut,70.0,2027-03-22
calls_puts,l1,performance,9,111,0.0,False,4,2027-03-22,2026-12-22,barrier_clear,57,C_20270322_75.00,EuropeanCall,75.0,2027-03-22
calls_puts,l1,performance,9,112,0.0,False,4,2027-03-22,2026-12-22,barrier_clear,58,P_20270322_75.00,EuropeanPut,75.0,2027-03-22
calls_puts,l1,performance,9,113,0.0,False,4,2027-03-22,2026-12-22,barrier_clear,59,C_20270322_80.00,EuropeanCall,80.0,2027-03-22
calls_puts,l1,performance,9,114,-0.0,False,4,2027-03-22,2026-12-22,barrier_clear,60,P_20270322_80.00,EuropeanPut,80.0,2027-03-22
calls_puts,l1,performance,9,115,0.0,False,4,2027-03-22,2026-12-22,barrier_clear,61,C_20270322_85.00,EuropeanCall,85.0,2027-03-22
calls_puts,l1,performance,9,116,-0.07288023125888175,True,4,2027-03-22,2026-12-22,barrier_clear,62,P_20270322_85.00,EuropeanPut,85.0,2027-03-22
calls_puts,l1,performance,9,117,0.0,False,4,2027-03-22,2026-12-22,barrier_clear,63,C_20270322_90.00,EuropeanCall,90.0,2027-03-22
calls_puts,l1,performance,9,118,-0.0,False,4,2027-03-22,2026-12-22,barrier_clear,64,P_20270322_90.00,EuropeanPut,90.0,2027-03-22
calls_puts,l1,performance,9,119,0.0,False,4,2027-03-22,2026-12-22,barrier_clear,65,C_20270322_95.00,EuropeanCall,95.0,2027-03-22
calls_puts,l1,performance,9,120,-0.0,False,4,2027-03-22,2026-12-22,barrier_clear,66,P_20270322_95.00,EuropeanPut,95.0,2027-03-22
calls_puts,l1,performance,9,121,0.0,False,4,2027-03-22,2026-12-22,barrier_clear,67,C_20270322_100.00,EuropeanCall,100.0,2027-03-22
calls_puts,l1,performance,9,122,-0.0,False,4,2027-03-22,2026-12-22,barrier_clear,68,P_20270322_100.00,EuropeanPut,100.0,2027-03-22
calls_puts,l1,performance,9,123,0.0,False,4,2027-03-22,2026-12-22,barrier_clear,69,C_20270322_105.00,EuropeanCall,105.0,2027-03-22
calls_puts,l1,performance,9,124,-0.0,False,4,2027-03-22,2026-12-22,barrier_clear,70,P_20270322_105.00,EuropeanPut,105.0,2027-03-22
calls_puts,l1,performance,9,125,0.0,False,4,2027-03-22,2026-12-22,barrier_clear,71,C_20270322_110.00,EuropeanCall,110.0,2027-03-22
calls_puts,l1,performance,9,126,-0.0,False,4,2027-03-22,2026-12-22,barrier_clear,72,P_20270322_110.00,EuropeanPut,110.0,2027-03-22
calls_puts,l1,performance,9,127,0.0,False,4,2027-03-22,2026-12-22,barrier_clear,73,C_20270322_115.00,EuropeanCall,115.0,2027-03-22
calls_puts,l1,performance,9,128,-0.0,False,4,2027-03-22,2026-12-22,barrier_clear,74,P_20270322_115.00,EuropeanPut,115.0,2027-03-22
calls_puts,l1,performance,9,129,0.0,False,4,2027-03-22,2026-12-22,barrier_clear,75,C_20270322_120.00,EuropeanCall,120.0,2027-03-22
calls_puts,l1,performance,9,130,-0.0,False,4,2027-03-22,2026-12-22,barrier_clear,76,P_20270322_120.00,EuropeanPut,120.0,2027-03-22
calls_puts,l1,performance,9,131,0.0,False,4,2027-03-22,2026-12-22,barrier_clear,77,C_20270322_125.00,EuropeanCall,125.0,2027-03-22
calls_puts,l1,performance,9,132,-0.0,False,4,2027-03-22,2026-12-22,barrier_clear,78,P_20270322_125.00,EuropeanPut,125.0,2027-03-22
calls_puts,l1,performance,9,133,0.0,False,4,2027-03-22,2026-12-22,barrier_clear,79,C_20270322_130.00,EuropeanCall,130.0,2027-03-22
calls_puts,l1,performance,9,134,-0.0,False,4,2027-03-22,2026-12-22,barrier_clear,80,P_20270322_130.00,EuropeanPut,130.0,2027-03-22
calls_puts,l1,performance,9,135,-0.34853370840024506,True,5,2027-06-22,2027-03-22,pooled,81,CASH_20270622,Cash,0.0,2027-06-22
calls_puts,l1,performance,9,136,0.3415004249751514,True,5,2027-06-22,2027-03-22,pooled,82,C_20270622_70.00,EuropeanCall,70.0,2027-06-22
calls_puts,l1,performance,9,137,-0.49711679644461215,True,5,2027-06-22,2027-03-22,pooled,83,P_20270622_70.00,EuropeanPut,70.0,2027-06-22
calls_puts,l1,performance,9,138,0.4643856567083112,True,5,2027-06-22,2027-03-22,pooled,84,C_20270622_75.00,EuropeanCall,75.0,2027-06-22
calls_puts,l1,performance,9,139,-0.0,False,5,2027-06-22,2027-03-22,pooled,85,P_20270622_75.00,EuropeanPut,75.0,2027-06-22
calls_puts,l1,performance,9,140,0.0,False,5,2027-06-22,2027-03-22,pooled,86,C_20270622_80.00,EuropeanCall,80.0,2027-06-22
calls_puts,l1,performance,9,141,-0.0,False,5,2027-06-22,2027-03-22,pooled,87,P_20270622_80.00,EuropeanPut,80.0,2027-06-22
calls_puts,l1,performance,9,142,0.0,False,5,2027-06-22,2027-03-22,pooled,88,C_20270622_85.00,EuropeanCall,85.0,2027-06-22
calls_puts,l1,performance,9,143,-0.0,False,5,2027-06-22,2027-03-22,pooled,89,P_20270622_85.00,EuropeanPut,85.0,2027-06-22
calls_puts,l1,performance,9,144,0.0,False,5,2027-06-22,2027-03-22,pooled,90,C_20270622_90.00,EuropeanCall,90.0,2027-06-22
calls_puts,l1,performance,9,145,-0.0,False,5,2027-06-22,2027-03-22,pooled,91,P_20270622_90.00,EuropeanPut,90.0,2027-06-22
calls_puts,l1,performance,9,146,0.0,False,5,2027-06-22,2027-03-22,pooled,92,C_20270622_95.00,EuropeanCall,95.0,2027-06-22
calls_puts,l1,performance,9,147,-0.0,False,5,2027-06-22,2027-03-22,pooled,93,P_20270622_95.00,EuropeanPut,95.0,2027-06-22
calls_puts,l1,performance,9,148,0.0,False,5,2027-06-22,2027-03-22,pooled,94,C_20270622_100.00,EuropeanCall,100.0,2027-06-22
calls_puts,l1,performance,9,149,-0.0,False,5,2027-06-22,2027-03-22,pooled,95,P_20270622_100.00,EuropeanPut,100.0,2027-06-22
calls_puts,l1,performance,9,150,0.0,False,5,2027-06-22,2027-03-22,pooled,96,C_20270622_105.00,EuropeanCall,105.0,2027-06-22
calls_puts,l1,performance,9,151,-0.0,False,5,2027-06-22,2027-03-22,pooled,97,P_20270622_105.00,EuropeanPut,105.0,2027-06-22
calls_puts,l1,performance,9,152,0.0,False,5,2027-06-22,2027-03-22,pooled,98,C_20270622_110.00,EuropeanCall,110.0,2027-06-22
calls_puts,l1,performance,9,153,-0.0,False,5,2027-06-22,2027-03-22,pooled,99,P_20270622_110.00,EuropeanPut,110.0,2027-06-22
calls_puts,l1,performance,9,154,0.0,False,5,2027-06-22,2027-03-22,pooled,100,C_20270622_115.00,EuropeanCall,115.0,2027-06-22
calls_puts,l1,performance,9,155,-0.0,False,5,2027-06-22,2027-03-22,pooled,101,P_20270622_115.00,EuropeanPut,115.0,2027-06-22
calls_puts,l1,performance,9,156,0.0,False,5,2027-06-22,2027-03-22,pooled,102,C_20270622_120.00,EuropeanCall,120.0,2027-06-22
calls_puts,l1,performance,9,157,-0.0,False,5,2027-06-22,2027-03-22,pooled,103,P_20270622_120.00,EuropeanPut,120.0,2027-06-22
calls_puts,l1,performance,9,158,0.0,False,5,2027-06-22,2027-03-22,pooled,104,C_20270622_125.00,EuropeanCall,125.0,2027-06-22
calls_puts,l1,performance,9,159,-0.0,False,5,2027-06-22,2027-03-22,pooled,105,P_20270622_125.00,EuropeanPut,125.0,2027-06-22
calls_puts,l1,performance,9,160,0.0,False,5,2027-06-22,2027-03-22,pooled,106,C_20270622_130.00,EuropeanCall,130.0,2027-06-22
calls_puts,l1,performance,9,161,-0.0,False,5,2027-06-22,2027-03-22,pooled,107,P_20270622_130.00,EuropeanPut,130.0,2027-06-22
calls_puts,l1,performance,9,162,0.005171399066285016,True,6,2027-06-22,2027-03-22,barrier_clear,81,CASH_20270622,Cash,0.0,2027-06-22
calls_puts,l1,performance,9,163,0.0,False,6,2027-06-22,2027-03-22,barrier_clear,82,C_20270622_70.00,EuropeanCall,70.0,2027-06-22
calls_puts,l1,performance,9,164,0.0,False,6,2027-06-22,2027-03-22,barrier_clear,83,P_20270622_70.00,EuropeanPut,70.0,2027-06-22
calls_puts,l1,performance,9,165,0.0,False,6,2027-06-22,2027-03-22,barrier_clear,84,C_20270622_75.00,EuropeanCall,75.0,2027-06-22
calls_puts,l1,performance,9,166,-2.9079419781716873,True,6,2027-06-22,2027-03-22,barrier_clear,85,P_20270622_75.00,EuropeanPut,75.0,2027-06-22
calls_puts,l1,performance,9,167,0.0,False,6,2027-06-22,2027-03-22,barrier_clear,86,C_20270622_80.00,EuropeanCall,80.0,2027-06-22
calls_puts,l1,performance,9,168,-1.4224323419626859,True,6,2027-06-22,2027-03-22,barrier_clear,87,P_20270622_80.00,EuropeanPut,80.0,2027-06-22
calls_puts,l1,performance,9,169,0.0,False,6,2027-06-22,2027-03-22,barrier_clear,88,C_20270622_85.00,EuropeanCall,85.0,2027-06-22
calls_puts,l1,performance,9,170,-0.0,False,6,2027-06-22,2027-03-22,barrier_clear,89,P_20270622_85.00,EuropeanPut,85.0,2027-06-22
calls_puts,l1,performance,9,171,0.0,False,6,2027-06-22,2027-03-22,barrier_clear,90,C_20270622_90.00,EuropeanCall,90.0,2027-06-22
calls_puts,l1,performance,9,172,-0.0,False,6,2027-06-22,2027-03-22,barrier_clear,91,P_20270622_90.00,EuropeanPut,90.0,2027-06-22
calls_puts,l1,performance,9,173,0.0,False,6,2027-06-22,2027-03-22,barrier_clear,92,C_20270622_95.00,EuropeanCall,95.0,2027-06-22
calls_puts,l1,performance,9,174,-0.0,False,6,2027-06-22,2027-03-22,barrier_clear,93,P_20270622_95.00,EuropeanPut,95.0,2027-06-22
calls_puts,l1,performance,9,175,0.0,False,6,2027-06-22,2027-03-22,barrier_clear,94,C_20270622_100.00,EuropeanCall,100.0,2027-06-22
calls_puts,l1,performance,9,176,-0.0,False,6,2027-06-22,2027-03-22,barrier_clear,95,P_20270622_100.00,EuropeanPut,100.0,2027-06-22
calls_puts,l1,performance,9,177,0.0,False,6,2027-06-22,2027-03-22,barrier_clear,96,C_20270622_105.00,EuropeanCall,105.0,2027-06-22
calls_puts,l1,performance,9,178,-0.0,False,6,2027-06-22,2027-03-22,barrier_clear,97,P_20270622_105.00,EuropeanPut,105.0,2027-06-22
calls_puts,l1,performance,9,179,0.0,False,6,2027-06-22,2027-03-22,barrier_clear,98,C_20270622_110.00,EuropeanCall,110.0,2027-06-22
calls_puts,l1,performance,9,180,-0.0,False,6,2027-06-22,2027-03-22,barrier_clear,99,P_20270622_110.00,EuropeanPut,110.0,2027-06-22
calls_puts,l1,performance,9,181,0.0,False,6,2027-06-22,2027-03-22,barrier_clear,100,C_20270622_115.00,EuropeanCall,115.0,2027-06-22
calls_puts,l1,performance,9,182,-0.0,False,6,2027-06-22,2027-03-22,barrier_clear,101,P_20270622_115.00,EuropeanPut,115.0,2027-06-22
calls_puts,l1,performance,9,183,0.0,False,6,2027-06-22,2027-03-22,barrier_clear,102,C_20270622_120.00,EuropeanCall,120.0,2027-06-22
calls_puts,l1,performance,9,184,-0.0,False,6,2027-06-22,2027-03-22,barrier_clear,103,P_20270622_120.00,EuropeanPut,120.0,2027-06-22
calls_puts,l1,performance,9,185,0.0,False,6,2027-06-22,2027-03-22,barrier_clear,104,C_20270622_125.00,EuropeanCall,125.0,2027-06-22
calls_puts,l1,performance,9,186,-0.0,False,6,2027-06-22,2027-03-22,barrier_clear,105,P_20270622_125.00,EuropeanPut,125.0,2027-06-22
calls_puts,l1,performance,9,187,0.0,False,6,2027-06-22,2027-03-22,barrier_clear,106,C_20270622_130.00,EuropeanCall,130.0,2027-06-22
calls_puts,l1,performance,9,188,-0.0,False,6,2027-06-22,2027-03-22,barrier_clear,107,P_20270622_130.00,EuropeanPut,130.0,2027-06-22
calls_puts,l1,compromise,9,0,1.0200138733510875,True,0,2026-09-22,,initial,0,CASH_20260922,Cash,0.0,2026-09-22
calls_puts,l1,compromise,9,1,0.0,False,0,2026-09-22,,initial,1,C_20260922_70.00,EuropeanCall,70.0,2026-09-22
calls_puts,l1,compromise,9,2,0.0,False,0,2026-09-22,,initial,2,P_20260922_70.00,EuropeanPut,70.0,2026-09-22
calls_puts,l1,compromise,9,3,0.0,False,0,2026-09-22,,initial,3,C_20260922_75.00,EuropeanCall,75.0,2026-09-22
calls_puts,l1,compromise,9,4,-0.0,False,0,2026-09-22,,initial,4,P_20260922_75.00,EuropeanPut,75.0,2026-09-22
calls_puts,l1,compromise,9,5,0.0,False,0,2026-09-22,,initial,5,C_20260922_80.00,EuropeanCall,80.0,2026-09-22
calls_puts,l1,compromise,9,6,-0.0,False,0,2026-09-22,,initial,6,P_20260922_80.00,EuropeanPut,80.0,2026-09-22
calls_puts,l1,compromise,9,7,0.0,False,0,2026-09-22,,initial,7,C_20260922_85.00,EuropeanCall,85.0,2026-09-22
calls_puts,l1,compromise,9,8,0.0,False,0,2026-09-22,,initial,8,P_20260922_85.00,EuropeanPut,85.0,2026-09-22
calls_puts,l1,compromise,9,9,0.0,False,0,2026-09-22,,initial,9,C_20260922_90.00,EuropeanCall,90.0,2026-09-22
calls_puts,l1,compromise,9,10,0.0,False,0,2026-09-22,,initial,10,P_20260922_90.00,EuropeanPut,90.0,2026-09-22
calls_puts,l1,compromise,9,11,0.0,False,0,2026-09-22,,initial,11,C_20260922_95.00,EuropeanCall,95.0,2026-09-22
calls_puts,l1,compromise,9,12,0.0,False,0,2026-09-22,,initial,12,P_20260922_95.00,EuropeanPut,95.0,2026-09-22
calls_puts,l1,compromise,9,13,-0.0,False,0,2026-09-22,,initial,13,C_20260922_100.00,EuropeanCall,100.0,2026-09-22
calls_puts,l1,compromise,9,14,-0.0,False,0,2026-09-22,,initial,14,P_20260922_100.00,EuropeanPut,100.0,2026-09-22
calls_puts,l1,compromise,9,15,-0.0,False,0,2026-09-22,,initial,15,C_20260922_105.00,EuropeanCall,105.0,2026-09-22
calls_puts,l1,compromise,9,16,-0.0,False,0,2026-09-22,,initial,16,P_20260922_105.00,EuropeanPut,105.0,2026-09-22
calls_puts,l1,compromise,9,17,-0.0,False,0,2026-09-22,,initial,17,C_20260922_110.00,EuropeanCall,110.0,2026-09-22
calls_puts,l1,compromise,9,18,-0.0,False,0,2026-09-22,,initial,18,P_20260922_110.00,EuropeanPut,110.0,2026-09-22
calls_puts,l1,compromise,9,19,-0.0,False,0,2026-09-22,,initial,19,C_20260922_115.00,EuropeanCall,115.0,2026-09-22
calls_puts,l1,compromise,9,20,-0.0,False,0,2026-09-22,,initial,20,P_20260922_115.00,EuropeanPut,115.0,2026-09-22
calls_puts,l1,compromise,9,21,-0.0,False,0,2026-09-22,,initial,21,C_20260922_120.00,EuropeanCall,120.0,2026-09-22
calls_puts,l1,compromise,9,22,-0.0,False,0,2026-09-22,,initial,22,P_20260922_120.00,EuropeanPut,120.0,2026-09-22
calls_puts,l1,compromise,9,23,-0.0,False,0,2026-09-22,,initial,23,C_20260922_125.00,EuropeanCall,125.0,2026-09-22
calls_puts,l1,compromise,9,24,-0.0,False,0,2026-09-22,,initial,24,P_20260922_125.00,EuropeanPut,125.0,2026-09-22
calls_puts,l1,compromise,9,25,0.0,False,0,2026-09-22,,initial,25,C_20260922_130.00,EuropeanCall,130.0,2026-09-22
calls_puts,l1,compromise,9,26,-0.0,False,0,2026-09-22,,initial,26,P_20260922_130.00,EuropeanPut,130.0,2026-09-22
calls_puts,l1,compromise,9,27,-1.9984014443252818e-14,False,1,2026-12-22,2026-09-22,pooled,27,CASH_20261222,Cash,0.0,2026-12-22
calls_puts,l1,compromise,9,28,0.0,False,1,2026-12-22,2026-09-22,pooled,28,C_20261222_70.00,EuropeanCall,70.0,2026-12-22
calls_puts,l1,compromise,9,29,0.0,False,1,2026-12-22,2026-09-22,pooled,29,P_20261222_70.00,EuropeanPut,70.0,2026-12-22
calls_puts,l1,compromise,9,30,0.0,False,1,2026-12-22,2026-09-22,pooled,30,C_20261222_75.00,EuropeanCall,75.0,2026-12-22
calls_puts,l1,compromise,9,31,0.0,False,1,2026-12-22,2026-09-22,pooled,31,P_20261222_75.00,EuropeanPut,75.0,2026-12-22
calls_puts,l1,compromise,9,32,0.0,False,1,2026-12-22,2026-09-22,pooled,32,C_20261222_80.00,EuropeanCall,80.0,2026-12-22
calls_puts,l1,compromise,9,33,0.0,False,1,2026-12-22,2026-09-22,pooled,33,P_20261222_80.00,EuropeanPut,80.0,2026-12-22
calls_puts,l1,compromise,9,34,0.0,False,1,2026-12-22,2026-09-22,pooled,34,C_20261222_85.00,EuropeanCall,85.0,2026-12-22
calls_puts,l1,compromise,9,35,0.0,False,1,2026-12-22,2026-09-22,pooled,35,P_20261222_85.00,EuropeanPut,85.0,2026-12-22
calls_puts,l1,compromise,9,36,0.0,False,1,2026-12-22,2026-09-22,pooled,36,C_20261222_90.00,EuropeanCall,90.0,2026-12-22
calls_puts,l1,compromise,9,37,0.0,False,1,2026-12-22,2026-09-22,pooled,37,P_20261222_90.00,EuropeanPut,90.0,2026-12-22
calls_puts,l1,compromise,9,38,0.0,False,1,2026-12-22,2026-09-22,pooled,38,C_20261222_95.00,EuropeanCall,95.0,2026-12-22
calls_puts,l1,compromise,9,39,0.0,False,1,2026-12-22,2026-09-22,pooled,39,P_20261222_95.00,EuropeanPut,95.0,2026-12-22
calls_puts,l1,compromise,9,40,0.0,False,1,2026-12-22,2026-09-22,pooled,40,C_20261222_100.00,EuropeanCall,100.0,2026-12-22
calls_puts,l1,compromise,9,41,0.0,False,1,2026-12-22,2026-09-22,pooled,41,P_20261222_100.00,EuropeanPut,100.0,2026-12-22
calls_puts,l1,compromise,9,42,0.0,False,1,2026-12-22,2026-09-22,pooled,42,C_20261222_105.00,EuropeanCall,105.0,2026-12-22
calls_puts,l1,compromise,9,43,0.0,False,1,2026-12-22,2026-09-22,pooled,43,P_20261222_105.00,EuropeanPut,105.0,2026-12-22
calls_puts,l1,compromise,9,44,0.0,False,1,2026-12-22,2026-09-22,pooled,44,C_20261222_110.00,EuropeanCall,110.0,2026-12-22
calls_puts,l1,compromise,9,45,0.0,False,1,2026-12-22,2026-09-22,pooled,45,P_20261222_110.00,EuropeanPut,110.0,2026-12-22
calls_puts,l1,compromise,9,46,0.0,False,1,2026-12-22,2026-09-22,pooled,46,C_20261222_115.00,EuropeanCall,115.0,2026-12-22
calls_puts,l1,compromise,9,47,0.0,False,1,2026-12-22,2026-09-22,pooled,47,P_20261222_115.00,EuropeanPut,115.0,2026-12-22
calls_puts,l1,compromise,9,48,0.0,False,1,2026-12-22,2026-09-22,pooled,48,C_20261222_120.00,EuropeanCall,120.0,2026-12-22
calls_puts,l1,compromise,9,49,0.0,False,1,2026-12-22,2026-09-22,pooled,49,P_20261222_120.00,EuropeanPut,120.0,2026-12-22
calls_puts,l1,compromise,9,50,0.0,False,1,2026-12-22,2026-09-22,pooled,50,C_20261222_125.00,EuropeanCall,125.0,2026-12-22
calls_puts,l1,compromise,9,51,0.0,False,1,2026-12-22,2026-09-22,pooled,51,P_20261222_125.00,EuropeanPut,125.0,2026-12-22
calls_puts,l1,compromise,9,52,0.0,False,1,2026-12-22,2026-09-22,pooled,52,C_20261222_130.00,EuropeanCall,130.0,2026-12-22
calls_puts,l1,compromise,9,53,0.0,False,1,2026-12-22,2026-09-22,pooled,53,P_20261222_130.00,EuropeanPut,130.0,2026-12-22
calls_puts,l1,compromise,9,54,0.012434399933401665,True,2,2026-12-22,2026-09-22,barrier_clear,27,CASH_20261222,Cash,0.0,2026-12-22
calls_puts,l1,compromise,9,55,0.0,False,2,2026-12-22,2026-09-22,barrier_clear,28,C_20261222_70.00,EuropeanCall,70.0,2026-12-22
calls_puts,l1,compromise,9,56,0.0,False,2,2026-12-22,2026-09-22,barrier_clear,29,P_20261222_70.00,EuropeanPut,70.0,2026-12-22
calls_puts,l1,compromise,9,57,0.0,False,2,2026-12-22,2026-09-22,barrier_clear,30,C_20261222_75.00,EuropeanCall,75.0,2026-12-22
calls_puts,l1,compromise,9,58,0.0,False,2,2026-12-22,2026-09-22,barrier_clear,31,P_20261222_75.00,EuropeanPut,75.0,2026-12-22
calls_puts,l1,compromise,9,59,0.0,False,2,2026-12-22,2026-09-22,barrier_clear,32,C_20261222_80.00,EuropeanCall,80.0,2026-12-22
calls_puts,l1,compromise,9,60,-0.0,False,2,2026-12-22,2026-09-22,barrier_clear,33,P_20261222_80.00,EuropeanPut,80.0,2026-12-22
calls_puts,l1,compromise,9,61,0.0,False,2,2026-12-22,2026-09-22,barrier_clear,34,C_20261222_85.00,EuropeanCall,85.0,2026-12-22
calls_puts,l1,compromise,9,62,-0.0,False,2,2026-12-22,2026-09-22,barrier_clear,35,P_20261222_85.00,EuropeanPut,85.0,2026-12-22
calls_puts,l1,compromise,9,63,0.0,False,2,2026-12-22,2026-09-22,barrier_clear,36,C_20261222_90.00,EuropeanCall,90.0,2026-12-22
calls_puts,l1,compromise,9,64,-0.0,False,2,2026-12-22,2026-09-22,barrier_clear,37,P_20261222_90.00,EuropeanPut,90.0,2026-12-22
calls_puts,l1,compromise,9,65,-0.0,False,2,2026-12-22,2026-09-22,barrier_clear,38,C_20261222_95.00,EuropeanCall,95.0,2026-12-22
calls_puts,l1,compromise,9,66,-0.0,False,2,2026-12-22,2026-09-22,barrier_clear,39,P_20261222_95.00,EuropeanPut,95.0,2026-12-22
calls_puts,l1,compromise,9,67,0.0,False,2,2026-12-22,2026-09-22,barrier_clear,40,C_20261222_100.00,EuropeanCall,100.0,2026-12-22
calls_puts,l1,compromise,9,68,-0.0,False,2,2026-12-22,2026-09-22,barrier_clear,41,P_20261222_100.00,EuropeanPut,100.0,2026-12-22
calls_puts,l1,compromise,9,69,0.0,False,2,2026-12-22,2026-09-22,barrier_clear,42,C_20261222_105.00,EuropeanCall,105.0,2026-12-22
calls_puts,l1,compromise,9,70,-0.0,False,2,2026-12-22,2026-09-22,barrier_clear,43,P_20261222_105.00,EuropeanPut,105.0,2026-12-22
calls_puts,l1,compromise,9,71,0.0,False,2,2026-12-22,2026-09-22,barrier_clear,44,C_20261222_110.00,EuropeanCall,110.0,2026-12-22
calls_puts,l1,compromise,9,72,-0.0,False,2,2026-12-22,2026-09-22,barrier_clear,45,P_20261222_110.00,EuropeanPut,110.0,2026-12-22
calls_puts,l1,compromise,9,73,0.0,False,2,2026-12-22,2026-09-22,barrier_clear,46,C_20261222_115.00,EuropeanCall,115.0,2026-12-22
calls_puts,l1,compromise,9,74,-0.0,False,2,2026-12-22,2026-09-22,barrier_clear,47,P_20261222_115.00,EuropeanPut,115.0,2026-12-22
calls_puts,l1,compromise,9,75,0.0,False,2,2026-12-22,2026-09-22,barrier_clear,48,C_20261222_120.00,EuropeanCall,120.0,2026-12-22
calls_puts,l1,compromise,9,76,-0.0,False,2,2026-12-22,2026-09-22,barrier_clear,49,P_20261222_120.00,EuropeanPut,120.0,2026-12-22
calls_puts,l1,compromise,9,77,0.0,False,2,2026-12-22,2026-09-22,barrier_clear,50,C_20261222_125.00,EuropeanCall,125.0,2026-12-22
calls_puts,l1,compromise,9,78,-0.0,False,2,2026-12-22,2026-09-22,barrier_clear,51,P_20261222_125.00,EuropeanPut,125.0,2026-12-22
calls_puts,l1,compromise,9,79,0.0,False,2,2026-12-22,2026-09-22,barrier_clear,52,C_20261222_130.00,EuropeanCall,130.0,2026-12-22
calls_puts,l1,compromise,9,80,-0.0,False,2,2026-12-22,2026-09-22,barrier_clear,53,P_20261222_130.00,EuropeanPut,130.0,2026-12-22
calls_puts,l1,compromise,9,81,-0.0028286781049290453,True,3,2027-03-22,2026-12-22,pooled,54,CASH_20270322,Cash,0.0,2027-03-22
calls_puts,l1,compromise,9,82,0.8460993569900838,True,3,2027-03-22,2026-12-22,pooled,55,C_20270322_70.00,EuropeanCall,70.0,2027-03-22
calls_puts,l1,compromise,9,83,-0.0,False,3,2027-03-22,2026-12-22,pooled,56,P_20270322_70.00,EuropeanPut,70.0,2027-03-22
calls_puts,l1,compromise,9,84,0.0,False,3,2027-03-22,2026-12-22,pooled,57,C_20270322_75.00,EuropeanCall,75.0,2027-03-22
calls_puts,l1,compromise,9,85,-0.0,False,3,2027-03-22,2026-12-22,pooled,58,P_20270322_75.00,EuropeanPut,75.0,2027-03-22
calls_puts,l1,compromise,9,86,0.0,False,3,2027-03-22,2026-12-22,pooled,59,C_20270322_80.00,EuropeanCall,80.0,2027-03-22
calls_puts,l1,compromise,9,87,-0.0,False,3,2027-03-22,2026-12-22,pooled,60,P_20270322_80.00,EuropeanPut,80.0,2027-03-22
calls_puts,l1,compromise,9,88,0.0,False,3,2027-03-22,2026-12-22,pooled,61,C_20270322_85.00,EuropeanCall,85.0,2027-03-22
calls_puts,l1,compromise,9,89,-0.0,False,3,2027-03-22,2026-12-22,pooled,62,P_20270322_85.00,EuropeanPut,85.0,2027-03-22
calls_puts,l1,compromise,9,90,0.0,False,3,2027-03-22,2026-12-22,pooled,63,C_20270322_90.00,EuropeanCall,90.0,2027-03-22
calls_puts,l1,compromise,9,91,-0.0,False,3,2027-03-22,2026-12-22,pooled,64,P_20270322_90.00,EuropeanPut,90.0,2027-03-22
calls_puts,l1,compromise,9,92,0.0,False,3,2027-03-22,2026-12-22,pooled,65,C_20270322_95.00,EuropeanCall,95.0,2027-03-22
calls_puts,l1,compromise,9,93,-0.0,False,3,2027-03-22,2026-12-22,pooled,66,P_20270322_95.00,EuropeanPut,95.0,2027-03-22
calls_puts,l1,compromise,9,94,0.0,False,3,2027-03-22,2026-12-22,pooled,67,C_20270322_100.00,EuropeanCall,100.0,2027-03-22
calls_puts,l1,compromise,9,95,-0.0,False,3,2027-03-22,2026-12-22,pooled,68,P_20270322_100.00,EuropeanPut,100.0,2027-03-22
calls_puts,l1,compromise,9,96,0.0,False,3,2027-03-22,2026-12-22,pooled,69,C_20270322_105.00,EuropeanCall,105.0,2027-03-22
calls_puts,l1,compromise,9,97,-0.0,False,3,2027-03-22,2026-12-22,pooled,70,P_20270322_105.00,EuropeanPut,105.0,2027-03-22
calls_puts,l1,compromise,9,98,0.0,False,3,2027-03-22,2026-12-22,pooled,71,C_20270322_110.00,EuropeanCall,110.0,2027-03-22
calls_puts,l1,compromise,9,99,-0.0,False,3,2027-03-22,2026-12-22,pooled,72,P_20270322_110.00,EuropeanPut,110.0,2027-03-22
calls_puts,l1,compromise,9,100,0.0,False,3,2027-03-22,2026-12-22,pooled,73,C_20270322_115.00,EuropeanCall,115.0,2027-03-22
calls_puts,l1,compromise,9,101,-0.0,False,3,2027-03-22,2026-12-22,pooled,74,P_20270322_115.00,EuropeanPut,115.0,2027-03-22
calls_puts,l1,compromise,9,102,0.0,False,3,2027-03-22,2026-12-22,pooled,75,C_20270322_120.00,EuropeanCall,120.0,2027-03-22
calls_puts,l1,compromise,9,103,-0.0,False,3,2027-03-22,2026-12-22,pooled,76,P_20270322_120.00,EuropeanPut,120.0,2027-03-22
calls_puts,l1,compromise,9,104,0.0,False,3,2027-03-22,2026-12-22,pooled,77,C_20270322_125.00,EuropeanCall,125.0,2027-03-22
calls_puts,l1,compromise,9,105,-0.0,False,3,2027-03-22,2026-12-22,pooled,78,P_20270322_125.00,EuropeanPut,125.0,2027-03-22
calls_puts,l1,compromise,9,106,0.0,False,3,2027-03-22,2026-12-22,pooled,79,C_20270322_130.00,EuropeanCall,130.0,2027-03-22
calls_puts,l1,compromise,9,107,-0.0,False,3,2027-03-22,2026-12-22,pooled,80,P_20270322_130.00,EuropeanPut,130.0,2027-03-22
calls_puts,l1,compromise,9,108,0.012552921626177127,True,4,2027-03-22,2026-12-22,barrier_clear,54,CASH_20270322,Cash,0.0,2027-03-22
calls_puts,l1,compromise,9,109,0.0,False,4,2027-03-22,2026-12-22,barrier_clear,55,C_20270322_70.00,EuropeanCall,70.0,2027-03-22
calls_puts,l1,compromise,9,110,0.0,False,4,2027-03-22,2026-12-22,barrier_clear,56,P_20270322_70.00,EuropeanPut,70.0,2027-03-22
calls_puts,l1,compromise,9,111,0.0,False,4,2027-03-22,2026-12-22,barrier_clear,57,C_20270322_75.00,EuropeanCall,75.0,2027-03-22
calls_puts,l1,compromise,9,112,0.0,False,4,2027-03-22,2026-12-22,barrier_clear,58,P_20270322_75.00,EuropeanPut,75.0,2027-03-22
calls_puts,l1,compromise,9,113,0.0,False,4,2027-03-22,2026-12-22,barrier_clear,59,C_20270322_80.00,EuropeanCall,80.0,2027-03-22
calls_puts,l1,compromise,9,114,-0.0,False,4,2027-03-22,2026-12-22,barrier_clear,60,P_20270322_80.00,EuropeanPut,80.0,2027-03-22
calls_puts,l1,compromise,9,115,0.0,False,4,2027-03-22,2026-12-22,barrier_clear,61,C_20270322_85.00,EuropeanCall,85.0,2027-03-22
calls_puts,l1,compromise,9,116,-0.07288023125888175,True,4,2027-03-22,2026-12-22,barrier_clear,62,P_20270322_85.00,EuropeanPut,85.0,2027-03-22
calls_puts,l1,compromise,9,117,0.0,False,4,2027-03-22,2026-12-22,barrier_clear,63,C_20270322_90.00,EuropeanCall,90.0,2027-03-22
calls_puts,l1,compromise,9,118,-0.0,False,4,2027-03-22,2026-12-22,barrier_clear,64,P_20270322_90.00,EuropeanPut,90.0,2027-03-22
calls_puts,l1,compromise,9,119,0.0,False,4,2027-03-22,2026-12-22,barrier_clear,65,C_20270322_95.00,EuropeanCall,95.0,2027-03-22
calls_puts,l1,compromise,9,120,-0.0,False,4,2027-03-22,2026-12-22,barrier_clear,66,P_20270322_95.00,EuropeanPut,95.0,2027-03-22
calls_puts,l1,compromise,9,121,0.0,False,4,2027-03-22,2026-12-22,barrier_clear,67,C_20270322_100.00,EuropeanCall,100.0,2027-03-22
calls_puts,l1,compromise,9,122,-0.0,False,4,2027-03-22,2026-12-22,barrier_clear,68,P_20270322_100.00,EuropeanPut,100.0,2027-03-22
calls_puts,l1,compromise,9,123,0.0,False,4,2027-03-22,2026-12-22,barrier_clear,69,C_20270322_105.00,EuropeanCall,105.0,2027-03-22
calls_puts,l1,compromise,9,124,-0.0,False,4,2027-03-22,2026-12-22,barrier_clear,70,P_20270322_105.00,EuropeanPut,105.0,2027-03-22
calls_puts,l1,compromise,9,125,0.0,False,4,2027-03-22,2026-12-22,barrier_clear,71,C_20270322_110.00,EuropeanCall,110.0,2027-03-22
calls_puts,l1,compromise,9,126,-0.0,False,4,2027-03-22,2026-12-22,barrier_clear,72,P_20270322_110.00,EuropeanPut,110.0,2027-03-22
calls_puts,l1,compromise,9,127,0.0,False,4,2027-03-22,2026-12-22,barrier_clear,73,C_20270322_115.00,EuropeanCall,115.0,2027-03-22
calls_puts,l1,compromise,9,128,-0.0,False,4,2027-03-22,2026-12-22,barrier_clear,74,P_20270322_115.00,EuropeanPut,115.0,2027-03-22
calls_puts,l1,compromise,9,129,0.0,False,4,2027-03-22,2026-12-22,barrier_clear,75,C_20270322_120.00,EuropeanCall,120.0,2027-03-22
calls_puts,l1,compromise,9,130,-0.0,False,4,2027-03-22,2026-12-22,barrier_clear,76,P_20270322_120.00,EuropeanPut,120.0,2027-03-22
calls_puts,l1,compromise,9,131,0.0,False,4,2027-03-22,2026-12-22,barrier_clear,77,C_20270322_125.00,EuropeanCall,125.0,2027-03-22
calls_puts,l1,compromise,9,132,-0.0,False,4,2027-03-22,2026-12-22,barrier_clear,78,P_20270322_125.00,EuropeanPut,125.0,2027-03-22
calls_puts,l1,compromise,9,133,0.0,False,4,2027-03-22,2026-12-22,barrier_clear,79,C_20270322_130.00,EuropeanCall,130.0,2027-03-22
calls_puts,l1,compromise,9,134,-0.0,False,4,2027-03-22,2026-12-22,barrier_clear,80,P_20270322_130.00,EuropeanPut,130.0,2027-03-22
calls_puts,l1,compromise,9,135,-0.34853370840024506,True,5,2027-06-22,2027-03-22,pooled,81,CASH_20270622,Cash,0.0,2027-06-22
calls_puts,l1,compromise,9,136,0.3415004249751514,True,5,2027-06-22,2027-03-22,pooled,82,C_20270622_70.00,EuropeanCall,70.0,2027-06-22
calls_puts,l1,compromise,9,137,-0.49711679644461215,True,5,2027-06-22,2027-03-22,pooled,83,P_20270622_70.00,EuropeanPut,70.0,2027-06-22
calls_puts,l1,compromise,9,138,0.4643856567083112,True,5,2027-06-22,2027-03-22,pooled,84,C_20270622_75.00,EuropeanCall,75.0,2027-06-22
calls_puts,l1,compromise,9,139,-0.0,False,5,2027-06-22,2027-03-22,pooled,85,P_20270622_75.00,EuropeanPut,75.0,2027-06-22
calls_puts,l1,compromise,9,140,0.0,False,5,2027-06-22,2027-03-22,pooled,86,C_20270622_80.00,EuropeanCall,80.0,2027-06-22
calls_puts,l1,compromise,9,141,-0.0,False,5,2027-06-22,2027-03-22,pooled,87,P_20270622_80.00,EuropeanPut,80.0,2027-06-22
calls_puts,l1,compromise,9,142,0.0,False,5,2027-06-22,2027-03-22,pooled,88,C_20270622_85.00,EuropeanCall,85.0,2027-06-22
calls_puts,l1,compromise,9,143,-0.0,False,5,2027-06-22,2027-03-22,pooled,89,P_20270622_85.00,EuropeanPut,85.0,2027-06-22
calls_puts,l1,compromise,9,144,0.0,False,5,2027-06-22,2027-03-22,pooled,90,C_20270622_90.00,EuropeanCall,90.0,2027-06-22
calls_puts,l1,compromise,9,145,-0.0,False,5,2027-06-22,2027-03-22,pooled,91,P_20270622_90.00,EuropeanPut,90.0,2027-06-22
calls_puts,l1,compromise,9,146,0.0,False,5,2027-06-22,2027-03-22,pooled,92,C_20270622_95.00,EuropeanCall,95.0,2027-06-22
calls_puts,l1,compromise,9,147,-0.0,False,5,2027-06-22,2027-03-22,pooled,93,P_20270622_95.00,EuropeanPut,95.0,2027-06-22
calls_puts,l1,compromise,9,148,0.0,False,5,2027-06-22,2027-03-22,pooled,94,C_20270622_100.00,EuropeanCall,100.0,2027-06-22
calls_puts,l1,compromise,9,149,-0.0,False,5,2027-06-22,2027-03-22,pooled,95,P_20270622_100.00,EuropeanPut,100.0,2027-06-22
calls_puts,l1,compromise,9,150,0.0,False,5,2027-06-22,2027-03-22,pooled,96,C_20270622_105.00,EuropeanCall,105.0,2027-06-22
calls_puts,l1,compromise,9,151,-0.0,False,5,2027-06-22,2027-03-22,pooled,97,P_20270622_105.00,EuropeanPut,105.0,2027-06-22
calls_puts,l1,compromise,9,152,0.0,False,5,2027-06-22,2027-03-22,pooled,98,C_20270622_110.00,EuropeanCall,110.0,2027-06-22
calls_puts,l1,compromise,9,153,-0.0,False,5,2027-06-22,2027-03-22,pooled,99,P_20270622_110.00,EuropeanPut,110.0,2027-06-22
calls_puts,l1,compromise,9,154,0.0,False,5,2027-06-22,2027-03-22,pooled,100,C_20270622_115.00,EuropeanCall,115.0,2027-06-22
calls_puts,l1,compromise,9,155,-0.0,False,5,2027-06-22,2027-03-22,pooled,101,P_20270622_115.00,EuropeanPut,115.0,2027-06-22
calls_puts,l1,compromise,9,156,0.0,False,5,2027-06-22,2027-03-22,pooled,102,C_20270622_120.00,EuropeanCall,120.0,2027-06-22
calls_puts,l1,compromise,9,157,-0.0,False,5,2027-06-22,2027-03-22,pooled,103,P_20270622_120.00,EuropeanPut,120.0,2027-06-22
calls_puts,l1,compromise,9,158,0.0,False,5,2027-06-22,2027-03-22,pooled,104,C_20270622_125.00,EuropeanCall,125.0,2027-06-22
calls_puts,l1,compromise,9,159,-0.0,False,5,2027-06-22,2027-03-22,pooled,105,P_20270622_125.00,EuropeanPut,125.0,2027-06-22
calls_puts,l1,compromise,9,160,0.0,False,5,2027-06-22,2027-03-22,pooled,106,C_20270622_130.00,EuropeanCall,130.0,2027-06-22
calls_puts,l1,compromise,9,161,-0.0,False,5,2027-06-22,2027-03-22,pooled,107,P_20270622_130.00,EuropeanPut,130.0,2027-06-22
calls_puts,l1,compromise,9,162,0.005171399066285016,True,6,2027-06-22,2027-03-22,barrier_clear,81,CASH_20270622,Cash,0.0,2027-06-22
calls_puts,l1,compromise,9,163,0.0,False,6,2027-06-22,2027-03-22,barrier_clear,82,C_20270622_70.00,EuropeanCall,70.0,2027-06-22
calls_puts,l1,compromise,9,164,0.0,False,6,2027-06-22,2027-03-22,barrier_clear,83,P_20270622_70.00,EuropeanPut,70.0,2027-06-22
calls_puts,l1,compromise,9,165,0.0,False,6,2027-06-22,2027-03-22,barrier_clear,84,C_20270622_75.00,EuropeanCall,75.0,2027-06-22
calls_puts,l1,compromise,9,166,-2.9079419781716873,True,6,2027-06-22,2027-03-22,barrier_clear,85,P_20270622_75.00,EuropeanPut,75.0,2027-06-22
calls_puts,l1,compromise,9,167,0.0,False,6,2027-06-22,2027-03-22,barrier_clear,86,C_20270622_80.00,EuropeanCall,80.0,2027-06-22
calls_puts,l1,compromise,9,168,-1.4224323419626859,True,6,2027-06-22,2027-03-22,barrier_clear,87,P_20270622_80.00,EuropeanPut,80.0,2027-06-22
calls_puts,l1,compromise,9,169,0.0,False,6,2027-06-22,2027-03-22,barrier_clear,88,C_20270622_85.00,EuropeanCall,85.0,2027-06-22
calls_puts,l1,compromise,9,170,-0.0,False,6,2027-06-22,2027-03-22,barrier_clear,89,P_20270622_85.00,EuropeanPut,85.0,2027-06-22
calls_puts,l1,compromise,9,171,0.0,False,6,2027-06-22,2027-03-22,barrier_clear,90,C_20270622_90.00,EuropeanCall,90.0,2027-06-22
calls_puts,l1,compromise,9,172,-0.0,False,6,2027-06-22,2027-03-22,barrier_clear,91,P_20270622_90.00,EuropeanPut,90.0,2027-06-22
calls_puts,l1,compromise,9,173,0.0,False,6,2027-06-22,2027-03-22,barrier_clear,92,C_20270622_95.00,EuropeanCall,95.0,2027-06-22
calls_puts,l1,compromise,9,174,-0.0,False,6,2027-06-22,2027-03-22,barrier_clear,93,P_20270622_95.00,EuropeanPut,95.0,2027-06-22
calls_puts,l1,compromise,9,175,0.0,False,6,2027-06-22,2027-03-22,barrier_clear,94,C_20270622_100.00,EuropeanCall,100.0,2027-06-22
calls_puts,l1,compromise,9,176,-0.0,False,6,2027-06-22,2027-03-22,barrier_clear,95,P_20270622_100.00,EuropeanPut,100.0,2027-06-22
calls_puts,l1,compromise,9,177,0.0,False,6,2027-06-22,2027-03-22,barrier_clear,96,C_20270622_105.00,EuropeanCall,105.0,2027-06-22
calls_puts,l1,compromise,9,178,-0.0,False,6,2027-06-22,2027-03-22,barrier_clear,97,P_20270622_105.00,EuropeanPut,105.0,2027-06-22
calls_puts,l1,compromise,9,179,0.0,False,6,2027-06-22,2027-03-22,barrier_clear,98,C_20270622_110.00,EuropeanCall,110.0,2027-06-22
calls_puts,l1,compromise,9,180,-0.0,False,6,2027-06-22,2027-03-22,barrier_clear,99,P_20270622_110.00,EuropeanPut,110.0,2027-06-22
calls_puts,l1,compromise,9,181,0.0,False,6,2027-06-22,2027-03-22,barrier_clear,100,C_20270622_115.00,EuropeanCall,115.0,2027-06-22
calls_puts,l1,compromise,9,182,-0.0,False,6,2027-06-22,2027-03-22,barrier_clear,101,P_20270622_115.00,EuropeanPut,115.0,2027-06-22
calls_puts,l1,compromise,9,183,0.0,False,6,2027-06-22,2027-03-22,barrier_clear,102,C_20270622_120.00,EuropeanCall,120.0,2027-06-22
calls_puts,l1,compromise,9,184,-0.0,False,6,2027-06-22,2027-03-22,barrier_clear,103,P_20270622_120.00,EuropeanPut,120.0,2027-06-22
calls_puts,l1,compromise,9,185,0.0,False,6,2027-06-22,2027-03-22,barrier_clear,104,C_20270622_125.00,EuropeanCall,125.0,2027-06-22
calls_puts,l1,compromise,9,186,-0.0,False,6,2027-06-22,2027-03-22,barrier_clear,105,P_20270622_125.00,EuropeanPut,125.0,2027-06-22
calls_puts,l1,compromise,9,187,0.0,False,6,2027-06-22,2027-03-22,barrier_clear,106,C_20270622_130.00,EuropeanCall,130.0,2027-06-22
calls_puts,l1,compromise,9,188,-0.0,False,6,2027-06-22,2027-03-22,barrier_clear,107,P_20270622_130.00,EuropeanPut,130.0,2027-06-22
calls_puts,l1,parsimony,9,0,1.0200138733510875,True,0,2026-09-22,,initial,0,CASH_20260922,Cash,0.0,2026-09-22
calls_puts,l1,parsimony,9,1,0.0,False,0,2026-09-22,,initial,1,C_20260922_70.00,EuropeanCall,70.0,2026-09-22
calls_puts,l1,parsimony,9,2,0.0,False,0,2026-09-22,,initial,2,P_20260922_70.00,EuropeanPut,70.0,2026-09-22
calls_puts,l1,parsimony,9,3,0.0,False,0,2026-09-22,,initial,3,C_20260922_75.00,EuropeanCall,75.0,2026-09-22
calls_puts,l1,parsimony,9,4,-0.0,False,0,2026-09-22,,initial,4,P_20260922_75.00,EuropeanPut,75.0,2026-09-22
calls_puts,l1,parsimony,9,5,0.0,False,0,2026-09-22,,initial,5,C_20260922_80.00,EuropeanCall,80.0,2026-09-22
calls_puts,l1,parsimony,9,6,-0.0,False,0,2026-09-22,,initial,6,P_20260922_80.00,EuropeanPut,80.0,2026-09-22
calls_puts,l1,parsimony,9,7,0.0,False,0,2026-09-22,,initial,7,C_20260922_85.00,EuropeanCall,85.0,2026-09-22
calls_puts,l1,parsimony,9,8,0.0,False,0,2026-09-22,,initial,8,P_20260922_85.00,EuropeanPut,85.0,2026-09-22
calls_puts,l1,parsimony,9,9,0.0,False,0,2026-09-22,,initial,9,C_20260922_90.00,EuropeanCall,90.0,2026-09-22
calls_puts,l1,parsimony,9,10,0.0,False,0,2026-09-22,,initial,10,P_20260922_90.00,EuropeanPut,90.0,2026-09-22
calls_puts,l1,parsimony,9,11,0.0,False,0,2026-09-22,,initial,11,C_20260922_95.00,EuropeanCall,95.0,2026-09-22
calls_puts,l1,parsimony,9,12,0.0,False,0,2026-09-22,,initial,12,P_20260922_95.00,EuropeanPut,95.0,2026-09-22
calls_puts,l1,parsimony,9,13,-0.0,False,0,2026-09-22,,initial,13,C_20260922_100.00,EuropeanCall,100.0,2026-09-22
calls_puts,l1,parsimony,9,14,-0.0,False,0,2026-09-22,,initial,14,P_20260922_100.00,EuropeanPut,100.0,2026-09-22
calls_puts,l1,parsimony,9,15,-0.0,False,0,2026-09-22,,initial,15,C_20260922_105.00,EuropeanCall,105.0,2026-09-22
calls_puts,l1,parsimony,9,16,-0.0,False,0,2026-09-22,,initial,16,P_20260922_105.00,EuropeanPut,105.0,2026-09-22
calls_puts,l1,parsimony,9,17,-0.0,False,0,2026-09-22,,initial,17,C_20260922_110.00,EuropeanCall,110.0,2026-09-22
calls_puts,l1,parsimony,9,18,-0.0,False,0,2026-09-22,,initial,18,P_20260922_110.00,EuropeanPut,110.0,2026-09-22
calls_puts,l1,parsimony,9,19,-0.0,False,0,2026-09-22,,initial,19,C_20260922_115.00,EuropeanCall,115.0,2026-09-22
calls_puts,l1,parsimony,9,20,-0.0,False,0,2026-09-22,,initial,20,P_20260922_115.00,EuropeanPut,115.0,2026-09-22
calls_puts,l1,parsimony,9,21,-0.0,False,0,2026-09-22,,initial,21,C_20260922_120.00,EuropeanCall,120.0,2026-09-22
calls_puts,l1,parsimony,9,22,-0.0,False,0,2026-09-22,,initial,22,P_20260922_120.00,EuropeanPut,120.0,2026-09-22
calls_puts,l1,parsimony,9,23,-0.0,False,0,2026-09-22,,initial,23,C_20260922_125.00,EuropeanCall,125.0,2026-09-22
calls_puts,l1,parsimony,9,24,-0.0,False,0,2026-09-22,,initial,24,P_20260922_125.00,EuropeanPut,125.0,2026-09-22
calls_puts,l1,parsimony,9,25,0.0,False,0,2026-09-22,,initial,25,C_20260922_130.00,EuropeanCall,130.0,2026-09-22
calls_puts,l1,parsimony,9,26,-0.0,False,0,2026-09-22,,initial,26,P_20260922_130.00,EuropeanPut,130.0,2026-09-22
calls_puts,l1,parsimony,9,27,-1.9984014443252818e-14,False,1,2026-12-22,2026-09-22,pooled,27,CASH_20261222,Cash,0.0,2026-12-22
calls_puts,l1,parsimony,9,28,0.0,False,1,2026-12-22,2026-09-22,pooled,28,C_20261222_70.00,EuropeanCall,70.0,2026-12-22
calls_puts,l1,parsimony,9,29,0.0,False,1,2026-12-22,2026-09-22,pooled,29,P_20261222_70.00,EuropeanPut,70.0,2026-12-22
calls_puts,l1,parsimony,9,30,0.0,False,1,2026-12-22,2026-09-22,pooled,30,C_20261222_75.00,EuropeanCall,75.0,2026-12-22
calls_puts,l1,parsimony,9,31,0.0,False,1,2026-12-22,2026-09-22,pooled,31,P_20261222_75.00,EuropeanPut,75.0,2026-12-22
calls_puts,l1,parsimony,9,32,0.0,False,1,2026-12-22,2026-09-22,pooled,32,C_20261222_80.00,EuropeanCall,80.0,2026-12-22
calls_puts,l1,parsimony,9,33,0.0,False,1,2026-12-22,2026-09-22,pooled,33,P_20261222_80.00,EuropeanPut,80.0,2026-12-22
calls_puts,l1,parsimony,9,34,0.0,False,1,2026-12-22,2026-09-22,pooled,34,C_20261222_85.00,EuropeanCall,85.0,2026-12-22
calls_puts,l1,parsimony,9,35,0.0,False,1,2026-12-22,2026-09-22,pooled,35,P_20261222_85.00,EuropeanPut,85.0,2026-12-22
calls_puts,l1,parsimony,9,36,0.0,False,1,2026-12-22,2026-09-22,pooled,36,C_20261222_90.00,EuropeanCall,90.0,2026-12-22
calls_puts,l1,parsimony,9,37,0.0,False,1,2026-12-22,2026-09-22,pooled,37,P_20261222_90.00,EuropeanPut,90.0,2026-12-22
calls_puts,l1,parsimony,9,38,0.0,False,1,2026-12-22,2026-09-22,pooled,38,C_20261222_95.00,EuropeanCall,95.0,2026-12-22
calls_puts,l1,parsimony,9,39,0.0,False,1,2026-12-22,2026-09-22,pooled,39,P_20261222_95.00,EuropeanPut,95.0,2026-12-22
calls_puts,l1,parsimony,9,40,0.0,False,1,2026-12-22,2026-09-22,pooled,40,C_20261222_100.00,EuropeanCall,100.0,2026-12-22
calls_puts,l1,parsimony,9,41,0.0,False,1,2026-12-22,2026-09-22,pooled,41,P_20261222_100.00,EuropeanPut,100.0,2026-12-22
calls_puts,l1,parsimony,9,42,0.0,False,1,2026-12-22,2026-09-22,pooled,42,C_20261222_105.00,EuropeanCall,105.0,2026-12-22
calls_puts,l1,parsimony,9,43,0.0,False,1,2026-12-22,2026-09-22,pooled,43,P_20261222_105.00,EuropeanPut,105.0,2026-12-22
calls_puts,l1,parsimony,9,44,0.0,False,1,2026-12-22,2026-09-22,pooled,44,C_20261222_110.00,EuropeanCall,110.0,2026-12-22
calls_puts,l1,parsimony,9,45,0.0,False,1,2026-12-22,2026-09-22,pooled,45,P_20261222_110.00,EuropeanPut,110.0,2026-12-22
calls_puts,l1,parsimony,9,46,0.0,False,1,2026-12-22,2026-09-22,pooled,46,C_20261222_115.00,EuropeanCall,115.0,2026-12-22
calls_puts,l1,parsimony,9,47,0.0,False,1,2026-12-22,2026-09-22,pooled,47,P_20261222_115.00,EuropeanPut,115.0,2026-12-22
calls_puts,l1,parsimony,9,48,0.0,False,1,2026-12-22,2026-09-22,pooled,48,C_20261222_120.00,EuropeanCall,120.0,2026-12-22
calls_puts,l1,parsimony,9,49,0.0,False,1,2026-12-22,2026-09-22,pooled,49,P_20261222_120.00,EuropeanPut,120.0,2026-12-22
calls_puts,l1,parsimony,9,50,0.0,False,1,2026-12-22,2026-09-22,pooled,50,C_20261222_125.00,EuropeanCall,125.0,2026-12-22
calls_puts,l1,parsimony,9,51,0.0,False,1,2026-12-22,2026-09-22,pooled,51,P_20261222_125.00,EuropeanPut,125.0,2026-12-22
calls_puts,l1,parsimony,9,52,0.0,False,1,2026-12-22,2026-09-22,pooled,52,C_20261222_130.00,EuropeanCall,130.0,2026-12-22
calls_puts,l1,parsimony,9,53,0.0,False,1,2026-12-22,2026-09-22,pooled,53,P_20261222_130.00,EuropeanPut,130.0,2026-12-22
calls_puts,l1,parsimony,9,54,0.012434399933401665,True,2,2026-12-22,2026-09-22,barrier_clear,27,CASH_20261222,Cash,0.0,2026-12-22
calls_puts,l1,parsimony,9,55,0.0,False,2,2026-12-22,2026-09-22,barrier_clear,28,C_20261222_70.00,EuropeanCall,70.0,2026-12-22
calls_puts,l1,parsimony,9,56,0.0,False,2,2026-12-22,2026-09-22,barrier_clear,29,P_20261222_70.00,EuropeanPut,70.0,2026-12-22
calls_puts,l1,parsimony,9,57,0.0,False,2,2026-12-22,2026-09-22,barrier_clear,30,C_20261222_75.00,EuropeanCall,75.0,2026-12-22
calls_puts,l1,parsimony,9,58,0.0,False,2,2026-12-22,2026-09-22,barrier_clear,31,P_20261222_75.00,EuropeanPut,75.0,2026-12-22
calls_puts,l1,parsimony,9,59,0.0,False,2,2026-12-22,2026-09-22,barrier_clear,32,C_20261222_80.00,EuropeanCall,80.0,2026-12-22
calls_puts,l1,parsimony,9,60,-0.0,False,2,2026-12-22,2026-09-22,barrier_clear,33,P_20261222_80.00,EuropeanPut,80.0,2026-12-22
calls_puts,l1,parsimony,9,61,0.0,False,2,2026-12-22,2026-09-22,barrier_clear,34,C_20261222_85.00,EuropeanCall,85.0,2026-12-22
calls_puts,l1,parsimony,9,62,-0.0,False,2,2026-12-22,2026-09-22,barrier_clear,35,P_20261222_85.00,EuropeanPut,85.0,2026-12-22
calls_puts,l1,parsimony,9,63,0.0,False,2,2026-12-22,2026-09-22,barrier_clear,36,C_20261222_90.00,EuropeanCall,90.0,2026-12-22
calls_puts,l1,parsimony,9,64,-0.0,False,2,2026-12-22,2026-09-22,barrier_clear,37,P_20261222_90.00,EuropeanPut,90.0,2026-12-22
calls_puts,l1,parsimony,9,65,-0.0,False,2,2026-12-22,2026-09-22,barrier_clear,38,C_20261222_95.00,EuropeanCall,95.0,2026-12-22
calls_puts,l1,parsimony,9,66,-0.0,False,2,2026-12-22,2026-09-22,barrier_clear,39,P_20261222_95.00,EuropeanPut,95.0,2026-12-22
calls_puts,l1,parsimony,9,67,0.0,False,2,2026-12-22,2026-09-22,barrier_clear,40,C_20261222_100.00,EuropeanCall,100.0,2026-12-22
calls_puts,l1,parsimony,9,68,-0.0,False,2,2026-12-22,2026-09-22,barrier_clear,41,P_20261222_100.00,EuropeanPut,100.0,2026-12-22
calls_puts,l1,parsimony,9,69,0.0,False,2,2026-12-22,2026-09-22,barrier_clear,42,C_20261222_105.00,EuropeanCall,105.0,2026-12-22
calls_puts,l1,parsimony,9,70,-0.0,False,2,2026-12-22,2026-09-22,barrier_clear,43,P_20261222_105.00,EuropeanPut,105.0,2026-12-22
calls_puts,l1,parsimony,9,71,0.0,False,2,2026-12-22,2026-09-22,barrier_clear,44,C_20261222_110.00,EuropeanCall,110.0,2026-12-22
calls_puts,l1,parsimony,9,72,-0.0,False,2,2026-12-22,2026-09-22,barrier_clear,45,P_20261222_110.00,EuropeanPut,110.0,2026-12-22
calls_puts,l1,parsimony,9,73,0.0,False,2,2026-12-22,2026-09-22,barrier_clear,46,C_20261222_115.00,EuropeanCall,115.0,2026-12-22
calls_puts,l1,parsimony,9,74,-0.0,False,2,2026-12-22,2026-09-22,barrier_clear,47,P_20261222_115.00,EuropeanPut,115.0,2026-12-22
calls_puts,l1,parsimony,9,75,0.0,False,2,2026-12-22,2026-09-22,barrier_clear,48,C_20261222_120.00,EuropeanCall,120.0,2026-12-22
calls_puts,l1,parsimony,9,76,-0.0,False,2,2026-12-22,2026-09-22,barrier_clear,49,P_20261222_120.00,EuropeanPut,120.0,2026-12-22
calls_puts,l1,parsimony,9,77,0.0,False,2,2026-12-22,2026-09-22,barrier_clear,50,C_20261222_125.00,EuropeanCall,125.0,2026-12-22
calls_puts,l1,parsimony,9,78,-0.0,False,2,2026-12-22,2026-09-22,barrier_clear,51,P_20261222_125.00,EuropeanPut,125.0,2026-12-22
calls_puts,l1,parsimony,9,79,0.0,False,2,2026-12-22,2026-09-22,barrier_clear,52,C_20261222_130.00,EuropeanCall,130.0,2026-12-22
calls_puts,l1,parsimony,9,80,-0.0,False,2,2026-12-22,2026-09-22,barrier_clear,53,P_20261222_130.00,EuropeanPut,130.0,2026-12-22
calls_puts,l1,parsimony,9,81,-0.0028286781049290453,True,3,2027-03-22,2026-12-22,pooled,54,CASH_20270322,Cash,0.0,2027-03-22
calls_puts,l1,parsimony,9,82,0.8460993569900838,True,3,2027-03-22,2026-12-22,pooled,55,C_20270322_70.00,EuropeanCall,70.0,2027-03-22
calls_puts,l1,parsimony,9,83,-0.0,False,3,2027-03-22,2026-12-22,pooled,56,P_20270322_70.00,EuropeanPut,70.0,2027-03-22
calls_puts,l1,parsimony,9,84,0.0,False,3,2027-03-22,2026-12-22,pooled,57,C_20270322_75.00,EuropeanCall,75.0,2027-03-22
calls_puts,l1,parsimony,9,85,-0.0,False,3,2027-03-22,2026-12-22,pooled,58,P_20270322_75.00,EuropeanPut,75.0,2027-03-22
calls_puts,l1,parsimony,9,86,0.0,False,3,2027-03-22,2026-12-22,pooled,59,C_20270322_80.00,EuropeanCall,80.0,2027-03-22
calls_puts,l1,parsimony,9,87,-0.0,False,3,2027-03-22,2026-12-22,pooled,60,P_20270322_80.00,EuropeanPut,80.0,2027-03-22
calls_puts,l1,parsimony,9,88,0.0,False,3,2027-03-22,2026-12-22,pooled,61,C_20270322_85.00,EuropeanCall,85.0,2027-03-22
calls_puts,l1,parsimony,9,89,-0.0,False,3,2027-03-22,2026-12-22,pooled,62,P_20270322_85.00,EuropeanPut,85.0,2027-03-22
calls_puts,l1,parsimony,9,90,0.0,False,3,2027-03-22,2026-12-22,pooled,63,C_20270322_90.00,EuropeanCall,90.0,2027-03-22
calls_puts,l1,parsimony,9,91,-0.0,False,3,2027-03-22,2026-12-22,pooled,64,P_20270322_90.00,EuropeanPut,90.0,2027-03-22
calls_puts,l1,parsimony,9,92,0.0,False,3,2027-03-22,2026-12-22,pooled,65,C_20270322_95.00,EuropeanCall,95.0,2027-03-22
calls_puts,l1,parsimony,9,93,-0.0,False,3,2027-03-22,2026-12-22,pooled,66,P_20270322_95.00,EuropeanPut,95.0,2027-03-22
calls_puts,l1,parsimony,9,94,0.0,False,3,2027-03-22,2026-12-22,pooled,67,C_20270322_100.00,EuropeanCall,100.0,2027-03-22
calls_puts,l1,parsimony,9,95,-0.0,False,3,2027-03-22,2026-12-22,pooled,68,P_20270322_100.00,EuropeanPut,100.0,2027-03-22
calls_puts,l1,parsimony,9,96,0.0,False,3,2027-03-22,2026-12-22,pooled,69,C_20270322_105.00,EuropeanCall,105.0,2027-03-22
calls_puts,l1,parsimony,9,97,-0.0,False,3,2027-03-22,2026-12-22,pooled,70,P_20270322_105.00,EuropeanPut,105.0,2027-03-22
calls_puts,l1,parsimony,9,98,0.0,False,3,2027-03-22,2026-12-22,pooled,71,C_20270322_110.00,EuropeanCall,110.0,2027-03-22
calls_puts,l1,parsimony,9,99,-0.0,False,3,2027-03-22,2026-12-22,pooled,72,P_20270322_110.00,EuropeanPut,110.0,2027-03-22
calls_puts,l1,parsimony,9,100,0.0,False,3,2027-03-22,2026-12-22,pooled,73,C_20270322_115.00,EuropeanCall,115.0,2027-03-22
calls_puts,l1,parsimony,9,101,-0.0,False,3,2027-03-22,2026-12-22,pooled,74,P_20270322_115.00,EuropeanPut,115.0,2027-03-22
calls_puts,l1,parsimony,9,102,0.0,False,3,2027-03-22,2026-12-22,pooled,75,C_20270322_120.00,EuropeanCall,120.0,2027-03-22
calls_puts,l1,parsimony,9,103,-0.0,False,3,2027-03-22,2026-12-22,pooled,76,P_20270322_120.00,EuropeanPut,120.0,2027-03-22
calls_puts,l1,parsimony,9,104,0.0,False,3,2027-03-22,2026-12-22,pooled,77,C_20270322_125.00,EuropeanCall,125.0,2027-03-22
calls_puts,l1,parsimony,9,105,-0.0,False,3,2027-03-22,2026-12-22,pooled,78,P_20270322_125.00,EuropeanPut,125.0,2027-03-22
calls_puts,l1,parsimony,9,106,0.0,False,3,2027-03-22,2026-12-22,pooled,79,C_20270322_130.00,EuropeanCall,130.0,2027-03-22
calls_puts,l1,parsimony,9,107,-0.0,False,3,2027-03-22,2026-12-22,pooled,80,P_20270322_130.00,EuropeanPut,130.0,2027-03-22
calls_puts,l1,parsimony,9,108,0.012552921626177127,True,4,2027-03-22,2026-12-22,barrier_clear,54,CASH_20270322,Cash,0.0,2027-03-22
calls_puts,l1,parsimony,9,109,0.0,False,4,2027-03-22,2026-12-22,barrier_clear,55,C_20270322_70.00,EuropeanCall,70.0,2027-03-22
calls_puts,l1,parsimony,9,110,0.0,False,4,2027-03-22,2026-12-22,barrier_clear,56,P_20270322_70.00,EuropeanPut,70.0,2027-03-22
calls_puts,l1,parsimony,9,111,0.0,False,4,2027-03-22,2026-12-22,barrier_clear,57,C_20270322_75.00,EuropeanCall,75.0,2027-03-22
calls_puts,l1,parsimony,9,112,0.0,False,4,2027-03-22,2026-12-22,barrier_clear,58,P_20270322_75.00,EuropeanPut,75.0,2027-03-22
calls_puts,l1,parsimony,9,113,0.0,False,4,2027-03-22,2026-12-22,barrier_clear,59,C_20270322_80.00,EuropeanCall,80.0,2027-03-22
calls_puts,l1,parsimony,9,114,-0.0,False,4,2027-03-22,2026-12-22,barrier_clear,60,P_20270322_80.00,EuropeanPut,80.0,2027-03-22
calls_puts,l1,parsimony,9,115,0.0,False,4,2027-03-22,2026-12-22,barrier_clear,61,C_20270322_85.00,EuropeanCall,85.0,2027-03-22
calls_puts,l1,parsimony,9,116,-0.07288023125888175,True,4,2027-03-22,2026-12-22,barrier_clear,62,P_20270322_85.00,EuropeanPut,85.0,2027-03-22
calls_puts,l1,parsimony,9,117,0.0,False,4,2027-03-22,2026-12-22,barrier_clear,63,C_20270322_90.00,EuropeanCall,90.0,2027-03-22
calls_puts,l1,parsimony,9,118,-0.0,False,4,2027-03-22,2026-12-22,barrier_clear,64,P_20270322_90.00,EuropeanPut,90.0,2027-03-22
calls_puts,l1,parsimony,9,119,0.0,False,4,2027-03-22,2026-12-22,barrier_clear,65,C_20270322_95.00,EuropeanCall,95.0,2027-03-22
calls_puts,l1,parsimony,9,120,-0.0,False,4,2027-03-22,2026-12-22,barrier_clear,66,P_20270322_95.00,EuropeanPut,95.0,2027-03-22
calls_puts,l1,parsimony,9,121,0.0,False,4,2027-03-22,2026-12-22,barrier_clear,67,C_20270322_100.00,EuropeanCall,100.0,2027-03-22
calls_puts,l1,parsimony,9,122,-0.0,False,4,2027-03-22,2026-12-22,barrier_clear,68,P_20270322_100.00,EuropeanPut,100.0,2027-03-22
calls_puts,l1,parsimony,9,123,0.0,False,4,2027-03-22,2026-12-22,barrier_clear,69,C_20270322_105.00,EuropeanCall,105.0,2027-03-22
calls_puts,l1,parsimony,9,124,-0.0,False,4,2027-03-22,2026-12-22,barrier_clear,70,P_20270322_105.00,EuropeanPut,105.0,2027-03-22
calls_puts,l1,parsimony,9,125,0.0,False,4,2027-03-22,2026-12-22,barrier_clear,71,C_20270322_110.00,EuropeanCall,110.0,2027-03-22
calls_puts,l1,parsimony,9,126,-0.0,False,4,2027-03-22,2026-12-22,barrier_clear,72,P_20270322_110.00,EuropeanPut,110.0,2027-03-22
calls_puts,l1,parsimony,9,127,0.0,False,4,2027-03-22,2026-12-22,barrier_clear,73,C_20270322_115.00,EuropeanCall,115.0,2027-03-22
calls_puts,l1,parsimony,9,128,-0.0,False,4,2027-03-22,2026-12-22,barrier_clear,74,P_20270322_115.00,EuropeanPut,115.0,2027-03-22
calls_puts,l1,parsimony,9,129,0.0,False,4,2027-03-22,2026-12-22,barrier_clear,75,C_20270322_120.00,EuropeanCall,120.0,2027-03-22
calls_puts,l1,parsimony,9,130,-0.0,False,4,2027-03-22,2026-12-22,barrier_clear,76,P_20270322_120.00,EuropeanPut,120.0,2027-03-22
calls_puts,l1,parsimony,9,131,0.0,False,4,2027-03-22,2026-12-22,barrier_clear,77,C_20270322_125.00,EuropeanCall,125.0,2027-03-22
calls_puts,l1,parsimony,9,132,-0.0,False,4,2027-03-22,2026-12-22,barrier_clear,78,P_20270322_125.00,EuropeanPut,125.0,2027-03-22
calls_puts,l1,parsimony,9,133,0.0,False,4,2027-03-22,2026-12-22,barrier_clear,79,C_20270322_130.00,EuropeanCall,130.0,2027-03-22
calls_puts,l1,parsimony,9,134,-0.0,False,4,2027-03-22,2026-12-22,barrier_clear,80,P_20270322_130.00,EuropeanPut,130.0,2027-03-22
calls_puts,l1,parsimony,9,135,-0.34853370840024506,True,5,2027-06-22,2027-03-22,pooled,81,CASH_20270622,Cash,0.0,2027-06-22
calls_puts,l1,parsimony,9,136,0.3415004249751514,True,5,2027-06-22,2027-03-22,pooled,82,C_20270622_70.00,EuropeanCall,70.0,2027-06-22
calls_puts,l1,parsimony,9,137,-0.49711679644461215,True,5,2027-06-22,2027-03-22,pooled,83,P_20270622_70.00,EuropeanPut,70.0,2027-06-22
calls_puts,l1,parsimony,9,138,0.4643856567083112,True,5,2027-06-22,2027-03-22,pooled,84,C_20270622_75.00,EuropeanCall,75.0,2027-06-22
calls_puts,l1,parsimony,9,139,-0.0,False,5,2027-06-22,2027-03-22,pooled,85,P_20270622_75.00,EuropeanPut,75.0,2027-06-22
calls_puts,l1,parsimony,9,140,0.0,False,5,2027-06-22,2027-03-22,pooled,86,C_20270622_80.00,EuropeanCall,80.0,2027-06-22
calls_puts,l1,parsimony,9,141,-0.0,False,5,2027-06-22,2027-03-22,pooled,87,P_20270622_80.00,EuropeanPut,80.0,2027-06-22
calls_puts,l1,parsimony,9,142,0.0,False,5,2027-06-22,2027-03-22,pooled,88,C_20270622_85.00,EuropeanCall,85.0,2027-06-22
calls_puts,l1,parsimony,9,143,-0.0,False,5,2027-06-22,2027-03-22,pooled,89,P_20270622_85.00,EuropeanPut,85.0,2027-06-22
calls_puts,l1,parsimony,9,144,0.0,False,5,2027-06-22,2027-03-22,pooled,90,C_20270622_90.00,EuropeanCall,90.0,2027-06-22
calls_puts,l1,parsimony,9,145,-0.0,False,5,2027-06-22,2027-03-22,pooled,91,P_20270622_90.00,EuropeanPut,90.0,2027-06-22
calls_puts,l1,parsimony,9,146,0.0,False,5,2027-06-22,2027-03-22,pooled,92,C_20270622_95.00,EuropeanCall,95.0,2027-06-22
calls_puts,l1,parsimony,9,147,-0.0,False,5,2027-06-22,2027-03-22,pooled,93,P_20270622_95.00,EuropeanPut,95.0,2027-06-22
calls_puts,l1,parsimony,9,148,0.0,False,5,2027-06-22,2027-03-22,pooled,94,C_20270622_100.00,EuropeanCall,100.0,2027-06-22
calls_puts,l1,parsimony,9,149,-0.0,False,5,2027-06-22,2027-03-22,pooled,95,P_20270622_100.00,EuropeanPut,100.0,2027-06-22
calls_puts,l1,parsimony,9,150,0.0,False,5,2027-06-22,2027-03-22,pooled,96,C_20270622_105.00,EuropeanCall,105.0,2027-06-22
calls_puts,l1,parsimony,9,151,-0.0,False,5,2027-06-22,2027-03-22,pooled,97,P_20270622_105.00,EuropeanPut,105.0,2027-06-22
calls_puts,l1,parsimony,9,152,0.0,False,5,2027-06-22,2027-03-22,pooled,98,C_20270622_110.00,EuropeanCall,110.0,2027-06-22
calls_puts,l1,parsimony,9,153,-0.0,False,5,2027-06-22,2027-03-22,pooled,99,P_20270622_110.00,EuropeanPut,110.0,2027-06-22
calls_puts,l1,parsimony,9,154,0.0,False,5,2027-06-22,2027-03-22,pooled,100,C_20270622_115.00,EuropeanCall,115.0,2027-06-22
calls_puts,l1,parsimony,9,155,-0.0,False,5,2027-06-22,2027-03-22,pooled,101,P_20270622_115.00,EuropeanPut,115.0,2027-06-22
calls_puts,l1,parsimony,9,156,0.0,False,5,2027-06-22,2027-03-22,pooled,102,C_20270622_120.00,EuropeanCall,120.0,2027-06-22
calls_puts,l1,parsimony,9,157,-0.0,False,5,2027-06-22,2027-03-22,pooled,103,P_20270622_120.00,EuropeanPut,120.0,2027-06-22
calls_puts,l1,parsimony,9,158,0.0,False,5,2027-06-22,2027-03-22,pooled,104,C_20270622_125.00,EuropeanCall,125.0,2027-06-22
calls_puts,l1,parsimony,9,159,-0.0,False,5,2027-06-22,2027-03-22,pooled,105,P_20270622_125.00,EuropeanPut,125.0,2027-06-22
calls_puts,l1,parsimony,9,160,0.0,False,5,2027-06-22,2027-03-22,pooled,106,C_20270622_130.00,EuropeanCall,130.0,2027-06-22
calls_puts,l1,parsimony,9,161,-0.0,False,5,2027-06-22,2027-03-22,pooled,107,P_20270622_130.00,EuropeanPut,130.0,2027-06-22
calls_puts,l1,parsimony,9,162,0.005171399066285016,True,6,2027-06-22,2027-03-22,barrier_clear,81,CASH_20270622,Cash,0.0,2027-06-22
calls_puts,l1,parsimony,9,163,0.0,False,6,2027-06-22,2027-03-22,barrier_clear,82,C_20270622_70.00,EuropeanCall,70.0,2027-06-22
calls_puts,l1,parsimony,9,164,0.0,False,6,2027-06-22,2027-03-22,barrier_clear,83,P_20270622_70.00,EuropeanPut,70.0,2027-06-22
calls_puts,l1,parsimony,9,165,0.0,False,6,2027-06-22,2027-03-22,barrier_clear,84,C_20270622_75.00,EuropeanCall,75.0,2027-06-22
calls_puts,l1,parsimony,9,166,-2.9079419781716873,True,6,2027-06-22,2027-03-22,barrier_clear,85,P_20270622_75.00,EuropeanPut,75.0,2027-06-22
calls_puts,l1,parsimony,9,167,0.0,False,6,2027-06-22,2027-03-22,barrier_clear,86,C_20270622_80.00,EuropeanCall,80.0,2027-06-22
calls_puts,l1,parsimony,9,168,-1.4224323419626859,True,6,2027-06-22,2027-03-22,barrier_clear,87,P_20270622_80.00,EuropeanPut,80.0,2027-06-22
calls_puts,l1,parsimony,9,169,0.0,False,6,2027-06-22,2027-03-22,barrier_clear,88,C_20270622_85.00,EuropeanCall,85.0,2027-06-22
calls_puts,l1,parsimony,9,170,-0.0,False,6,2027-06-22,2027-03-22,barrier_clear,89,P_20270622_85.00,EuropeanPut,85.0,2027-06-22
calls_puts,l1,parsimony,9,171,0.0,False,6,2027-06-22,2027-03-22,barrier_clear,90,C_20270622_90.00,EuropeanCall,90.0,2027-06-22
calls_puts,l1,parsimony,9,172,-0.0,False,6,2027-06-22,2027-03-22,barrier_clear,91,P_20270622_90.00,EuropeanPut,90.0,2027-06-22
calls_puts,l1,parsimony,9,173,0.0,False,6,2027-06-22,2027-03-22,barrier_clear,92,C_20270622_95.00,EuropeanCall,95.0,2027-06-22
calls_puts,l1,parsimony,9,174,-0.0,False,6,2027-06-22,2027-03-22,barrier_clear,93,P_20270622_95.00,EuropeanPut,95.0,2027-06-22
calls_puts,l1,parsimony,9,175,0.0,False,6,2027-06-22,2027-03-22,barrier_clear,94,C_20270622_100.00,EuropeanCall,100.0,2027-06-22
calls_puts,l1,parsimony,9,176,-0.0,False,6,2027-06-22,2027-03-22,barrier_clear,95,P_20270622_100.00,EuropeanPut,100.0,2027-06-22
calls_puts,l1,parsimony,9,177,0.0,False,6,2027-06-22,2027-03-22,barrier_clear,96,C_20270622_105.00,EuropeanCall,105.0,2027-06-22
calls_puts,l1,parsimony,9,178,-0.0,False,6,2027-06-22,2027-03-22,barrier_clear,97,P_20270622_105.00,EuropeanPut,105.0,2027-06-22
calls_puts,l1,parsimony,9,179,0.0,False,6,2027-06-22,2027-03-22,barrier_clear,98,C_20270622_110.00,EuropeanCall,110.0,2027-06-22
calls_puts,l1,parsimony,9,180,-0.0,False,6,2027-06-22,2027-03-22,barrier_clear,99,P_20270622_110.00,EuropeanPut,110.0,2027-06-22
calls_puts,l1,parsimony,9,181,0.0,False,6,2027-06-22,2027-03-22,barrier_clear,100,C_20270622_115.00,EuropeanCall,115.0,2027-06-22
calls_puts,l1,parsimony,9,182,-0.0,False,6,2027-06-22,2027-03-22,barrier_clear,101,P_20270622_115.00,EuropeanPut,115.0,2027-06-22
calls_puts,l1,parsimony,9,183,0.0,False,6,2027-06-22,2027-03-22,barrier_clear,102,C_20270622_120.00,EuropeanCall,120.0,2027-06-22
calls_puts,l1,parsimony,9,184,-0.0,False,6,2027-06-22,2027-03-22,barrier_clear,103,P_20270622_120.00,EuropeanPut,120.0,2027-06-22
calls_puts,l1,parsimony,9,185,0.0,False,6,2027-06-22,2027-03-22,barrier_clear,104,C_20270622_125.00,EuropeanCall,125.0,2027-06-22
calls_puts,l1,parsimony,9,186,-0.0,False,6,2027-06-22,2027-03-22,barrier_clear,105,P_20270622_125.00,EuropeanPut,125.0,2027-06-22
calls_puts,l1,parsimony,9,187,0.0,False,6,2027-06-22,2027-03-22,barrier_clear,106,C_20270622_130.00,EuropeanCall,130.0,2027-06-22
calls_puts,l1,parsimony,9,188,-0.0,False,6,2027-06-22,2027-03-22,barrier_clear,107,P_20270622_130.00,EuropeanPut,130.0,2027-06-22
calls_puts,l2,performance,1,0,1.020000034142363,True,0,2026-09-22,,initial,0,CASH_20260922,Cash,0.0,2026-09-22
calls_puts,l2,performance,1,1,3.096428784561727e-09,False,0,2026-09-22,,initial,1,C_20260922_70.00,EuropeanCall,70.0,2026-09-22
calls_puts,l2,performance,1,2,0.0,False,0,2026-09-22,,initial,2,P_20260922_70.00,EuropeanPut,70.0,2026-09-22
calls_puts,l2,performance,1,3,-5.947867764858555e-09,False,0,2026-09-22,,initial,3,C_20260922_75.00,EuropeanCall,75.0,2026-09-22
calls_puts,l2,performance,1,4,0.00040010531374714013,True,0,2026-09-22,,initial,4,P_20260922_75.00,EuropeanPut,75.0,2026-09-22
calls_puts,l2,performance,1,5,-1.144834049426364e-08,False,0,2026-09-22,,initial,5,C_20260922_80.00,EuropeanCall,80.0,2026-09-22
calls_puts,l2,performance,1,6,4.745168022347984e-05,True,0,2026-09-22,,initial,6,P_20260922_80.00,EuropeanPut,80.0,2026-09-22
calls_puts,l2,performance,1,7,2.0612668983873638e-07,False,0,2026-09-22,,initial,7,C_20260922_85.00,EuropeanCall,85.0,2026-09-22
calls_puts,l2,performance,1,8,0.00012153746153675047,True,0,2026-09-22,,initial,8,P_20260922_85.00,EuropeanPut,85.0,2026-09-22
calls_puts,l2,performance,1,9,2.1619292951290388e-07,False,0,2026-09-22,,initial,9,C_20260922_90.00,EuropeanCall,90.0,2026-09-22
calls_puts,l2,performance,1,10,2.487245084175103e-05,True,0,2026-09-22,,initial,10,P_20260922_90.00,EuropeanPut,90.0,2026-09-22
calls_puts,l2,performance,1,11,1.0663247525330756e-06,True,0,2026-09-22,,initial,11,C_20260922_95.00,EuropeanCall,95.0,2026-09-22
calls_puts,l2,performance,1,12,1.4978164252098545e-05,True,0,2026-09-22,,initial,12,P_20260922_95.00,EuropeanPut,95.0,2026-09-22
calls_puts,l2,performance,1,13,-1.1321375249276807e-09,False,0,2026-09-22,,initial,13,C_20260922_100.00,EuropeanCall,100.0,2026-09-22
calls_puts,l2,performance,1,14,1.4735076995693356e-06,True,0,2026-09-22,,initial,14,P_20260922_100.00,EuropeanPut,100.0,2026-09-22
calls_puts,l2,performance,1,15,-1.3985708954146849e-09,False,0,2026-09-22,,initial,15,C_20260922_105.00,EuropeanCall,105.0,2026-09-22
calls_puts,l2,performance,1,16,7.453394563340285e-07,False,0,2026-09-22,,initial,16,P_20260922_105.00,EuropeanPut,105.0,2026-09-22
calls_puts,l2,performance,1,17,-1.7310639866018097e-09,False,0,2026-09-22,,initial,17,C_20260922_110.00,EuropeanCall,110.0,2026-09-22
calls_puts,l2,performance,1,18,4.3536643727290375e-07,False,0,2026-09-22,,initial,18,P_20260922_110.00,EuropeanPut,110.0,2026-09-22
calls_puts,l2,performance,1,19,-2.318406962382684e-09,False,0,2026-09-22,,initial,19,C_20260922_115.00,EuropeanCall,115.0,2026-09-22
calls_puts,l2,performance,1,20,2.8248488771072954e-07,False,0,2026-09-22,,initial,20,P_20260922_115.00,EuropeanPut,115.0,2026-09-22
calls_puts,l2,performance,1,21,-4.0852246475905465e-09,False,0,2026-09-22,,initial,21,C_20260922_120.00,EuropeanCall,120.0,2026-09-22
calls_puts,l2,performance,1,22,1.9840651824517528e-07,False,0,2026-09-22,,initial,22,P_20260922_120.00,EuropeanPut,120.0,2026-09-22
calls_puts,l2,performance,1,23,-8.915465725595677e-09,False,0,2026-09-22,,initial,23,C_20260922_125.00,EuropeanCall,125.0,2026-09-22
calls_puts,l2,performance,1,24,1.4822834569808144e-07,False,0,2026-09-22,,initial,24,P_20260922_125.00,EuropeanPut,125.0,2026-09-22
calls_puts,l2,performance,1,25,0.0,False,0,2026-09-22,,initial,25,C_20260922_130.00,EuropeanCall,130.0,2026-09-22
calls_puts,l2,performance,1,26,1.1599843507266696e-07,False,0,2026-09-22,,initial,26,P_20260922_130.00,EuropeanPut,130.0,2026-09-22
calls_puts,l2,performance,1,27,-1.9984014443252818e-14,False,1,2026-12-22,2026-09-22,pooled,27,CASH_20261222,Cash,0.0,2026-12-22
calls_puts,l2,performance,1,28,0.0,False,1,2026-12-22,2026-09-22,pooled,28,C_20261222_70.00,EuropeanCall,70.0,2026-12-22
calls_puts,l2,performance,1,29,0.0,False,1,2026-12-22,2026-09-22,pooled,29,P_20261222_70.00,EuropeanPut,70.0,2026-12-22
calls_puts,l2,performance,1,30,0.0,False,1,2026-12-22,2026-09-22,pooled,30,C_20261222_75.00,EuropeanCall,75.0,2026-12-22
calls_puts,l2,performance,1,31,0.0,False,1,2026-12-22,2026-09-22,pooled,31,P_20261222_75.00,EuropeanPut,75.0,2026-12-22
calls_puts,l2,performance,1,32,0.0,False,1,2026-12-22,2026-09-22,pooled,32,C_20261222_80.00,EuropeanCall,80.0,2026-12-22
calls_puts,l2,performance,1,33,0.0,False,1,2026-12-22,2026-09-22,pooled,33,P_20261222_80.00,EuropeanPut,80.0,2026-12-22
calls_puts,l2,performance,1,34,0.0,False,1,2026-12-22,2026-09-22,pooled,34,C_20261222_85.00,EuropeanCall,85.0,2026-12-22
calls_puts,l2,performance,1,35,0.0,False,1,2026-12-22,2026-09-22,pooled,35,P_20261222_85.00,EuropeanPut,85.0,2026-12-22
calls_puts,l2,performance,1,36,0.0,False,1,2026-12-22,2026-09-22,pooled,36,C_20261222_90.00,EuropeanCall,90.0,2026-12-22
calls_puts,l2,performance,1,37,0.0,False,1,2026-12-22,2026-09-22,pooled,37,P_20261222_90.00,EuropeanPut,90.0,2026-12-22
calls_puts,l2,performance,1,38,0.0,False,1,2026-12-22,2026-09-22,pooled,38,C_20261222_95.00,EuropeanCall,95.0,2026-12-22
calls_puts,l2,performance,1,39,0.0,False,1,2026-12-22,2026-09-22,pooled,39,P_20261222_95.00,EuropeanPut,95.0,2026-12-22
calls_puts,l2,performance,1,40,0.0,False,1,2026-12-22,2026-09-22,pooled,40,C_20261222_100.00,EuropeanCall,100.0,2026-12-22
calls_puts,l2,performance,1,41,0.0,False,1,2026-12-22,2026-09-22,pooled,41,P_20261222_100.00,EuropeanPut,100.0,2026-12-22
calls_puts,l2,performance,1,42,0.0,False,1,2026-12-22,2026-09-22,pooled,42,C_20261222_105.00,EuropeanCall,105.0,2026-12-22
calls_puts,l2,performance,1,43,0.0,False,1,2026-12-22,2026-09-22,pooled,43,P_20261222_105.00,EuropeanPut,105.0,2026-12-22
calls_puts,l2,performance,1,44,0.0,False,1,2026-12-22,2026-09-22,pooled,44,C_20261222_110.00,EuropeanCall,110.0,2026-12-22
calls_puts,l2,performance,1,45,0.0,False,1,2026-12-22,2026-09-22,pooled,45,P_20261222_110.00,EuropeanPut,110.0,2026-12-22
calls_puts,l2,performance,1,46,0.0,False,1,2026-12-22,2026-09-22,pooled,46,C_20261222_115.00,EuropeanCall,115.0,2026-12-22
calls_puts,l2,performance,1,47,0.0,False,1,2026-12-22,2026-09-22,pooled,47,P_20261222_115.00,EuropeanPut,115.0,2026-12-22
calls_puts,l2,performance,1,48,0.0,False,1,2026-12-22,2026-09-22,pooled,48,C_20261222_120.00,EuropeanCall,120.0,2026-12-22
calls_puts,l2,performance,1,49,0.0,False,1,2026-12-22,2026-09-22,pooled,49,P_20261222_120.00,EuropeanPut,120.0,2026-12-22
calls_puts,l2,performance,1,50,0.0,False,1,2026-12-22,2026-09-22,pooled,50,C_20261222_125.00,EuropeanCall,125.0,2026-12-22
calls_puts,l2,performance,1,51,0.0,False,1,2026-12-22,2026-09-22,pooled,51,P_20261222_125.00,EuropeanPut,125.0,2026-12-22
calls_puts,l2,performance,1,52,0.0,False,1,2026-12-22,2026-09-22,pooled,52,C_20261222_130.00,EuropeanCall,130.0,2026-12-22
calls_puts,l2,performance,1,53,0.0,False,1,2026-12-22,2026-09-22,pooled,53,P_20261222_130.00,EuropeanPut,130.0,2026-12-22
calls_puts,l2,performance,1,54,0.012492580980062088,True,2,2026-12-22,2026-09-22,barrier_clear,27,CASH_20261222,Cash,0.0,2026-12-22
calls_puts,l2,performance,1,55,6.854590684526147e-07,False,2,2026-12-22,2026-09-22,barrier_clear,28,C_20261222_70.00,EuropeanCall,70.0,2026-12-22
calls_puts,l2,performance,1,56,0.00010091316163686816,True,2,2026-12-22,2026-09-22,barrier_clear,29,P_20261222_70.00,EuropeanPut,70.0,2026-12-22
calls_puts,l2,performance,1,57,1.1613780938367845e-06,True,2,2026-12-22,2026-09-22,barrier_clear,30,C_20261222_75.00,EuropeanCall,75.0,2026-12-22
calls_puts,l2,performance,1,58,8.63590760063908e-05,True,2,2026-12-22,2026-09-22,barrier_clear,31,P_20261222_75.00,EuropeanPut,75.0,2026-12-22
calls_puts,l2,performance,1,59,1.9548034511496316e-06,True,2,2026-12-22,2026-09-22,barrier_clear,32,C_20261222_80.00,EuropeanCall,80.0,2026-12-22
calls_puts,l2,performance,1,60,2.920614090593791e-05,True,2,2026-12-22,2026-09-22,barrier_clear,33,P_20261222_80.00,EuropeanPut,80.0,2026-12-22
calls_puts,l2,performance,1,61,3.552119996063302e-06,True,2,2026-12-22,2026-09-22,barrier_clear,34,C_20261222_85.00,EuropeanCall,85.0,2026-12-22
calls_puts,l2,performance,1,62,1.4324620185722997e-05,True,2,2026-12-22,2026-09-22,barrier_clear,35,P_20261222_85.00,EuropeanPut,85.0,2026-12-22
calls_puts,l2,performance,1,63,1.64682245042797e-06,True,2,2026-12-22,2026-09-22,barrier_clear,36,C_20261222_90.00,EuropeanCall,90.0,2026-12-22
calls_puts,l2,performance,1,64,-4.67633125705939e-06,True,2,2026-12-22,2026-09-22,barrier_clear,37,P_20261222_90.00,EuropeanPut,90.0,2026-12-22
calls_puts,l2,performance,1,65,-4.570764011831645e-06,True,2,2026-12-22,2026-09-22,barrier_clear,38,C_20261222_95.00,EuropeanCall,95.0,2026-12-22
calls_puts,l2,performance,1,66,-6.682235217990646e-06,True,2,2026-12-22,2026-09-22,barrier_clear,39,P_20261222_95.00,EuropeanPut,95.0,2026-12-22
calls_puts,l2,performance,1,67,-7.393755790671121e-09,False,2,2026-12-22,2026-09-22,barrier_clear,40,C_20261222_100.00,EuropeanCall,100.0,2026-12-22
calls_puts,l2,performance,1,68,-1.990589426563466e-06,True,2,2026-12-22,2026-09-22,barrier_clear,41,P_20261222_100.00,EuropeanPut,100.0,2026-12-22
calls_puts,l2,performance,1,69,-8.528772621899585e-09,False,2,2026-12-22,2026-09-22,barrier_clear,42,C_20261222_105.00,EuropeanCall,105.0,2026-12-22
calls_puts,l2,performance,1,70,-1.1057014169102302e-06,True,2,2026-12-22,2026-09-22,barrier_clear,43,P_20261222_105.00,EuropeanPut,105.0,2026-12-22
calls_puts,l2,performance,1,71,-1.0154384809682854e-08,False,2,2026-12-22,2026-09-22,barrier_clear,44,C_20261222_110.00,EuropeanCall,110.0,2026-12-22
calls_puts,l2,performance,1,72,-6.603410544009551e-07,False,2,2026-12-22,2026-09-22,barrier_clear,45,P_20261222_110.00,EuropeanPut,110.0,2026-12-22
calls_puts,l2,performance,1,73,-1.0356789041665288e-08,False,2,2026-12-22,2026-09-22,barrier_clear,46,C_20261222_115.00,EuropeanCall,115.0,2026-12-22
calls_puts,l2,performance,1,74,-4.1844903972790417e-07,False,2,2026-12-22,2026-09-22,barrier_clear,47,P_20261222_115.00,EuropeanPut,115.0,2026-12-22
calls_puts,l2,performance,1,75,-1.3699705285543709e-08,False,2,2026-12-22,2026-09-22,barrier_clear,48,C_20261222_120.00,EuropeanCall,120.0,2026-12-22
calls_puts,l2,performance,1,76,-2.775490872858613e-07,False,2,2026-12-22,2026-09-22,barrier_clear,49,P_20261222_120.00,EuropeanPut,120.0,2026-12-22
calls_puts,l2,performance,1,77,-2.80851229682284e-08,False,2,2026-12-22,2026-09-22,barrier_clear,50,C_20261222_125.00,EuropeanCall,125.0,2026-12-22
calls_puts,l2,performance,1,78,-1.905293690229467e-07,False,2,2026-12-22,2026-09-22,barrier_clear,51,P_20261222_125.00,EuropeanPut,125.0,2026-12-22
calls_puts,l2,performance,1,79,0.0,False,2,2026-12-22,2026-09-22,barrier_clear,52,C_20261222_130.00,EuropeanCall,130.0,2026-12-22
calls_puts,l2,performance,1,80,-1.341968261903246e-07,False,2,2026-12-22,2026-09-22,barrier_clear,53,P_20261222_130.00,EuropeanPut,130.0,2026-12-22
calls_puts,l2,performance,1,81,0.023246092748356446,True,3,2027-03-22,2026-12-22,pooled,54,CASH_20270322,Cash,0.0,2027-03-22
calls_puts,l2,performance,1,82,0.0032608748584637016,True,3,2027-03-22,2026-12-22,pooled,55,C_20270322_70.00,EuropeanCall,70.0,2027-03-22
calls_puts,l2,performance,1,83,-0.000355911312903354,True,3,2027-03-22,2026-12-22,pooled,56,P_20270322_70.00,EuropeanPut,70.0,2027-03-22
calls_puts,l2,performance,1,84,0.0,False,3,2027-03-22,2026-12-22,pooled,57,C_20270322_75.00,EuropeanCall,75.0,2027-03-22
calls_puts,l2,performance,1,85,-0.00011234048540711146,True,3,2027-03-22,2026-12-22,pooled,58,P_20270322_75.00,EuropeanPut,75.0,2027-03-22
calls_puts,l2,performance,1,86,0.0,False,3,2027-03-22,2026-12-22,pooled,59,C_20270322_80.00,EuropeanCall,80.0,2027-03-22
calls_puts,l2,performance,1,87,-4.7963965288920215e-05,True,3,2027-03-22,2026-12-22,pooled,60,P_20270322_80.00,EuropeanPut,80.0,2027-03-22
calls_puts,l2,performance,1,88,0.0,False,3,2027-03-22,2026-12-22,pooled,61,C_20270322_85.00,EuropeanCall,85.0,2027-03-22
calls_puts,l2,performance,1,89,-2.6125936690141105e-05,True,3,2027-03-22,2026-12-22,pooled,62,P_20270322_85.00,EuropeanPut,85.0,2027-03-22
calls_puts,l2,performance,1,90,0.0,False,3,2027-03-22,2026-12-22,pooled,63,C_20270322_90.00,EuropeanCall,90.0,2027-03-22
calls_puts,l2,performance,1,91,-1.6335650869044555e-05,True,3,2027-03-22,2026-12-22,pooled,64,P_20270322_90.00,EuropeanPut,90.0,2027-03-22
calls_puts,l2,performance,1,92,0.0,False,3,2027-03-22,2026-12-22,pooled,65,C_20270322_95.00,EuropeanCall,95.0,2027-03-22
calls_puts,l2,performance,1,93,-1.1148138922145923e-05,True,3,2027-03-22,2026-12-22,pooled,66,P_20270322_95.00,EuropeanPut,95.0,2027-03-22
calls_puts,l2,performance,1,94,0.0,False,3,2027-03-22,2026-12-22,pooled,67,C_20270322_100.00,EuropeanCall,100.0,2027-03-22
calls_puts,l2,performance,1,95,-8.079809188218893e-06,True,3,2027-03-22,2026-12-22,pooled,68,P_20270322_100.00,EuropeanPut,100.0,2027-03-22
calls_puts,l2,performance,1,96,0.0,False,3,2027-03-22,2026-12-22,pooled,69,C_20270322_105.00,EuropeanCall,105.0,2027-03-22
calls_puts,l2,performance,1,97,-6.118374097248251e-06,True,3,2027-03-22,2026-12-22,pooled,70,P_20270322_105.00,EuropeanPut,105.0,2027-03-22
calls_puts,l2,performance,1,98,0.0,False,3,2027-03-22,2026-12-22,pooled,71,C_20270322_110.00,EuropeanCall,110.0,2027-03-22
calls_puts,l2,performance,1,99,-4.790065448677361e-06,True,3,2027-03-22,2026-12-22,pooled,72,P_20270322_110.00,EuropeanPut,110.0,2027-03-22
calls_puts,l2,performance,1,100,0.0,False,3,2027-03-22,2026-12-22,pooled,73,C_20270322_115.00,EuropeanCall,115.0,2027-03-22
calls_puts,l2,performance,1,101,-3.849568557387772e-06,True,3,2027-03-22,2026-12-22,pooled,74,P_20270322_115.00,EuropeanPut,115.0,2027-03-22
calls_puts,l2,performance,1,102,0.0,False,3,2027-03-22,2026-12-22,pooled,75,C_20270322_120.00,EuropeanCall,120.0,2027-03-22
calls_puts,l2,performance,1,103,-3.1596731856612456e-06,True,3,2027-03-22,2026-12-22,pooled,76,P_20270322_120.00,EuropeanPut,120.0,2027-03-22
calls_puts,l2,performance,1,104,0.0,False,3,2027-03-22,2026-12-22,pooled,77,C_20270322_125.00,EuropeanCall,125.0,2027-03-22
calls_puts,l2,performance,1,105,-2.6388196295409178e-06,True,3,2027-03-22,2026-12-22,pooled,78,P_20270322_125.00,EuropeanPut,125.0,2027-03-22
calls_puts,l2,performance,1,106,0.0,False,3,2027-03-22,2026-12-22,pooled,79,C_20270322_130.00,EuropeanCall,130.0,2027-03-22
calls_puts,l2,performance,1,107,-2.2360807701215776e-06,True,3,2027-03-22,2026-12-22,pooled,80,P_20270322_130.00,EuropeanPut,130.0,2027-03-22
calls_puts,l2,performance,1,108,0.012575414480079873,True,4,2027-03-22,2026-12-22,barrier_clear,54,CASH_20270322,Cash,0.0,2027-03-22
calls_puts,l2,performance,1,109,2.3338091644667233e-05,True,4,2027-03-22,2026-12-22,barrier_clear,55,C_20270322_70.00,EuropeanCall,70.0,2027-03-22
calls_puts,l2,performance,1,110,0.0,False,4,2027-03-22,2026-12-22,barrier_clear,56,P_20270322_70.00,EuropeanPut,70.0,2027-03-22
calls_puts,l2,performance,1,111,3.374338797386088e-05,True,4,2027-03-22,2026-12-22,barrier_clear,57,C_20270322_75.00,EuropeanCall,75.0,2027-03-22
calls_puts,l2,performance,1,112,-0.0003681536870313587,True,4,2027-03-22,2026-12-22,barrier_clear,58,P_20270322_75.00,EuropeanPut,75.0,2027-03-22
calls_puts,l2,performance,1,113,3.651959782253207e-05,True,4,2027-03-22,2026-12-22,barrier_clear,59,C_20270322_80.00,EuropeanCall,80.0,2027-03-22
calls_puts,l2,performance,1,114,-0.0005959809218294854,True,4,2027-03-22,2026-12-22,barrier_clear,60,P_20270322_80.00,EuropeanPut,80.0,2027-03-22
calls_puts,l2,performance,1,115,3.604901721210129e-05,True,4,2027-03-22,2026-12-22,barrier_clear,61,C_20270322_85.00,EuropeanCall,85.0,2027-03-22
calls_puts,l2,performance,1,116,-0.00030007030025127354,True,4,2027-03-22,2026-12-22,barrier_clear,62,P_20270322_85.00,EuropeanPut,85.0,2027-03-22
calls_puts,l2,performance,1,117,2.8958377564401205e-05,True,4,2027-03-22,2026-12-22,barrier_clear,63,C_20270322_90.00,EuropeanCall,90.0,2027-03-22
calls_puts,l2,performance,1,118,-0.00016347100287698497,True,4,2027-03-22,2026-12-22,barrier_clear,64,P_20270322_90.00,EuropeanPut,90.0,2027-03-22
calls_puts,l2,performance,1,119,1.2237407115775789e-05,True,4,2027-03-22,2026-12-22,barrier_clear,65,C_20270322_95.00,EuropeanCall,95.0,2027-03-22
calls_puts,l2,performance,1,120,-9.443188704230462e-05,True,4,2027-03-22,2026-12-22,barrier_clear,66,P_20270322_95.00,EuropeanPut,95.0,2027-03-22
calls_puts,l2,performance,1,121,-1.6099634010312032e-07,False,4,2027-03-22,2026-12-22,barrier_clear,67,C_20270322_100.00,EuropeanCall,100.0,2027-03-22
calls_puts,l2,performance,1,122,-5.555794951024646e-05,True,4,2027-03-22,2026-12-22,barrier_clear,68,P_20270322_100.00,EuropeanPut,100.0,2027-03-22
calls_puts,l2,performance,1,123,-1.7497743378485808e-07,False,4,2027-03-22,2026-12-22,barrier_clear,69,C_20270322_105.00,EuropeanCall,105.0,2027-03-22
calls_puts,l2,performance,1,124,-3.437819449403636e-05,True,4,2027-03-22,2026-12-22,barrier_clear,70,P_20270322_105.00,EuropeanPut,105.0,2027-03-22
calls_puts,l2,performance,1,125,-2.021652769467431e-07,False,4,2027-03-22,2026-12-22,barrier_clear,71,C_20270322_110.00,EuropeanCall,110.0,2027-03-22
calls_puts,l2,performance,1,126,-2.2825908896916615e-05,True,4,2027-03-22,2026-12-22,barrier_clear,72,P_20270322_110.00,EuropeanPut,110.0,2027-03-22
calls_puts,l2,performance,1,127,-2.4397148614866235e-07,False,4,2027-03-22,2026-12-22,barrier_clear,73,C_20270322_115.00,EuropeanCall,115.0,2027-03-22
calls_puts,l2,performance,1,128,-1.6001446444527466e-05,True,4,2027-03-22,2026-12-22,barrier_clear,74,P_20270322_115.00,EuropeanPut,115.0,2027-03-22
calls_puts,l2,performance,1,129,-3.5367475763716276e-07,False,4,2027-03-22,2026-12-22,barrier_clear,75,C_20270322_120.00,EuropeanCall,120.0,2027-03-22
calls_puts,l2,performance,1,130,-1.1734021140329731e-05,True,4,2027-03-22,2026-12-22,barrier_clear,76,P_20270322_120.00,EuropeanPut,120.0,2027-03-22
calls_puts,l2,performance,1,131,-6.426432082410651e-07,False,4,2027-03-22,2026-12-22,barrier_clear,77,C_20270322_125.00,EuropeanCall,125.0,2027-03-22
calls_puts,l2,performance,1,132,-8.92489904316488e-06,True,4,2027-03-22,2026-12-22,barrier_clear,78,P_20270322_125.00,EuropeanPut,125.0,2027-03-22
calls_puts,l2,performance,1,133,-3.5125892875480988e-06,True,4,2027-03-22,2026-12-22,barrier_clear,79,C_20270322_130.00,EuropeanCall,130.0,2027-03-22
calls_puts,l2,performance,1,134,-6.9933280941759475e-06,True,4,2027-03-22,2026-12-22,barrier_clear,80,P_20270322_130.00,EuropeanPut,130.0,2027-03-22
calls_puts,l2,performance,1,135,-0.38016959822298496,True,5,2027-06-22,2027-03-22,pooled,81,CASH_20270622,Cash,0.0,2027-06-22
calls_puts,l2,performance,1,136,0.0005963637749092106,True,5,2027-06-22,2027-03-22,pooled,82,C_20270622_70.00,EuropeanCall,70.0,2027-06-22
calls_puts,l2,performance,1,137,-0.00030846093908309664,True,5,2027-06-22,2027-03-22,pooled,83,P_20270622_70.00,EuropeanPut,70.0,2027-06-22
calls_puts,l2,performance,1,138,0.0017897466770076212,True,5,2027-06-22,2027-03-22,pooled,84,C_20270622_75.00,EuropeanCall,75.0,2027-06-22
calls_puts,l2,performance,1,139,-0.00015226405951872466,True,5,2027-06-22,2027-03-22,pooled,85,P_20270622_75.00,EuropeanPut,75.0,2027-06-22
calls_puts,l2,performance,1,140,0.0,False,5,2027-06-22,2027-03-22,pooled,86,C_20270622_80.00,EuropeanCall,80.0,2027-06-22
calls_puts,l2,performance,1,141,-8.183049274181916e-05,True,5,2027-06-22,2027-03-22,pooled,87,P_20270622_80.00,EuropeanPut,80.0,2027-06-22
calls_puts,l2,performance,1,142,0.0,False,5,2027-06-22,2027-03-22,pooled,88,C_20270622_85.00,EuropeanCall,85.0,2027-06-22
calls_puts,l2,performance,1,143,-4.5879296427732606e-05,True,5,2027-06-22,2027-03-22,pooled,89,P_20270622_85.00,EuropeanPut,85.0,2027-06-22
calls_puts,l2,performance,1,144,0.0,False,5,2027-06-22,2027-03-22,pooled,90,C_20270622_90.00,EuropeanCall,90.0,2027-06-22
calls_puts,l2,performance,1,145,-2.8895460135183198e-05,True,5,2027-06-22,2027-03-22,pooled,91,P_20270622_90.00,EuropeanPut,90.0,2027-06-22
calls_puts,l2,performance,1,146,0.0,False,5,2027-06-22,2027-03-22,pooled,92,C_20270622_95.00,EuropeanCall,95.0,2027-06-22
calls_puts,l2,performance,1,147,-1.9733117940340625e-05,True,5,2027-06-22,2027-03-22,pooled,93,P_20270622_95.00,EuropeanPut,95.0,2027-06-22
calls_puts,l2,performance,1,148,0.0,False,5,2027-06-22,2027-03-22,pooled,94,C_20270622_100.00,EuropeanCall,100.0,2027-06-22
calls_puts,l2,performance,1,149,-1.4280622932208312e-05,True,5,2027-06-22,2027-03-22,pooled,95,P_20270622_100.00,EuropeanPut,100.0,2027-06-22
calls_puts,l2,performance,1,150,0.0,False,5,2027-06-22,2027-03-22,pooled,96,C_20270622_105.00,EuropeanCall,105.0,2027-06-22
calls_puts,l2,performance,1,151,-1.0790235043344742e-05,True,5,2027-06-22,2027-03-22,pooled,97,P_20270622_105.00,EuropeanPut,105.0,2027-06-22
calls_puts,l2,performance,1,152,0.0,False,5,2027-06-22,2027-03-22,pooled,98,C_20270622_110.00,EuropeanCall,110.0,2027-06-22
calls_puts,l2,performance,1,153,-8.427906964601855e-06,True,5,2027-06-22,2027-03-22,pooled,99,P_20270622_110.00,EuropeanPut,110.0,2027-06-22
calls_puts,l2,performance,1,154,0.0,False,5,2027-06-22,2027-03-22,pooled,100,C_20270622_115.00,EuropeanCall,115.0,2027-06-22
calls_puts,l2,performance,1,155,-6.757707675520683e-06,True,5,2027-06-22,2027-03-22,pooled,101,P_20270622_115.00,EuropeanPut,115.0,2027-06-22
calls_puts,l2,performance,1,156,0.0,False,5,2027-06-22,2027-03-22,pooled,102,C_20270622_120.00,EuropeanCall,120.0,2027-06-22
calls_puts,l2,performance,1,157,-5.534739650613246e-06,True,5,2027-06-22,2027-03-22,pooled,103,P_20270622_120.00,EuropeanPut,120.0,2027-06-22
calls_puts,l2,performance,1,158,0.0,False,5,2027-06-22,2027-03-22,pooled,104,C_20270622_125.00,EuropeanCall,125.0,2027-06-22
calls_puts,l2,performance,1,159,-4.613176807012223e-06,True,5,2027-06-22,2027-03-22,pooled,105,P_20270622_125.00,EuropeanPut,125.0,2027-06-22
calls_puts,l2,performance,1,160,0.0,False,5,2027-06-22,2027-03-22,pooled,106,C_20270622_130.00,EuropeanCall,130.0,2027-06-22
calls_puts,l2,performance,1,161,-3.901934927557713e-06,True,5,2027-06-22,2027-03-22,pooled,107,P_20270622_130.00,EuropeanPut,130.0,2027-06-22
calls_puts,l2,performance,1,162,-0.034226194999439026,True,6,2027-06-22,2027-03-22,barrier_clear,81,CASH_20270622,Cash,0.0,2027-06-22
calls_puts,l2,performance,1,163,7.206112901982664e-05,True,6,2027-06-22,2027-03-22,barrier_clear,82,C_20270622_70.00,EuropeanCall,70.0,2027-06-22
calls_puts,l2,performance,1,164,-0.010060918909559045,True,6,2027-06-22,2027-03-22,barrier_clear,83,P_20270622_70.00,EuropeanPut,70.0,2027-06-22
calls_puts,l2,performance,1,165,9.022582322384253e-05,True,6,2027-06-22,2027-03-22,barrier_clear,84,C_20270622_75.00,EuropeanCall,75.0,2027-06-22
calls_puts,l2,performance,1,166,-0.0025589965179603274,True,6,2027-06-22,2027-03-22,barrier_clear,85,P_20270622_75.00,EuropeanPut,75.0,2027-06-22
calls_puts,l2,performance,1,167,0.00010269544723902066,True,6,2027-06-22,2027-03-22,barrier_clear,86,C_20270622_80.00,EuropeanCall,80.0,2027-06-22
calls_puts,l2,performance,1,168,-0.0010643901808539955,True,6,2027-06-22,2027-03-22,barrier_clear,87,P_20270622_80.00,EuropeanPut,80.0,2027-06-22
calls_puts,l2,performance,1,169,0.00011921382752773485,True,6,2027-06-22,2027-03-22,barrier_clear,88,C_20270622_85.00,EuropeanCall,85.0,2027-06-22
calls_puts,l2,performance,1,170,-0.00047683342020938706,True,6,2027-06-22,2027-03-22,barrier_clear,89,P_20270622_85.00,EuropeanPut,85.0,2027-06-22
calls_puts,l2,performance,1,171,0.00013672407189359726,True,6,2027-06-22,2027-03-22,barrier_clear,90,C_20270622_90.00,EuropeanCall,90.0,2027-06-22
calls_puts,l2,performance,1,172,-0.0002476893506461005,True,6,2027-06-22,2027-03-22,barrier_clear,91,P_20270622_90.00,EuropeanPut,90.0,2027-06-22
calls_puts,l2,performance,1,173,0.00014348563708403489,True,6,2027-06-22,2027-03-22,barrier_clear,92,C_20270622_95.00,EuropeanCall,95.0,2027-06-22
calls_puts,l2,performance,1,174,-0.00014714406880860057,True,6,2027-06-22,2027-03-22,barrier_clear,93,P_20270622_95.00,EuropeanPut,95.0,2027-06-22
calls_puts,l2,performance,1,175,0.0001608281275551888,True,6,2027-06-22,2027-03-22,barrier_clear,94,C_20270622_100.00,EuropeanCall,100.0,2027-06-22
calls_puts,l2,performance,1,176,-9.207409033069906e-05,True,6,2027-06-22,2027-03-22,barrier_clear,95,P_20270622_100.00,EuropeanPut,100.0,2027-06-22
calls_puts,l2,performance,1,177,0.00015771340798525067,True,6,2027-06-22,2027-03-22,barrier_clear,96,C_20270622_105.00,EuropeanCall,105.0,2027-06-22
calls_puts,l2,performance,1,178,-6.137925067897631e-05,True,6,2027-06-22,2027-03-22,barrier_clear,97,P_20270622_105.00,EuropeanPut,105.0,2027-06-22
calls_puts,l2,performance,1,179,0.00019617538444288476,True,6,2027-06-22,2027-03-22,barrier_clear,98,C_20270622_110.00,EuropeanCall,110.0,2027-06-22
calls_puts,l2,performance,1,180,-4.261736092046434e-05,True,6,2027-06-22,2027-03-22,barrier_clear,99,P_20270622_110.00,EuropeanPut,110.0,2027-06-22
calls_puts,l2,performance,1,181,0.00036073532050048595,True,6,2027-06-22,2027-03-22,barrier_clear,100,C_20270622_115.00,EuropeanCall,115.0,2027-06-22
calls_puts,l2,performance,1,182,-3.096108326791214e-05,True,6,2027-06-22,2027-03-22,barrier_clear,101,P_20270622_115.00,EuropeanPut,115.0,2027-06-22
calls_puts,l2,performance,1,183,0.002238380089344263,True,6,2027-06-22,2027-03-22,barrier_clear,102,C_20270622_120.00,EuropeanCall,120.0,2027-06-22
calls_puts,l2,performance,1,184,-2.343095994410428e-05,True,6,2027-06-22,2027-03-22,barrier_clear,103,P_20270622_120.00,EuropeanPut,120.0,2027-06-22
calls_puts,l2,performance,1,185,0.0,False,6,2027-06-22,2027-03-22,barrier_clear,104,C_20270622_125.00,EuropeanCall,125.0,2027-06-22
calls_puts,l2,performance,1,186,-1.8197428845384512e-05,True,6,2027-06-22,2027-03-22,barrier_clear,105,P_20270622_125.00,EuropeanPut,125.0,2027-06-22
calls_puts,l2,performance,1,187,0.0,False,6,2027-06-22,2027-03-22,barrier_clear,106,C_20270622_130.00,EuropeanCall,130.0,2027-06-22
calls_puts,l2,performance,1,188,-1.4484876392866304e-05,True,6,2027-06-22,2027-03-22,barrier_clear,107,P_20270622_130.00,EuropeanPut,130.0,2027-06-22
calls_puts,l2,compromise,1,0,1.020000034142363,True,0,2026-09-22,,initial,0,CASH_20260922,Cash,0.0,2026-09-22
calls_puts,l2,compromise,1,1,3.096428784561727e-09,False,0,2026-09-22,,initial,1,C_20260922_70.00,EuropeanCall,70.0,2026-09-22
calls_puts,l2,compromise,1,2,0.0,False,0,2026-09-22,,initial,2,P_20260922_70.00,EuropeanPut,70.0,2026-09-22
calls_puts,l2,compromise,1,3,-5.947867764858555e-09,False,0,2026-09-22,,initial,3,C_20260922_75.00,EuropeanCall,75.0,2026-09-22
calls_puts,l2,compromise,1,4,0.00040010531374714013,True,0,2026-09-22,,initial,4,P_20260922_75.00,EuropeanPut,75.0,2026-09-22
calls_puts,l2,compromise,1,5,-1.144834049426364e-08,False,0,2026-09-22,,initial,5,C_20260922_80.00,EuropeanCall,80.0,2026-09-22
calls_puts,l2,compromise,1,6,4.745168022347984e-05,True,0,2026-09-22,,initial,6,P_20260922_80.00,EuropeanPut,80.0,2026-09-22
calls_puts,l2,compromise,1,7,2.0612668983873638e-07,False,0,2026-09-22,,initial,7,C_20260922_85.00,EuropeanCall,85.0,2026-09-22
calls_puts,l2,compromise,1,8,0.00012153746153675047,True,0,2026-09-22,,initial,8,P_20260922_85.00,EuropeanPut,85.0,2026-09-22
calls_puts,l2,compromise,1,9,2.1619292951290388e-07,False,0,2026-09-22,,initial,9,C_20260922_90.00,EuropeanCall,90.0,2026-09-22
calls_puts,l2,compromise,1,10,2.487245084175103e-05,True,0,2026-09-22,,initial,10,P_20260922_90.00,EuropeanPut,90.0,2026-09-22
calls_puts,l2,compromise,1,11,1.0663247525330756e-06,True,0,2026-09-22,,initial,11,C_20260922_95.00,EuropeanCall,95.0,2026-09-22
calls_puts,l2,compromise,1,12,1.4978164252098545e-05,True,0,2026-09-22,,initial,12,P_20260922_95.00,EuropeanPut,95.0,2026-09-22
calls_puts,l2,compromise,1,13,-1.1321375249276807e-09,False,0,2026-09-22,,initial,13,C_20260922_100.00,EuropeanCall,100.0,2026-09-22
calls_puts,l2,compromise,1,14,1.4735076995693356e-06,True,0,2026-09-22,,initial,14,P_20260922_100.00,EuropeanPut,100.0,2026-09-22
calls_puts,l2,compromise,1,15,-1.3985708954146849e-09,False,0,2026-09-22,,initial,15,C_20260922_105.00,EuropeanCall,105.0,2026-09-22
calls_puts,l2,compromise,1,16,7.453394563340285e-07,False,0,2026-09-22,,initial,16,P_20260922_105.00,EuropeanPut,105.0,2026-09-22
calls_puts,l2,compromise,1,17,-1.7310639866018097e-09,False,0,2026-09-22,,initial,17,C_20260922_110.00,EuropeanCall,110.0,2026-09-22
calls_puts,l2,compromise,1,18,4.3536643727290375e-07,False,0,2026-09-22,,initial,18,P_20260922_110.00,EuropeanPut,110.0,2026-09-22
calls_puts,l2,compromise,1,19,-2.318406962382684e-09,False,0,2026-09-22,,initial,19,C_20260922_115.00,EuropeanCall,115.0,2026-09-22
calls_puts,l2,compromise,1,20,2.8248488771072954e-07,False,0,2026-09-22,,initial,20,P_20260922_115.00,EuropeanPut,115.0,2026-09-22
calls_puts,l2,compromise,1,21,-4.0852246475905465e-09,False,0,2026-09-22,,initial,21,C_20260922_120.00,EuropeanCall,120.0,2026-09-22
calls_puts,l2,compromise,1,22,1.9840651824517528e-07,False,0,2026-09-22,,initial,22,P_20260922_120.00,EuropeanPut,120.0,2026-09-22
calls_puts,l2,compromise,1,23,-8.915465725595677e-09,False,0,2026-09-22,,initial,23,C_20260922_125.00,EuropeanCall,125.0,2026-09-22
calls_puts,l2,compromise,1,24,1.4822834569808144e-07,False,0,2026-09-22,,initial,24,P_20260922_125.00,EuropeanPut,125.0,2026-09-22
calls_puts,l2,compromise,1,25,0.0,False,0,2026-09-22,,initial,25,C_20260922_130.00,EuropeanCall,130.0,2026-09-22
calls_puts,l2,compromise,1,26,1.1599843507266696e-07,False,0,2026-09-22,,initial,26,P_20260922_130.00,EuropeanPut,130.0,2026-09-22
calls_puts,l2,compromise,1,27,-1.9984014443252818e-14,False,1,2026-12-22,2026-09-22,pooled,27,CASH_20261222,Cash,0.0,2026-12-22
calls_puts,l2,compromise,1,28,0.0,False,1,2026-12-22,2026-09-22,pooled,28,C_20261222_70.00,EuropeanCall,70.0,2026-12-22
calls_puts,l2,compromise,1,29,0.0,False,1,2026-12-22,2026-09-22,pooled,29,P_20261222_70.00,EuropeanPut,70.0,2026-12-22
calls_puts,l2,compromise,1,30,0.0,False,1,2026-12-22,2026-09-22,pooled,30,C_20261222_75.00,EuropeanCall,75.0,2026-12-22
calls_puts,l2,compromise,1,31,0.0,False,1,2026-12-22,2026-09-22,pooled,31,P_20261222_75.00,EuropeanPut,75.0,2026-12-22
calls_puts,l2,compromise,1,32,0.0,False,1,2026-12-22,2026-09-22,pooled,32,C_20261222_80.00,EuropeanCall,80.0,2026-12-22
calls_puts,l2,compromise,1,33,0.0,False,1,2026-12-22,2026-09-22,pooled,33,P_20261222_80.00,EuropeanPut,80.0,2026-12-22
calls_puts,l2,compromise,1,34,0.0,False,1,2026-12-22,2026-09-22,pooled,34,C_20261222_85.00,EuropeanCall,85.0,2026-12-22
calls_puts,l2,compromise,1,35,0.0,False,1,2026-12-22,2026-09-22,pooled,35,P_20261222_85.00,EuropeanPut,85.0,2026-12-22
calls_puts,l2,compromise,1,36,0.0,False,1,2026-12-22,2026-09-22,pooled,36,C_20261222_90.00,EuropeanCall,90.0,2026-12-22
calls_puts,l2,compromise,1,37,0.0,False,1,2026-12-22,2026-09-22,pooled,37,P_20261222_90.00,EuropeanPut,90.0,2026-12-22
calls_puts,l2,compromise,1,38,0.0,False,1,2026-12-22,2026-09-22,pooled,38,C_20261222_95.00,EuropeanCall,95.0,2026-12-22
calls_puts,l2,compromise,1,39,0.0,False,1,2026-12-22,2026-09-22,pooled,39,P_20261222_95.00,EuropeanPut,95.0,2026-12-22
calls_puts,l2,compromise,1,40,0.0,False,1,2026-12-22,2026-09-22,pooled,40,C_20261222_100.00,EuropeanCall,100.0,2026-12-22
calls_puts,l2,compromise,1,41,0.0,False,1,2026-12-22,2026-09-22,pooled,41,P_20261222_100.00,EuropeanPut,100.0,2026-12-22
calls_puts,l2,compromise,1,42,0.0,False,1,2026-12-22,2026-09-22,pooled,42,C_20261222_105.00,EuropeanCall,105.0,2026-12-22
calls_puts,l2,compromise,1,43,0.0,False,1,2026-12-22,2026-09-22,pooled,43,P_20261222_105.00,EuropeanPut,105.0,2026-12-22
calls_puts,l2,compromise,1,44,0.0,False,1,2026-12-22,2026-09-22,pooled,44,C_20261222_110.00,EuropeanCall,110.0,2026-12-22
calls_puts,l2,compromise,1,45,0.0,False,1,2026-12-22,2026-09-22,pooled,45,P_20261222_110.00,EuropeanPut,110.0,2026-12-22
calls_puts,l2,compromise,1,46,0.0,False,1,2026-12-22,2026-09-22,pooled,46,C_20261222_115.00,EuropeanCall,115.0,2026-12-22
calls_puts,l2,compromise,1,47,0.0,False,1,2026-12-22,2026-09-22,pooled,47,P_20261222_115.00,EuropeanPut,115.0,2026-12-22
calls_puts,l2,compromise,1,48,0.0,False,1,2026-12-22,2026-09-22,pooled,48,C_20261222_120.00,EuropeanCall,120.0,2026-12-22
calls_puts,l2,compromise,1,49,0.0,False,1,2026-12-22,2026-09-22,pooled,49,P_20261222_120.00,EuropeanPut,120.0,2026-12-22
calls_puts,l2,compromise,1,50,0.0,False,1,2026-12-22,2026-09-22,pooled,50,C_20261222_125.00,EuropeanCall,125.0,2026-12-22
calls_puts,l2,compromise,1,51,0.0,False,1,2026-12-22,2026-09-22,pooled,51,P_20261222_125.00,EuropeanPut,125.0,2026-12-22
calls_puts,l2,compromise,1,52,0.0,False,1,2026-12-22,2026-09-22,pooled,52,C_20261222_130.00,EuropeanCall,130.0,2026-12-22
calls_puts,l2,compromise,1,53,0.0,False,1,2026-12-22,2026-09-22,pooled,53,P_20261222_130.00,EuropeanPut,130.0,2026-12-22
calls_puts,l2,compromise,1,54,0.012492580980062088,True,2,2026-12-22,2026-09-22,barrier_clear,27,CASH_20261222,Cash,0.0,2026-12-22
calls_puts,l2,compromise,1,55,6.854590684526147e-07,False,2,2026-12-22,2026-09-22,barrier_clear,28,C_20261222_70.00,EuropeanCall,70.0,2026-12-22
calls_puts,l2,compromise,1,56,0.00010091316163686816,True,2,2026-12-22,2026-09-22,barrier_clear,29,P_20261222_70.00,EuropeanPut,70.0,2026-12-22
calls_puts,l2,compromise,1,57,1.1613780938367845e-06,True,2,2026-12-22,2026-09-22,barrier_clear,30,C_20261222_75.00,EuropeanCall,75.0,2026-12-22
calls_puts,l2,compromise,1,58,8.63590760063908e-05,True,2,2026-12-22,2026-09-22,barrier_clear,31,P_20261222_75.00,EuropeanPut,75.0,2026-12-22
calls_puts,l2,compromise,1,59,1.9548034511496316e-06,True,2,2026-12-22,2026-09-22,barrier_clear,32,C_20261222_80.00,EuropeanCall,80.0,2026-12-22
calls_puts,l2,compromise,1,60,2.920614090593791e-05,True,2,2026-12-22,2026-09-22,barrier_clear,33,P_20261222_80.00,EuropeanPut,80.0,2026-12-22
calls_puts,l2,compromise,1,61,3.552119996063302e-06,True,2,2026-12-22,2026-09-22,barrier_clear,34,C_20261222_85.00,EuropeanCall,85.0,2026-12-22
calls_puts,l2,compromise,1,62,1.4324620185722997e-05,True,2,2026-12-22,2026-09-22,barrier_clear,35,P_20261222_85.00,EuropeanPut,85.0,2026-12-22
calls_puts,l2,compromise,1,63,1.64682245042797e-06,True,2,2026-12-22,2026-09-22,barrier_clear,36,C_20261222_90.00,EuropeanCall,90.0,2026-12-22
calls_puts,l2,compromise,1,64,-4.67633125705939e-06,True,2,2026-12-22,2026-09-22,barrier_clear,37,P_20261222_90.00,EuropeanPut,90.0,2026-12-22
calls_puts,l2,compromise,1,65,-4.570764011831645e-06,True,2,2026-12-22,2026-09-22,barrier_clear,38,C_20261222_95.00,EuropeanCall,95.0,2026-12-22
calls_puts,l2,compromise,1,66,-6.682235217990646e-06,True,2,2026-12-22,2026-09-22,barrier_clear,39,P_20261222_95.00,EuropeanPut,95.0,2026-12-22
calls_puts,l2,compromise,1,67,-7.393755790671121e-09,False,2,2026-12-22,2026-09-22,barrier_clear,40,C_20261222_100.00,EuropeanCall,100.0,2026-12-22
calls_puts,l2,compromise,1,68,-1.990589426563466e-06,True,2,2026-12-22,2026-09-22,barrier_clear,41,P_20261222_100.00,EuropeanPut,100.0,2026-12-22
calls_puts,l2,compromise,1,69,-8.528772621899585e-09,False,2,2026-12-22,2026-09-22,barrier_clear,42,C_20261222_105.00,EuropeanCall,105.0,2026-12-22
calls_puts,l2,compromise,1,70,-1.1057014169102302e-06,True,2,2026-12-22,2026-09-22,barrier_clear,43,P_20261222_105.00,EuropeanPut,105.0,2026-12-22
calls_puts,l2,compromise,1,71,-1.0154384809682854e-08,False,2,2026-12-22,2026-09-22,barrier_clear,44,C_20261222_110.00,EuropeanCall,110.0,2026-12-22
calls_puts,l2,compromise,1,72,-6.603410544009551e-07,False,2,2026-12-22,2026-09-22,barrier_clear,45,P_20261222_110.00,EuropeanPut,110.0,2026-12-22
calls_puts,l2,compromise,1,73,-1.0356789041665288e-08,False,2,2026-12-22,2026-09-22,barrier_clear,46,C_20261222_115.00,EuropeanCall,115.0,2026-12-22
calls_puts,l2,compromise,1,74,-4.1844903972790417e-07,False,2,2026-12-22,2026-09-22,barrier_clear,47,P_20261222_115.00,EuropeanPut,115.0,2026-12-22
calls_puts,l2,compromise,1,75,-1.3699705285543709e-08,False,2,2026-12-22,2026-09-22,barrier_clear,48,C_20261222_120.00,EuropeanCall,120.0,2026-12-22
calls_puts,l2,compromise,1,76,-2.775490872858613e-07,False,2,2026-12-22,2026-09-22,barrier_clear,49,P_20261222_120.00,EuropeanPut,120.0,2026-12-22
calls_puts,l2,compromise,1,77,-2.80851229682284e-08,False,2,2026-12-22,2026-09-22,barrier_clear,50,C_20261222_125.00,EuropeanCall,125.0,2026-12-22
calls_puts,l2,compromise,1,78,-1.905293690229467e-07,False,2,2026-12-22,2026-09-22,barrier_clear,51,P_20261222_125.00,EuropeanPut,125.0,2026-12-22
calls_puts,l2,compromise,1,79,0.0,False,2,2026-12-22,2026-09-22,barrier_clear,52,C_20261222_130.00,EuropeanCall,130.0,2026-12-22
calls_puts,l2,compromise,1,80,-1.341968261903246e-07,False,2,2026-12-22,2026-09-22,barrier_clear,53,P_20261222_130.00,EuropeanPut,130.0,2026-12-22
calls_puts,l2,compromise,1,81,0.023246092748356446,True,3,2027-03-22,2026-12-22,pooled,54,CASH_20270322,Cash,0.0,2027-03-22
calls_puts,l2,compromise,1,82,0.0032608748584637016,True,3,2027-03-22,2026-12-22,pooled,55,C_20270322_70.00,EuropeanCall,70.0,2027-03-22
calls_puts,l2,compromise,1,83,-0.000355911312903354,True,3,2027-03-22,2026-12-22,pooled,56,P_20270322_70.00,EuropeanPut,70.0,2027-03-22
calls_puts,l2,compromise,1,84,0.0,False,3,2027-03-22,2026-12-22,pooled,57,C_20270322_75.00,EuropeanCall,75.0,2027-03-22
calls_puts,l2,compromise,1,85,-0.00011234048540711146,True,3,2027-03-22,2026-12-22,pooled,58,P_20270322_75.00,EuropeanPut,75.0,2027-03-22
calls_puts,l2,compromise,1,86,0.0,False,3,2027-03-22,2026-12-22,pooled,59,C_20270322_80.00,EuropeanCall,80.0,2027-03-22
calls_puts,l2,compromise,1,87,-4.7963965288920215e-05,True,3,2027-03-22,2026-12-22,pooled,60,P_20270322_80.00,EuropeanPut,80.0,2027-03-22
calls_puts,l2,compromise,1,88,0.0,False,3,2027-03-22,2026-12-22,pooled,61,C_20270322_85.00,EuropeanCall,85.0,2027-03-22
calls_puts,l2,compromise,1,89,-2.6125936690141105e-05,True,3,2027-03-22,2026-12-22,pooled,62,P_20270322_85.00,EuropeanPut,85.0,2027-03-22
calls_puts,l2,compromise,1,90,0.0,False,3,2027-03-22,2026-12-22,pooled,63,C_20270322_90.00,EuropeanCall,90.0,2027-03-22
calls_puts,l2,compromise,1,91,-1.6335650869044555e-05,True,3,2027-03-22,2026-12-22,pooled,64,P_20270322_90.00,EuropeanPut,90.0,2027-03-22
calls_puts,l2,compromise,1,92,0.0,False,3,2027-03-22,2026-12-22,pooled,65,C_20270322_95.00,EuropeanCall,95.0,2027-03-22
calls_puts,l2,compromise,1,93,-1.1148138922145923e-05,True,3,2027-03-22,2026-12-22,pooled,66,P_20270322_95.00,EuropeanPut,95.0,2027-03-22
calls_puts,l2,compromise,1,94,0.0,False,3,2027-03-22,2026-12-22,pooled,67,C_20270322_100.00,EuropeanCall,100.0,2027-03-22
calls_puts,l2,compromise,1,95,-8.079809188218893e-06,True,3,2027-03-22,2026-12-22,pooled,68,P_20270322_100.00,EuropeanPut,100.0,2027-03-22
calls_puts,l2,compromise,1,96,0.0,False,3,2027-03-22,2026-12-22,pooled,69,C_20270322_105.00,EuropeanCall,105.0,2027-03-22
calls_puts,l2,compromise,1,97,-6.118374097248251e-06,True,3,2027-03-22,2026-12-22,pooled,70,P_20270322_105.00,EuropeanPut,105.0,2027-03-22
calls_puts,l2,compromise,1,98,0.0,False,3,2027-03-22,2026-12-22,pooled,71,C_20270322_110.00,EuropeanCall,110.0,2027-03-22
calls_puts,l2,compromise,1,99,-4.790065448677361e-06,True,3,2027-03-22,2026-12-22,pooled,72,P_20270322_110.00,EuropeanPut,110.0,2027-03-22
calls_puts,l2,compromise,1,100,0.0,False,3,2027-03-22,2026-12-22,pooled,73,C_20270322_115.00,EuropeanCall,115.0,2027-03-22
calls_puts,l2,compromise,1,101,-3.849568557387772e-06,True,3,2027-03-22,2026-12-22,pooled,74,P_20270322_115.00,EuropeanPut,115.0,2027-03-22
calls_puts,l2,compromise,1,102,0.0,False,3,2027-03-22,2026-12-22,pooled,75,C_20270322_120.00,EuropeanCall,120.0,2027-03-22
calls_puts,l2,compromise,1,103,-3.1596731856612456e-06,True,3,2027-03-22,2026-12-22,pooled,76,P_20270322_120.00,EuropeanPut,120.0,2027-03-22
calls_puts,l2,compromise,1,104,0.0,False,3,2027-03-22,2026-12-22,pooled,77,C_20270322_125.00,EuropeanCall,125.0,2027-03-22
calls_puts,l2,compromise,1,105,-2.6388196295409178e-06,True,3,2027-03-22,2026-12-22,pooled,78,P_20270322_125.00,EuropeanPut,125.0,2027-03-22
calls_puts,l2,compromise,1,106,0.0,False,3,2027-03-22,2026-12-22,pooled,79,C_20270322_130.00,EuropeanCall,130.0,2027-03-22
calls_puts,l2,compromise,1,107,-2.2360807701215776e-06,True,3,2027-03-22,2026-12-22,pooled,80,P_20270322_130.00,EuropeanPut,130.0,2027-03-22
calls_puts,l2,compromise,1,108,0.012575414480079873,True,4,2027-03-22,2026-12-22,barrier_clear,54,CASH_20270322,Cash,0.0,2027-03-22
calls_puts,l2,compromise,1,109,2.3338091644667233e-05,True,4,2027-03-22,2026-12-22,barrier_clear,55,C_20270322_70.00,EuropeanCall,70.0,2027-03-22
calls_puts,l2,compromise,1,110,0.0,False,4,2027-03-22,2026-12-22,barrier_clear,56,P_20270322_70.00,EuropeanPut,70.0,2027-03-22
calls_puts,l2,compromise,1,111,3.374338797386088e-05,True,4,2027-03-22,2026-12-22,barrier_clear,57,C_20270322_75.00,EuropeanCall,75.0,2027-03-22
calls_puts,l2,compromise,1,112,-0.0003681536870313587,True,4,2027-03-22,2026-12-22,barrier_clear,58,P_20270322_75.00,EuropeanPut,75.0,2027-03-22
calls_puts,l2,compromise,1,113,3.651959782253207e-05,True,4,2027-03-22,2026-12-22,barrier_clear,59,C_20270322_80.00,EuropeanCall,80.0,2027-03-22
calls_puts,l2,compromise,1,114,-0.0005959809218294854,True,4,2027-03-22,2026-12-22,barrier_clear,60,P_20270322_80.00,EuropeanPut,80.0,2027-03-22
calls_puts,l2,compromise,1,115,3.604901721210129e-05,True,4,2027-03-22,2026-12-22,barrier_clear,61,C_20270322_85.00,EuropeanCall,85.0,2027-03-22
calls_puts,l2,compromise,1,116,-0.00030007030025127354,True,4,2027-03-22,2026-12-22,barrier_clear,62,P_20270322_85.00,EuropeanPut,85.0,2027-03-22
calls_puts,l2,compromise,1,117,2.8958377564401205e-05,True,4,2027-03-22,2026-12-22,barrier_clear,63,C_20270322_90.00,EuropeanCall,90.0,2027-03-22
calls_puts,l2,compromise,1,118,-0.00016347100287698497,True,4,2027-03-22,2026-12-22,barrier_clear,64,P_20270322_90.00,EuropeanPut,90.0,2027-03-22
calls_puts,l2,compromise,1,119,1.2237407115775789e-05,True,4,2027-03-22,2026-12-22,barrier_clear,65,C_20270322_95.00,EuropeanCall,95.0,2027-03-22
calls_puts,l2,compromise,1,120,-9.443188704230462e-05,True,4,2027-03-22,2026-12-22,barrier_clear,66,P_20270322_95.00,EuropeanPut,95.0,2027-03-22
calls_puts,l2,compromise,1,121,-1.6099634010312032e-07,False,4,2027-03-22,2026-12-22,barrier_clear,67,C_20270322_100.00,EuropeanCall,100.0,2027-03-22
calls_puts,l2,compromise,1,122,-5.555794951024646e-05,True,4,2027-03-22,2026-12-22,barrier_clear,68,P_20270322_100.00,EuropeanPut,100.0,2027-03-22
calls_puts,l2,compromise,1,123,-1.7497743378485808e-07,False,4,2027-03-22,2026-12-22,barrier_clear,69,C_20270322_105.00,EuropeanCall,105.0,2027-03-22
calls_puts,l2,compromise,1,124,-3.437819449403636e-05,True,4,2027-03-22,2026-12-22,barrier_clear,70,P_20270322_105.00,EuropeanPut,105.0,2027-03-22
calls_puts,l2,compromise,1,125,-2.021652769467431e-07,False,4,2027-03-22,2026-12-22,barrier_clear,71,C_20270322_110.00,EuropeanCall,110.0,2027-03-22
calls_puts,l2,compromise,1,126,-2.2825908896916615e-05,True,4,2027-03-22,2026-12-22,barrier_clear,72,P_20270322_110.00,EuropeanPut,110.0,2027-03-22
calls_puts,l2,compromise,1,127,-2.4397148614866235e-07,False,4,2027-03-22,2026-12-22,barrier_clear,73,C_20270322_115.00,EuropeanCall,115.0,2027-03-22
calls_puts,l2,compromise,1,128,-1.6001446444527466e-05,True,4,2027-03-22,2026-12-22,barrier_clear,74,P_20270322_115.00,EuropeanPut,115.0,2027-03-22
calls_puts,l2,compromise,1,129,-3.5367475763716276e-07,False,4,2027-03-22,2026-12-22,barrier_clear,75,C_20270322_120.00,EuropeanCall,120.0,2027-03-22
calls_puts,l2,compromise,1,130,-1.1734021140329731e-05,True,4,2027-03-22,2026-12-22,barrier_clear,76,P_20270322_120.00,EuropeanPut,120.0,2027-03-22
calls_puts,l2,compromise,1,131,-6.426432082410651e-07,False,4,2027-03-22,2026-12-22,barrier_clear,77,C_20270322_125.00,EuropeanCall,125.0,2027-03-22
calls_puts,l2,compromise,1,132,-8.92489904316488e-06,True,4,2027-03-22,2026-12-22,barrier_clear,78,P_20270322_125.00,EuropeanPut,125.0,2027-03-22
calls_puts,l2,compromise,1,133,-3.5125892875480988e-06,True,4,2027-03-22,2026-12-22,barrier_clear,79,C_20270322_130.00,EuropeanCall,130.0,2027-03-22
calls_puts,l2,compromise,1,134,-6.9933280941759475e-06,True,4,2027-03-22,2026-12-22,barrier_clear,80,P_20270322_130.00,EuropeanPut,130.0,2027-03-22
calls_puts,l2,compromise,1,135,-0.38016959822298496,True,5,2027-06-22,2027-03-22,pooled,81,CASH_20270622,Cash,0.0,2027-06-22
calls_puts,l2,compromise,1,136,0.0005963637749092106,True,5,2027-06-22,2027-03-22,pooled,82,C_20270622_70.00,EuropeanCall,70.0,2027-06-22
calls_puts,l2,compromise,1,137,-0.00030846093908309664,True,5,2027-06-22,2027-03-22,pooled,83,P_20270622_70.00,EuropeanPut,70.0,2027-06-22
calls_puts,l2,compromise,1,138,0.0017897466770076212,True,5,2027-06-22,2027-03-22,pooled,84,C_20270622_75.00,EuropeanCall,75.0,2027-06-22
calls_puts,l2,compromise,1,139,-0.00015226405951872466,True,5,2027-06-22,2027-03-22,pooled,85,P_20270622_75.00,EuropeanPut,75.0,2027-06-22
calls_puts,l2,compromise,1,140,0.0,False,5,2027-06-22,2027-03-22,pooled,86,C_20270622_80.00,EuropeanCall,80.0,2027-06-22
calls_puts,l2,compromise,1,141,-8.183049274181916e-05,True,5,2027-06-22,2027-03-22,pooled,87,P_20270622_80.00,EuropeanPut,80.0,2027-06-22
calls_puts,l2,compromise,1,142,0.0,False,5,2027-06-22,2027-03-22,pooled,88,C_20270622_85.00,EuropeanCall,85.0,2027-06-22
calls_puts,l2,compromise,1,143,-4.5879296427732606e-05,True,5,2027-06-22,2027-03-22,pooled,89,P_20270622_85.00,EuropeanPut,85.0,2027-06-22
calls_puts,l2,compromise,1,144,0.0,False,5,2027-06-22,2027-03-22,pooled,90,C_20270622_90.00,EuropeanCall,90.0,2027-06-22
calls_puts,l2,compromise,1,145,-2.8895460135183198e-05,True,5,2027-06-22,2027-03-22,pooled,91,P_20270622_90.00,EuropeanPut,90.0,2027-06-22
calls_puts,l2,compromise,1,146,0.0,False,5,2027-06-22,2027-03-22,pooled,92,C_20270622_95.00,EuropeanCall,95.0,2027-06-22
calls_puts,l2,compromise,1,147,-1.9733117940340625e-05,True,5,2027-06-22,2027-03-22,pooled,93,P_20270622_95.00,EuropeanPut,95.0,2027-06-22
calls_puts,l2,compromise,1,148,0.0,False,5,2027-06-22,2027-03-22,pooled,94,C_20270622_100.00,EuropeanCall,100.0,2027-06-22
calls_puts,l2,compromise,1,149,-1.4280622932208312e-05,True,5,2027-06-22,2027-03-22,pooled,95,P_20270622_100.00,EuropeanPut,100.0,2027-06-22
calls_puts,l2,compromise,1,150,0.0,False,5,2027-06-22,2027-03-22,pooled,96,C_20270622_105.00,EuropeanCall,105.0,2027-06-22
calls_puts,l2,compromise,1,151,-1.0790235043344742e-05,True,5,2027-06-22,2027-03-22,pooled,97,P_20270622_105.00,EuropeanPut,105.0,2027-06-22
calls_puts,l2,compromise,1,152,0.0,False,5,2027-06-22,2027-03-22,pooled,98,C_20270622_110.00,EuropeanCall,110.0,2027-06-22
calls_puts,l2,compromise,1,153,-8.427906964601855e-06,True,5,2027-06-22,2027-03-22,pooled,99,P_20270622_110.00,EuropeanPut,110.0,2027-06-22
calls_puts,l2,compromise,1,154,0.0,False,5,2027-06-22,2027-03-22,pooled,100,C_20270622_115.00,EuropeanCall,115.0,2027-06-22
calls_puts,l2,compromise,1,155,-6.757707675520683e-06,True,5,2027-06-22,2027-03-22,pooled,101,P_20270622_115.00,EuropeanPut,115.0,2027-06-22
calls_puts,l2,compromise,1,156,0.0,False,5,2027-06-22,2027-03-22,pooled,102,C_20270622_120.00,EuropeanCall,120.0,2027-06-22
calls_puts,l2,compromise,1,157,-5.534739650613246e-06,True,5,2027-06-22,2027-03-22,pooled,103,P_20270622_120.00,EuropeanPut,120.0,2027-06-22
calls_puts,l2,compromise,1,158,0.0,False,5,2027-06-22,2027-03-22,pooled,104,C_20270622_125.00,EuropeanCall,125.0,2027-06-22
calls_puts,l2,compromise,1,159,-4.613176807012223e-06,True,5,2027-06-22,2027-03-22,pooled,105,P_20270622_125.00,EuropeanPut,125.0,2027-06-22
calls_puts,l2,compromise,1,160,0.0,False,5,2027-06-22,2027-03-22,pooled,106,C_20270622_130.00,EuropeanCall,130.0,2027-06-22
calls_puts,l2,compromise,1,161,-3.901934927557713e-06,True,5,2027-06-22,2027-03-22,pooled,107,P_20270622_130.00,EuropeanPut,130.0,2027-06-22
calls_puts,l2,compromise,1,162,-0.034226194999439026,True,6,2027-06-22,2027-03-22,barrier_clear,81,CASH_20270622,Cash,0.0,2027-06-22
calls_puts,l2,compromise,1,163,7.206112901982664e-05,True,6,2027-06-22,2027-03-22,barrier_clear,82,C_20270622_70.00,EuropeanCall,70.0,2027-06-22
calls_puts,l2,compromise,1,164,-0.010060918909559045,True,6,2027-06-22,2027-03-22,barrier_clear,83,P_20270622_70.00,EuropeanPut,70.0,2027-06-22
calls_puts,l2,compromise,1,165,9.022582322384253e-05,True,6,2027-06-22,2027-03-22,barrier_clear,84,C_20270622_75.00,EuropeanCall,75.0,2027-06-22
calls_puts,l2,compromise,1,166,-0.0025589965179603274,True,6,2027-06-22,2027-03-22,barrier_clear,85,P_20270622_75.00,EuropeanPut,75.0,2027-06-22
calls_puts,l2,compromise,1,167,0.00010269544723902066,True,6,2027-06-22,2027-03-22,barrier_clear,86,C_20270622_80.00,EuropeanCall,80.0,2027-06-22
calls_puts,l2,compromise,1,168,-0.0010643901808539955,True,6,2027-06-22,2027-03-22,barrier_clear,87,P_20270622_80.00,EuropeanPut,80.0,2027-06-22
calls_puts,l2,compromise,1,169,0.00011921382752773485,True,6,2027-06-22,2027-03-22,barrier_clear,88,C_20270622_85.00,EuropeanCall,85.0,2027-06-22
calls_puts,l2,compromise,1,170,-0.00047683342020938706,True,6,2027-06-22,2027-03-22,barrier_clear,89,P_20270622_85.00,EuropeanPut,85.0,2027-06-22
calls_puts,l2,compromise,1,171,0.00013672407189359726,True,6,2027-06-22,2027-03-22,barrier_clear,90,C_20270622_90.00,EuropeanCall,90.0,2027-06-22
calls_puts,l2,compromise,1,172,-0.0002476893506461005,True,6,2027-06-22,2027-03-22,barrier_clear,91,P_20270622_90.00,EuropeanPut,90.0,2027-06-22
calls_puts,l2,compromise,1,173,0.00014348563708403489,True,6,2027-06-22,2027-03-22,barrier_clear,92,C_20270622_95.00,EuropeanCall,95.0,2027-06-22
calls_puts,l2,compromise,1,174,-0.00014714406880860057,True,6,2027-06-22,2027-03-22,barrier_clear,93,P_20270622_95.00,EuropeanPut,95.0,2027-06-22
calls_puts,l2,compromise,1,175,0.0001608281275551888,True,6,2027-06-22,2027-03-22,barrier_clear,94,C_20270622_100.00,EuropeanCall,100.0,2027-06-22
calls_puts,l2,compromise,1,176,-9.207409033069906e-05,True,6,2027-06-22,2027-03-22,barrier_clear,95,P_20270622_100.00,EuropeanPut,100.0,2027-06-22
calls_puts,l2,compromise,1,177,0.00015771340798525067,True,6,2027-06-22,2027-03-22,barrier_clear,96,C_20270622_105.00,EuropeanCall,105.0,2027-06-22
calls_puts,l2,compromise,1,178,-6.137925067897631e-05,True,6,2027-06-22,2027-03-22,barrier_clear,97,P_20270622_105.00,EuropeanPut,105.0,2027-06-22
calls_puts,l2,compromise,1,179,0.00019617538444288476,True,6,2027-06-22,2027-03-22,barrier_clear,98,C_20270622_110.00,EuropeanCall,110.0,2027-06-22
calls_puts,l2,compromise,1,180,-4.261736092046434e-05,True,6,2027-06-22,2027-03-22,barrier_clear,99,P_20270622_110.00,EuropeanPut,110.0,2027-06-22
calls_puts,l2,compromise,1,181,0.00036073532050048595,True,6,2027-06-22,2027-03-22,barrier_clear,100,C_20270622_115.00,EuropeanCall,115.0,2027-06-22
calls_puts,l2,compromise,1,182,-3.096108326791214e-05,True,6,2027-06-22,2027-03-22,barrier_clear,101,P_20270622_115.00,EuropeanPut,115.0,2027-06-22
calls_puts,l2,compromise,1,183,0.002238380089344263,True,6,2027-06-22,2027-03-22,barrier_clear,102,C_20270622_120.00,EuropeanCall,120.0,2027-06-22
calls_puts,l2,compromise,1,184,-2.343095994410428e-05,True,6,2027-06-22,2027-03-22,barrier_clear,103,P_20270622_120.00,EuropeanPut,120.0,2027-06-22
calls_puts,l2,compromise,1,185,0.0,False,6,2027-06-22,2027-03-22,barrier_clear,104,C_20270622_125.00,EuropeanCall,125.0,2027-06-22
calls_puts,l2,compromise,1,186,-1.8197428845384512e-05,True,6,2027-06-22,2027-03-22,barrier_clear,105,P_20270622_125.00,EuropeanPut,125.0,2027-06-22
calls_puts,l2,compromise,1,187,0.0,False,6,2027-06-22,2027-03-22,barrier_clear,106,C_20270622_130.00,EuropeanCall,130.0,2027-06-22
calls_puts,l2,compromise,1,188,-1.4484876392866304e-05,True,6,2027-06-22,2027-03-22,barrier_clear,107,P_20270622_130.00,EuropeanPut,130.0,2027-06-22
calls_puts,l2,parsimony,0,0,1.020000005827947,True,0,2026-09-22,,initial,0,CASH_20260922,Cash,0.0,2026-09-22
calls_puts,l2,parsimony,0,1,-6.864329125011803e-09,False,0,2026-09-22,,initial,1,C_20260922_70.00,EuropeanCall,70.0,2026-09-22
calls_puts,l2,parsimony,0,2,0.0,False,0,2026-09-22,,initial,2,P_20260922_70.00,EuropeanPut,70.0,2026-09-22
calls_puts,l2,parsimony,0,3,-1.2293358404099861e-08,False,0,2026-09-22,,initial,3,C_20260922_75.00,EuropeanCall,75.0,2026-09-22
calls_puts,l2,parsimony,0,4,0.00022361327929945027,True,0,2026-09-22,,initial,4,P_20260922_75.00,EuropeanPut,75.0,2026-09-22
calls_puts,l2,parsimony,0,5,-1.529696908526178e-08,False,0,2026-09-22,,initial,5,C_20260922_80.00,EuropeanCall,80.0,2026-09-22
calls_puts,l2,parsimony,0,6,2.652008223451654e-05,True,0,2026-09-22,,initial,6,P_20260922_80.00,EuropeanPut,80.0,2026-09-22
calls_puts,l2,parsimony,0,7,1.082198372394595e-07,False,0,2026-09-22,,initial,7,C_20260922_85.00,EuropeanCall,85.0,2026-09-22
calls_puts,l2,parsimony,0,8,6.818178623962812e-05,True,0,2026-09-22,,initial,8,P_20260922_85.00,EuropeanPut,85.0,2026-09-22
calls_puts,l2,parsimony,0,9,1.1566259490069298e-07,False,0,2026-09-22,,initial,9,C_20260922_90.00,EuropeanCall,90.0,2026-09-22
calls_puts,l2,parsimony,0,10,1.3727711211151872e-05,True,0,2026-09-22,,initial,10,P_20260922_90.00,EuropeanPut,90.0,2026-09-22
calls_puts,l2,parsimony,0,11,5.975890852886422e-07,False,0,2026-09-22,,initial,11,C_20260922_95.00,EuropeanCall,95.0,2026-09-22
calls_puts,l2,parsimony,0,12,8.256807598522023e-06,True,0,2026-09-22,,initial,12,P_20260922_95.00,EuropeanPut,95.0,2026-09-22
calls_puts,l2,parsimony,0,13,-2.8241638508836235e-10,False,0,2026-09-22,,initial,13,C_20260922_100.00,EuropeanCall,100.0,2026-09-22
calls_puts,l2,parsimony,0,14,7.158300654236183e-07,False,0,2026-09-22,,initial,14,P_20260922_100.00,EuropeanPut,100.0,2026-09-22
calls_puts,l2,parsimony,0,15,-3.609651145833223e-10,False,0,2026-09-22,,initial,15,C_20260922_105.00,EuropeanCall,105.0,2026-09-22
calls_puts,l2,parsimony,0,16,3.4324442755019466e-07,False,0,2026-09-22,,initial,16,P_20260922_105.00,EuropeanPut,105.0,2026-09-22
calls_puts,l2,parsimony,0,17,-4.59644882173008e-10,False,0,2026-09-22,,initial,17,C_20260922_110.00,EuropeanCall,110.0,2026-09-22
calls_puts,l2,parsimony,0,18,1.9240054384367005e-07,False,0,2026-09-22,,initial,18,P_20260922_110.00,EuropeanPut,110.0,2026-09-22
calls_puts,l2,parsimony,0,19,-6.260011857915357e-10,False,0,2026-09-22,,initial,19,C_20260922_115.00,EuropeanCall,115.0,2026-09-22
calls_puts,l2,parsimony,0,20,1.2081209129252764e-07,False,0,2026-09-22,,initial,20,P_20260922_115.00,EuropeanPut,115.0,2026-09-22
calls_puts,l2,parsimony,0,21,-1.110039963995791e-09,False,0,2026-09-22,,initial,21,C_20260922_120.00,EuropeanCall,120.0,2026-09-22
calls_puts,l2,parsimony,0,22,8.261602800553952e-08,False,0,2026-09-22,,initial,22,P_20260922_120.00,EuropeanPut,120.0,2026-09-22
calls_puts,l2,parsimony,0,23,-2.442149597096617e-09,False,0,2026-09-22,,initial,23,C_20260922_125.00,EuropeanCall,125.0,2026-09-22
calls_puts,l2,parsimony,0,24,6.036543222729559e-08,False,0,2026-09-22,,initial,24,P_20260922_125.00,EuropeanPut,125.0,2026-09-22
calls_puts,l2,parsimony,0,25,0.0,False,0,2026-09-22,,initial,25,C_20260922_130.00,EuropeanCall,130.0,2026-09-22
calls_puts,l2,parsimony,0,26,4.6361457853103325e-08,False,0,2026-09-22,,initial,26,P_20260922_130.00,EuropeanPut,130.0,2026-09-22
calls_puts,l2,parsimony,0,27,-1.9984014443252818e-14,False,1,2026-12-22,2026-09-22,pooled,27,CASH_20261222,Cash,0.0,2026-12-22
calls_puts,l2,parsimony,0,28,0.0,False,1,2026-12-22,2026-09-22,pooled,28,C_20261222_70.00,EuropeanCall,70.0,2026-12-22
calls_puts,l2,parsimony,0,29,0.0,False,1,2026-12-22,2026-09-22,pooled,29,P_20261222_70.00,EuropeanPut,70.0,2026-12-22
calls_puts,l2,parsimony,0,30,0.0,False,1,2026-12-22,2026-09-22,pooled,30,C_20261222_75.00,EuropeanCall,75.0,2026-12-22
calls_puts,l2,parsimony,0,31,0.0,False,1,2026-12-22,2026-09-22,pooled,31,P_20261222_75.00,EuropeanPut,75.0,2026-12-22
calls_puts,l2,parsimony,0,32,0.0,False,1,2026-12-22,2026-09-22,pooled,32,C_20261222_80.00,EuropeanCall,80.0,2026-12-22
calls_puts,l2,parsimony,0,33,0.0,False,1,2026-12-22,2026-09-22,pooled,33,P_20261222_80.00,EuropeanPut,80.0,2026-12-22
calls_puts,l2,parsimony,0,34,0.0,False,1,2026-12-22,2026-09-22,pooled,34,C_20261222_85.00,EuropeanCall,85.0,2026-12-22
calls_puts,l2,parsimony,0,35,0.0,False,1,2026-12-22,2026-09-22,pooled,35,P_20261222_85.00,EuropeanPut,85.0,2026-12-22
calls_puts,l2,parsimony,0,36,0.0,False,1,2026-12-22,2026-09-22,pooled,36,C_20261222_90.00,EuropeanCall,90.0,2026-12-22
calls_puts,l2,parsimony,0,37,0.0,False,1,2026-12-22,2026-09-22,pooled,37,P_20261222_90.00,EuropeanPut,90.0,2026-12-22
calls_puts,l2,parsimony,0,38,0.0,False,1,2026-12-22,2026-09-22,pooled,38,C_20261222_95.00,EuropeanCall,95.0,2026-12-22
calls_puts,l2,parsimony,0,39,0.0,False,1,2026-12-22,2026-09-22,pooled,39,P_20261222_95.00,EuropeanPut,95.0,2026-12-22
calls_puts,l2,parsimony,0,40,0.0,False,1,2026-12-22,2026-09-22,pooled,40,C_20261222_100.00,EuropeanCall,100.0,2026-12-22
calls_puts,l2,parsimony,0,41,0.0,False,1,2026-12-22,2026-09-22,pooled,41,P_20261222_100.00,EuropeanPut,100.0,2026-12-22
calls_puts,l2,parsimony,0,42,0.0,False,1,2026-12-22,2026-09-22,pooled,42,C_20261222_105.00,EuropeanCall,105.0,2026-12-22
calls_puts,l2,parsimony,0,43,0.0,False,1,2026-12-22,2026-09-22,pooled,43,P_20261222_105.00,EuropeanPut,105.0,2026-12-22
calls_puts,l2,parsimony,0,44,0.0,False,1,2026-12-22,2026-09-22,pooled,44,C_20261222_110.00,EuropeanCall,110.0,2026-12-22
calls_puts,l2,parsimony,0,45,0.0,False,1,2026-12-22,2026-09-22,pooled,45,P_20261222_110.00,EuropeanPut,110.0,2026-12-22
calls_puts,l2,parsimony,0,46,0.0,False,1,2026-12-22,2026-09-22,pooled,46,C_20261222_115.00,EuropeanCall,115.0,2026-12-22
calls_puts,l2,parsimony,0,47,0.0,False,1,2026-12-22,2026-09-22,pooled,47,P_20261222_115.00,EuropeanPut,115.0,2026-12-22
calls_puts,l2,parsimony,0,48,0.0,False,1,2026-12-22,2026-09-22,pooled,48,C_20261222_120.00,EuropeanCall,120.0,2026-12-22
calls_puts,l2,parsimony,0,49,0.0,False,1,2026-12-22,2026-09-22,pooled,49,P_20261222_120.00,EuropeanPut,120.0,2026-12-22
calls_puts,l2,parsimony,0,50,0.0,False,1,2026-12-22,2026-09-22,pooled,50,C_20261222_125.00,EuropeanCall,125.0,2026-12-22
calls_puts,l2,parsimony,0,51,0.0,False,1,2026-12-22,2026-09-22,pooled,51,P_20261222_125.00,EuropeanPut,125.0,2026-12-22
calls_puts,l2,parsimony,0,52,0.0,False,1,2026-12-22,2026-09-22,pooled,52,C_20261222_130.00,EuropeanCall,130.0,2026-12-22
calls_puts,l2,parsimony,0,53,0.0,False,1,2026-12-22,2026-09-22,pooled,53,P_20261222_130.00,EuropeanPut,130.0,2026-12-22
calls_puts,l2,parsimony,0,54,0.012492519597262929,True,2,2026-12-22,2026-09-22,barrier_clear,27,CASH_20261222,Cash,0.0,2026-12-22
calls_puts,l2,parsimony,0,55,3.644268274127296e-07,False,2,2026-12-22,2026-09-22,barrier_clear,28,C_20261222_70.00,EuropeanCall,70.0,2026-12-22
calls_puts,l2,parsimony,0,56,5.5805895522389295e-05,True,2,2026-12-22,2026-09-22,barrier_clear,29,P_20261222_70.00,EuropeanPut,70.0,2026-12-22
calls_puts,l2,parsimony,0,57,6.328179378946024e-07,False,2,2026-12-22,2026-09-22,barrier_clear,30,C_20261222_75.00,EuropeanCall,75.0,2026-12-22
calls_puts,l2,parsimony,0,58,4.8348783983926184e-05,True,2,2026-12-22,2026-09-22,barrier_clear,31,P_20261222_75.00,EuropeanPut,75.0,2026-12-22
calls_puts,l2,parsimony,0,59,1.0822513745805818e-06,True,2,2026-12-22,2026-09-22,barrier_clear,32,C_20261222_80.00,EuropeanCall,80.0,2026-12-22
calls_puts,l2,parsimony,0,60,1.625601260875335e-05,True,2,2026-12-22,2026-09-22,barrier_clear,33,P_20261222_80.00,EuropeanPut,80.0,2026-12-22
calls_puts,l2,parsimony,0,61,1.9875138670390347e-06,True,2,2026-12-22,2026-09-22,barrier_clear,34,C_20261222_85.00,EuropeanCall,85.0,2026-12-22
calls_puts,l2,parsimony,0,62,7.904861161024854e-06,True,2,2026-12-22,2026-09-22,barrier_clear,35,P_20261222_85.00,EuropeanPut,85.0,2026-12-22
calls_puts,l2,parsimony,0,63,9.249453138181304e-07,False,2,2026-12-22,2026-09-22,barrier_clear,36,C_20261222_90.00,EuropeanCall,90.0,2026-12-22
calls_puts,l2,parsimony,0,64,-2.7660444926093008e-06,True,2,2026-12-22,2026-09-22,barrier_clear,37,P_20261222_90.00,EuropeanPut,90.0,2026-12-22
calls_puts,l2,parsimony,0,65,-2.570481709295994e-06,True,2,2026-12-22,2026-09-22,barrier_clear,38,C_20261222_95.00,EuropeanCall,95.0,2026-12-22
calls_puts,l2,parsimony,0,66,-3.876490474129386e-06,True,2,2026-12-22,2026-09-22,barrier_clear,39,P_20261222_95.00,EuropeanPut,95.0,2026-12-22
calls_puts,l2,parsimony,0,67,-2.052463545691997e-09,False,2,2026-12-22,2026-09-22,barrier_clear,40,C_20261222_100.00,EuropeanCall,100.0,2026-12-22
calls_puts,l2,parsimony,0,68,-1.2128083792530507e-06,True,2,2026-12-22,2026-09-22,barrier_clear,41,P_20261222_100.00,EuropeanPut,100.0,2026-12-22
calls_puts,l2,parsimony,0,69,-2.4024641086272825e-09,False,2,2026-12-22,2026-09-22,barrier_clear,42,C_20261222_105.00,EuropeanCall,105.0,2026-12-22
calls_puts,l2,parsimony,0,70,-6.946536523683249e-07,False,2,2026-12-22,2026-09-22,barrier_clear,43,P_20261222_105.00,EuropeanPut,105.0,2026-12-22
calls_puts,l2,parsimony,0,71,-2.8908776320399075e-09,False,2,2026-12-22,2026-09-22,barrier_clear,44,C_20261222_110.00,EuropeanCall,110.0,2026-12-22
calls_puts,l2,parsimony,0,72,-4.291058111599346e-07,False,2,2026-12-22,2026-09-22,barrier_clear,45,P_20261222_110.00,EuropeanPut,110.0,2026-12-22
calls_puts,l2,parsimony,0,73,-2.9878737187229104e-09,False,2,2026-12-22,2026-09-22,barrier_clear,46,C_20261222_115.00,EuropeanCall,115.0,2026-12-22
calls_puts,l2,parsimony,0,74,-2.8228900693076646e-07,False,2,2026-12-22,2026-09-22,barrier_clear,47,P_20261222_115.00,EuropeanPut,115.0,2026-12-22
calls_puts,l2,parsimony,0,75,-3.969792524842339e-09,False,2,2026-12-22,2026-09-22,barrier_clear,48,C_20261222_120.00,EuropeanCall,120.0,2026-12-22
calls_puts,l2,parsimony,0,76,-1.9521798906371668e-07,False,2,2026-12-22,2026-09-22,barrier_clear,49,P_20261222_120.00,EuropeanPut,120.0,2026-12-22
calls_puts,l2,parsimony,0,77,-8.138285378751937e-09,False,2,2026-12-22,2026-09-22,barrier_clear,50,C_20261222_125.00,EuropeanCall,125.0,2026-12-22
calls_puts,l2,parsimony,0,78,-1.4045227677271302e-07,False,2,2026-12-22,2026-09-22,barrier_clear,51,P_20261222_125.00,EuropeanPut,125.0,2026-12-22
calls_puts,l2,parsimony,0,79,0.0,False,2,2026-12-22,2026-09-22,barrier_clear,52,C_20261222_130.00,EuropeanCall,130.0,2026-12-22
calls_puts,l2,parsimony,0,80,-1.0433648434108067e-07,False,2,2026-12-22,2026-09-22,barrier_clear,53,P_20261222_130.00,EuropeanPut,130.0,2026-12-22
calls_puts,l2,parsimony,0,81,0.023246035850107327,True,3,2027-03-22,2026-12-22,pooled,54,CASH_20270322,Cash,0.0,2027-03-22
calls_puts,l2,parsimony,0,82,0.001834536241957749,True,3,2027-03-22,2026-12-22,pooled,55,C_20270322_70.00,EuropeanCall,70.0,2027-03-22
calls_puts,l2,parsimony,0,83,-0.00020043931766718177,True,3,2027-03-22,2026-12-22,pooled,56,P_20270322_70.00,EuropeanPut,70.0,2027-03-22
calls_puts,l2,parsimony,0,84,0.0,False,3,2027-03-22,2026-12-22,pooled,57,C_20270322_75.00,EuropeanCall,75.0,2027-03-22
calls_puts,l2,parsimony,0,85,-6.331006303515552e-05,True,3,2027-03-22,2026-12-22,pooled,58,P_20270322_75.00,EuropeanPut,75.0,2027-03-22
calls_puts,l2,parsimony,0,86,0.0,False,3,2027-03-22,2026-12-22,pooled,59,C_20270322_80.00,EuropeanCall,80.0,2027-03-22
calls_puts,l2,parsimony,0,87,-2.705336276095115e-05,True,3,2027-03-22,2026-12-22,pooled,60,P_20270322_80.00,EuropeanPut,80.0,2027-03-22
calls_puts,l2,parsimony,0,88,0.0,False,3,2027-03-22,2026-12-22,pooled,61,C_20270322_85.00,EuropeanCall,85.0,2027-03-22
calls_puts,l2,parsimony,0,89,-1.4748536582279262e-05,True,3,2027-03-22,2026-12-22,pooled,62,P_20270322_85.00,EuropeanPut,85.0,2027-03-22
calls_puts,l2,parsimony,0,90,0.0,False,3,2027-03-22,2026-12-22,pooled,63,C_20270322_90.00,EuropeanCall,90.0,2027-03-22
calls_puts,l2,parsimony,0,91,-9.229656734349905e-06,True,3,2027-03-22,2026-12-22,pooled,64,P_20270322_90.00,EuropeanPut,90.0,2027-03-22
calls_puts,l2,parsimony,0,92,0.0,False,3,2027-03-22,2026-12-22,pooled,65,C_20270322_95.00,EuropeanCall,95.0,2027-03-22
calls_puts,l2,parsimony,0,93,-6.304123224017431e-06,True,3,2027-03-22,2026-12-22,pooled,66,P_20270322_95.00,EuropeanPut,95.0,2027-03-22
calls_puts,l2,parsimony,0,94,0.0,False,3,2027-03-22,2026-12-22,pooled,67,C_20270322_100.00,EuropeanCall,100.0,2027-03-22
calls_puts,l2,parsimony,0,95,-4.572964349788469e-06,True,3,2027-03-22,2026-12-22,pooled,68,P_20270322_100.00,EuropeanPut,100.0,2027-03-22
calls_puts,l2,parsimony,0,96,0.0,False,3,2027-03-22,2026-12-22,pooled,69,C_20270322_105.00,EuropeanCall,105.0,2027-03-22
calls_puts,l2,parsimony,0,97,-3.4658383917780073e-06,True,3,2027-03-22,2026-12-22,pooled,70,P_20270322_105.00,EuropeanPut,105.0,2027-03-22
calls_puts,l2,parsimony,0,98,0.0,False,3,2027-03-22,2026-12-22,pooled,71,C_20270322_110.00,EuropeanCall,110.0,2027-03-22
calls_puts,l2,parsimony,0,99,-2.7157543456193016e-06,True,3,2027-03-22,2026-12-22,pooled,72,P_20270322_110.00,EuropeanPut,110.0,2027-03-22
calls_puts,l2,parsimony,0,100,0.0,False,3,2027-03-22,2026-12-22,pooled,73,C_20270322_115.00,EuropeanCall,115.0,2027-03-22
calls_puts,l2,parsimony,0,101,-2.184434569752727e-06,True,3,2027-03-22,2026-12-22,pooled,74,P_20270322_115.00,EuropeanPut,115.0,2027-03-22
calls_puts,l2,parsimony,0,102,0.0,False,3,2027-03-22,2026-12-22,pooled,75,C_20270322_120.00,EuropeanCall,120.0,2027-03-22
calls_puts,l2,parsimony,0,103,-1.794519950419447e-06,True,3,2027-03-22,2026-12-22,pooled,76,P_20270322_120.00,EuropeanPut,120.0,2027-03-22
calls_puts,l2,parsimony,0,104,0.0,False,3,2027-03-22,2026-12-22,pooled,77,C_20270322_125.00,EuropeanCall,125.0,2027-03-22
calls_puts,l2,parsimony,0,105,-1.500016994475293e-06,True,3,2027-03-22,2026-12-22,pooled,78,P_20270322_125.00,EuropeanPut,125.0,2027-03-22
calls_puts,l2,parsimony,0,106,0.0,False,3,2027-03-22,2026-12-22,pooled,79,C_20270322_130.00,EuropeanCall,130.0,2027-03-22
calls_puts,l2,parsimony,0,107,-1.2722003661198985e-06,True,3,2027-03-22,2026-12-22,pooled,80,P_20270322_130.00,EuropeanPut,130.0,2027-03-22
calls_puts,l2,parsimony,0,108,0.012575329795616553,True,4,2027-03-22,2026-12-22,barrier_clear,54,CASH_20270322,Cash,0.0,2027-03-22
calls_puts,l2,parsimony,0,109,1.311508255908003e-05,True,4,2027-03-22,2026-12-22,barrier_clear,55,C_20270322_70.00,EuropeanCall,70.0,2027-03-22
calls_puts,l2,parsimony,0,110,0.0,False,4,2027-03-22,2026-12-22,barrier_clear,56,P_20270322_70.00,EuropeanPut,70.0,2027-03-22
calls_puts,l2,parsimony,0,111,1.8978000410533888e-05,True,4,2027-03-22,2026-12-22,barrier_clear,57,C_20270322_75.00,EuropeanCall,75.0,2027-03-22
calls_puts,l2,parsimony,0,112,-0.00020840003262179955,True,4,2027-03-22,2026-12-22,barrier_clear,58,P_20270322_75.00,EuropeanPut,75.0,2027-03-22
calls_puts,l2,parsimony,0,113,2.0550669655729927e-05,True,4,2027-03-22,2026-12-22,barrier_clear,59,C_20270322_80.00,EuropeanCall,80.0,2027-03-22
calls_puts,l2,parsimony,0,114,-0.0003359296758581636,True,4,2027-03-22,2026-12-22,barrier_clear,60,P_20270322_80.00,EuropeanPut,80.0,2027-03-22
calls_puts,l2,parsimony,0,115,2.0298882341862268e-05,True,4,2027-03-22,2026-12-22,barrier_clear,61,C_20270322_85.00,EuropeanCall,85.0,2027-03-22
calls_puts,l2,parsimony,0,116,-0.00016920487963011403,True,4,2027-03-22,2026-12-22,barrier_clear,62,P_20270322_85.00,EuropeanPut,85.0,2027-03-22
calls_puts,l2,parsimony,0,117,1.6318659437789075e-05,True,4,2027-03-22,2026-12-22,barrier_clear,63,C_20270322_90.00,EuropeanCall,90.0,2027-03-22
calls_puts,l2,parsimony,0,118,-9.22346627349499e-05,True,4,2027-03-22,2026-12-22,barrier_clear,64,P_20270322_90.00,EuropeanPut,90.0,2027-03-22
calls_puts,l2,parsimony,0,119,6.917755195162739e-06,True,4,2027-03-22,2026-12-22,barrier_clear,65,C_20270322_95.00,EuropeanCall,95.0,2027-03-22
calls_puts,l2,parsimony,0,120,-5.331588817165699e-05,True,4,2027-03-22,2026-12-22,barrier_clear,66,P_20270322_95.00,EuropeanPut,95.0,2027-03-22
calls_puts,l2,parsimony,0,121,-5.035844618767642e-08,False,4,2027-03-22,2026-12-22,barrier_clear,67,C_20270322_100.00,EuropeanCall,100.0,2027-03-22
calls_puts,l2,parsimony,0,122,-3.1395219045534634e-05,True,4,2027-03-22,2026-12-22,barrier_clear,68,P_20270322_100.00,EuropeanPut,100.0,2027-03-22
calls_puts,l2,parsimony,0,123,-5.48864186314629e-08,False,4,2027-03-22,2026-12-22,barrier_clear,69,C_20270322_105.00,EuropeanCall,105.0,2027-03-22
calls_puts,l2,parsimony,0,124,-1.9446512615288193e-05,True,4,2027-03-22,2026-12-22,barrier_clear,70,P_20270322_105.00,EuropeanPut,105.0,2027-03-22
calls_puts,l2,parsimony,0,125,-6.34838533096522e-08,False,4,2027-03-22,2026-12-22,barrier_clear,71,C_20270322_110.00,EuropeanCall,110.0,2027-03-22
calls_puts,l2,parsimony,0,126,-1.2924570798126637e-05,True,4,2027-03-22,2026-12-22,barrier_clear,72,P_20270322_110.00,EuropeanPut,110.0,2027-03-22
calls_puts,l2,parsimony,0,127,-7.666425249753142e-08,False,4,2027-03-22,2026-12-22,barrier_clear,73,C_20270322_115.00,EuropeanCall,115.0,2027-03-22
calls_puts,l2,parsimony,0,128,-9.069327857386948e-06,True,4,2027-03-22,2026-12-22,barrier_clear,74,P_20270322_115.00,EuropeanPut,115.0,2027-03-22
calls_puts,l2,parsimony,0,129,-1.1113680270397178e-07,False,4,2027-03-22,2026-12-22,barrier_clear,75,C_20270322_120.00,EuropeanCall,120.0,2027-03-22
calls_puts,l2,parsimony,0,130,-6.657162626280553e-06,True,4,2027-03-22,2026-12-22,barrier_clear,76,P_20270322_120.00,EuropeanPut,120.0,2027-03-22
calls_puts,l2,parsimony,0,131,-2.019406528203698e-07,False,4,2027-03-22,2026-12-22,barrier_clear,77,C_20270322_125.00,EuropeanCall,125.0,2027-03-22
calls_puts,l2,parsimony,0,132,-5.068431097680716e-06,True,4,2027-03-22,2026-12-22,barrier_clear,78,P_20270322_125.00,EuropeanPut,125.0,2027-03-22
calls_puts,l2,parsimony,0,133,-1.1037766597717138e-06,True,4,2027-03-22,2026-12-22,barrier_clear,79,C_20270322_130.00,EuropeanCall,130.0,2027-03-22
calls_puts,l2,parsimony,0,134,-3.975425101768366e-06,True,4,2027-03-22,2026-12-22,barrier_clear,80,P_20270322_130.00,EuropeanPut,130.0,2027-03-22
calls_puts,l2,parsimony,0,135,-0.38016970949117224,True,5,2027-06-22,2027-03-22,pooled,81,CASH_20270622,Cash,0.0,2027-06-22
calls_puts,l2,parsimony,0,136,0.00033549953696487296,True,5,2027-06-22,2027-03-22,pooled,82,C_20270622_70.00,EuropeanCall,70.0,2027-06-22
calls_puts,l2,parsimony,0,137,-0.00017377805088572738,True,5,2027-06-22,2027-03-22,pooled,83,P_20270622_70.00,EuropeanPut,70.0,2027-06-22
calls_puts,l2,parsimony,0,138,0.0010068939427012604,True,5,2027-06-22,2027-03-22,pooled,84,C_20270622_75.00,EuropeanCall,75.0,2027-06-22
calls_puts,l2,parsimony,0,139,-8.584419655263648e-05,True,5,2027-06-22,2027-03-22,pooled,85,P_20270622_75.00,EuropeanPut,75.0,2027-06-22
calls_puts,l2,parsimony,0,140,0.0,False,5,2027-06-22,2027-03-22,pooled,86,C_20270622_80.00,EuropeanCall,80.0,2027-06-22
calls_puts,l2,parsimony,0,141,-4.616889362685956e-05,True,5,2027-06-22,2027-03-22,pooled,87,P_20270622_80.00,EuropeanPut,80.0,2027-06-22
calls_puts,l2,parsimony,0,142,0.0,False,5,2027-06-22,2027-03-22,pooled,88,C_20270622_85.00,EuropeanCall,85.0,2027-06-22
calls_puts,l2,parsimony,0,143,-2.59108766565963e-05,True,5,2027-06-22,2027-03-22,pooled,89,P_20270622_85.00,EuropeanPut,85.0,2027-06-22
calls_puts,l2,parsimony,0,144,0.0,False,5,2027-06-22,2027-03-22,pooled,90,C_20270622_90.00,EuropeanCall,90.0,2027-06-22
calls_puts,l2,parsimony,0,145,-1.633531723370029e-05,True,5,2027-06-22,2027-03-22,pooled,91,P_20270622_90.00,EuropeanPut,90.0,2027-06-22
calls_puts,l2,parsimony,0,146,0.0,False,5,2027-06-22,2027-03-22,pooled,92,C_20270622_95.00,EuropeanCall,95.0,2027-06-22
calls_puts,l2,parsimony,0,147,-1.1166776477836728e-05,True,5,2027-06-22,2027-03-22,pooled,93,P_20270622_95.00,EuropeanPut,95.0,2027-06-22
calls_puts,l2,parsimony,0,148,0.0,False,5,2027-06-22,2027-03-22,pooled,94,C_20270622_100.00,EuropeanCall,100.0,2027-06-22
calls_puts,l2,parsimony,0,149,-8.089375176147795e-06,True,5,2027-06-22,2027-03-22,pooled,95,P_20270622_100.00,EuropeanPut,100.0,2027-06-22
calls_puts,l2,parsimony,0,150,0.0,False,5,2027-06-22,2027-03-22,pooled,96,C_20270622_105.00,EuropeanCall,105.0,2027-06-22
calls_puts,l2,parsimony,0,151,-6.118373919472938e-06,True,5,2027-06-22,2027-03-22,pooled,97,P_20270622_105.00,EuropeanPut,105.0,2027-06-22
calls_puts,l2,parsimony,0,152,0.0,False,5,2027-06-22,2027-03-22,pooled,98,C_20270622_110.00,EuropeanCall,110.0,2027-06-22
calls_puts,l2,parsimony,0,153,-4.783697461756068e-06,True,5,2027-06-22,2027-03-22,pooled,99,P_20270622_110.00,EuropeanPut,110.0,2027-06-22
calls_puts,l2,parsimony,0,154,0.0,False,5,2027-06-22,2027-03-22,pooled,100,C_20270622_115.00,EuropeanCall,115.0,2027-06-22
calls_puts,l2,parsimony,0,155,-3.839580911302558e-06,True,5,2027-06-22,2027-03-22,pooled,101,P_20270622_115.00,EuropeanPut,115.0,2027-06-22
calls_puts,l2,parsimony,0,156,0.0,False,5,2027-06-22,2027-03-22,pooled,102,C_20270622_120.00,EuropeanCall,120.0,2027-06-22
calls_puts,l2,parsimony,0,157,-3.1479198473967927e-06,True,5,2027-06-22,2027-03-22,pooled,103,P_20270622_120.00,EuropeanPut,120.0,2027-06-22
calls_puts,l2,parsimony,0,158,0.0,False,5,2027-06-22,2027-03-22,pooled,104,C_20270622_125.00,EuropeanCall,125.0,2027-06-22
calls_puts,l2,parsimony,0,159,-2.626456547460095e-06,True,5,2027-06-22,2027-03-22,pooled,105,P_20270622_125.00,EuropeanPut,125.0,2027-06-22
calls_puts,l2,parsimony,0,160,0.0,False,5,2027-06-22,2027-03-22,pooled,106,C_20270622_130.00,EuropeanCall,130.0,2027-06-22
calls_puts,l2,parsimony,0,161,-2.2237983724229585e-06,True,5,2027-06-22,2027-03-22,pooled,107,P_20270622_130.00,EuropeanPut,130.0,2027-06-22
calls_puts,l2,parsimony,0,162,-0.03422630714317944,True,6,2027-06-22,2027-03-22,barrier_clear,81,CASH_20270622,Cash,0.0,2027-06-22
calls_puts,l2,parsimony,0,163,4.052071471072266e-05,True,6,2027-06-22,2027-03-22,barrier_clear,82,C_20270622_70.00,EuropeanCall,70.0,2027-06-22
calls_puts,l2,parsimony,0,164,-0.005664693115170798,True,6,2027-06-22,2027-03-22,barrier_clear,83,P_20270622_70.00,EuropeanPut,70.0,2027-06-22
calls_puts,l2,parsimony,0,165,5.075478166936876e-05,True,6,2027-06-22,2027-03-22,barrier_clear,84,C_20270622_75.00,EuropeanCall,75.0,2027-06-22
calls_puts,l2,parsimony,0,166,-0.001440655025180031,True,6,2027-06-22,2027-03-22,barrier_clear,85,P_20270622_75.00,EuropeanPut,75.0,2027-06-22
calls_puts,l2,parsimony,0,167,5.779299808116524e-05,True,6,2027-06-22,2027-03-22,barrier_clear,86,C_20270622_80.00,EuropeanCall,80.0,2027-06-22
calls_puts,l2,parsimony,0,168,-0.0005993818460998271,True,6,2027-06-22,2027-03-22,barrier_clear,87,P_20270622_80.00,EuropeanPut,80.0,2027-06-22
calls_puts,l2,parsimony,0,169,6.711102072943615e-05,True,6,2027-06-22,2027-03-22,barrier_clear,88,C_20270622_85.00,EuropeanCall,85.0,2027-06-22
calls_puts,l2,parsimony,0,170,-0.0002686420534823671,True,6,2027-06-22,2027-03-22,barrier_clear,89,P_20270622_85.00,EuropeanPut,85.0,2027-06-22
calls_puts,l2,parsimony,0,171,7.699408569676606e-05,True,6,2027-06-22,2027-03-22,barrier_clear,90,C_20270622_90.00,EuropeanCall,90.0,2027-06-22
calls_puts,l2,parsimony,0,172,-0.00013960726598506037,True,6,2027-06-22,2027-03-22,barrier_clear,91,P_20270622_90.00,EuropeanPut,90.0,2027-06-22
calls_puts,l2,parsimony,0,173,8.08442832993551e-05,True,6,2027-06-22,2027-03-22,barrier_clear,92,C_20270622_95.00,EuropeanCall,95.0,2027-06-22
calls_puts,l2,parsimony,0,174,-8.297139876725342e-05,True,6,2027-06-22,2027-03-22,barrier_clear,93,P_20270622_95.00,EuropeanPut,95.0,2027-06-22
calls_puts,l2,parsimony,0,175,9.065684996833045e-05,True,6,2027-06-22,2027-03-22,barrier_clear,94,C_20270622_100.00,EuropeanCall,100.0,2027-06-22
calls_puts,l2,parsimony,0,176,-5.194430938597126e-05,True,6,2027-06-22,2027-03-22,barrier_clear,95,P_20270622_100.00,EuropeanPut,100.0,2027-06-22
calls_puts,l2,parsimony,0,177,8.89656581440198e-05,True,6,2027-06-22,2027-03-22,barrier_clear,96,C_20270622_105.00,EuropeanCall,105.0,2027-06-22
calls_puts,l2,parsimony,0,178,-3.464486094743177e-05,True,6,2027-06-22,2027-03-22,barrier_clear,97,P_20270622_105.00,EuropeanPut,105.0,2027-06-22
calls_puts,l2,parsimony,0,179,0.00011069827238918004,True,6,2027-06-22,2027-03-22,barrier_clear,98,C_20270622_110.00,EuropeanCall,110.0,2027-06-22
calls_puts,l2,parsimony,0,180,-2.406775314339137e-05,True,6,2027-06-22,2027-03-22,barrier_clear,99,P_20270622_110.00,EuropeanPut,110.0,2027-06-22
calls_puts,l2,parsimony,0,181,0.00020355651083628763,True,6,2027-06-22,2027-03-22,barrier_clear,100,C_20270622_115.00,EuropeanCall,115.0,2027-06-22
calls_puts,l2,parsimony,0,182,-1.7494383441134844e-05,True,6,2027-06-22,2027-03-22,barrier_clear,101,P_20270622_115.00,EuropeanPut,115.0,2027-06-22
calls_puts,l2,parsimony,0,183,0.0012630779827164779,True,6,2027-06-22,2027-03-22,barrier_clear,102,C_20270622_120.00,EuropeanCall,120.0,2027-06-22
calls_puts,l2,parsimony,0,184,-1.3246545153661171e-05,True,6,2027-06-22,2027-03-22,barrier_clear,103,P_20270622_120.00,EuropeanPut,120.0,2027-06-22
calls_puts,l2,parsimony,0,185,0.0,False,6,2027-06-22,2027-03-22,barrier_clear,104,C_20270622_125.00,EuropeanCall,125.0,2027-06-22
calls_puts,l2,parsimony,0,186,-1.0293339106988684e-05,True,6,2027-06-22,2027-03-22,barrier_clear,105,P_20270622_125.00,EuropeanPut,125.0,2027-06-22
calls_puts,l2,parsimony,0,187,0.0,False,6,2027-06-22,2027-03-22,barrier_clear,106,C_20270622_130.00,EuropeanCall,130.0,2027-06-22
calls_puts,l2,parsimony,0,188,-8.197784814422237e-06,True,6,2027-06-22,2027-03-22,barrier_clear,107,P_20270622_130.00,EuropeanPut,130.0,2027-06-22
calls_puts,elastic_net,performance,8,0,1.020015826859727,True,0,2026-09-22,,initial,0,CASH_20260922,Cash,0.0,2026-09-22
calls_puts,elastic_net,performance,8,1,-0.0,False,0,2026-09-22,,initial,1,C_20260922_70.00,EuropeanCall,70.0,2026-09-22
calls_puts,elastic_net,performance,8,2,0.0,False,0,2026-09-22,,initial,2,P_20260922_70.00,EuropeanPut,70.0,2026-09-22
calls_puts,elastic_net,performance,8,3,-0.0,False,0,2026-09-22,,initial,3,C_20260922_75.00,EuropeanCall,75.0,2026-09-22
calls_puts,elastic_net,performance,8,4,0.0,False,0,2026-09-22,,initial,4,P_20260922_75.00,EuropeanPut,75.0,2026-09-22
calls_puts,elastic_net,performance,8,5,-0.0,False,0,2026-09-22,,initial,5,C_20260922_80.00,EuropeanCall,80.0,2026-09-22
calls_puts,elastic_net,performance,8,6,0.0,False,0,2026-09-22,,initial,6,P_20260922_80.00,EuropeanPut,80.0,2026-09-22
calls_puts,elastic_net,performance,8,7,-0.0,False,0,2026-09-22,,initial,7,C_20260922_85.00,EuropeanCall,85.0,2026-09-22
calls_puts,elastic_net,performance,8,8,0.0,False,0,2026-09-22,,initial,8,P_20260922_85.00,EuropeanPut,85.0,2026-09-22
calls_puts,elastic_net,performance,8,9,0.0,False,0,2026-09-22,,initial,9,C_20260922_90.00,EuropeanCall,90.0,2026-09-22
calls_puts,elastic_net,performance,8,10,0.0,False,0,2026-09-22,,initial,10,P_20260922_90.00,EuropeanPut,90.0,2026-09-22
calls_puts,elastic_net,performance,8,11,0.0,False,0,2026-09-22,,initial,11,C_20260922_95.00,EuropeanCall,95.0,2026-09-22
calls_puts,elastic_net,performance,8,12,0.0,False,0,2026-09-22,,initial,12,P_20260922_95.00,EuropeanPut,95.0,2026-09-22
calls_puts,elastic_net,performance,8,13,-0.0,False,0,2026-09-22,,initial,13,C_20260922_100.00,EuropeanCall,100.0,2026-09-22
calls_puts,elastic_net,performance,8,14,0.0,False,0,2026-09-22,,initial,14,P_20260922_100.00,EuropeanPut,100.0,2026-09-22
calls_puts,elastic_net,performance,8,15,-0.0,False,0,2026-09-22,,initial,15,C_20260922_105.00,EuropeanCall,105.0,2026-09-22
calls_puts,elastic_net,performance,8,16,0.0,False,0,2026-09-22,,initial,16,P_20260922_105.00,EuropeanPut,105.0,2026-09-22
calls_puts,elastic_net,performance,8,17,-0.0,False,0,2026-09-22,,initial,17,C_20260922_110.00,EuropeanCall,110.0,2026-09-22
calls_puts,elastic_net,performance,8,18,0.0,False,0,2026-09-22,,initial,18,P_20260922_110.00,EuropeanPut,110.0,2026-09-22
calls_puts,elastic_net,performance,8,19,-0.0,False,0,2026-09-22,,initial,19,C_20260922_115.00,EuropeanCall,115.0,2026-09-22
calls_puts,elastic_net,performance,8,20,0.0,False,0,2026-09-22,,initial,20,P_20260922_115.00,EuropeanPut,115.0,2026-09-22
calls_puts,elastic_net,performance,8,21,-0.0,False,0,2026-09-22,,initial,21,C_20260922_120.00,EuropeanCall,120.0,2026-09-22
calls_puts,elastic_net,performance,8,22,0.0,False,0,2026-09-22,,initial,22,P_20260922_120.00,EuropeanPut,120.0,2026-09-22
calls_puts,elastic_net,performance,8,23,-0.0,False,0,2026-09-22,,initial,23,C_20260922_125.00,EuropeanCall,125.0,2026-09-22
calls_puts,elastic_net,performance,8,24,0.0,False,0,2026-09-22,,initial,24,P_20260922_125.00,EuropeanPut,125.0,2026-09-22
calls_puts,elastic_net,performance,8,25,0.0,False,0,2026-09-22,,initial,25,C_20260922_130.00,EuropeanCall,130.0,2026-09-22
calls_puts,elastic_net,performance,8,26,0.0,False,0,2026-09-22,,initial,26,P_20260922_130.00,EuropeanPut,130.0,2026-09-22
calls_puts,elastic_net,performance,8,27,-1.9984014443252818e-14,False,1,2026-12-22,2026-09-22,pooled,27,CASH_20261222,Cash,0.0,2026-12-22
calls_puts,elastic_net,performance,8,28,0.0,False,1,2026-12-22,2026-09-22,pooled,28,C_20261222_70.00,EuropeanCall,70.0,2026-12-22
calls_puts,elastic_net,performance,8,29,0.0,False,1,2026-12-22,2026-09-22,pooled,29,P_20261222_70.00,EuropeanPut,70.0,2026-12-22
calls_puts,elastic_net,performance,8,30,0.0,False,1,2026-12-22,2026-09-22,pooled,30,C_20261222_75.00,EuropeanCall,75.0,2026-12-22
calls_puts,elastic_net,performance,8,31,0.0,False,1,2026-12-22,2026-09-22,pooled,31,P_20261222_75.00,EuropeanPut,75.0,2026-12-22
calls_puts,elastic_net,performance,8,32,0.0,False,1,2026-12-22,2026-09-22,pooled,32,C_20261222_80.00,EuropeanCall,80.0,2026-12-22
calls_puts,elastic_net,performance,8,33,0.0,False,1,2026-12-22,2026-09-22,pooled,33,P_20261222_80.00,EuropeanPut,80.0,2026-12-22
calls_puts,elastic_net,performance,8,34,0.0,False,1,2026-12-22,2026-09-22,pooled,34,C_20261222_85.00,EuropeanCall,85.0,2026-12-22
calls_puts,elastic_net,performance,8,35,0.0,False,1,2026-12-22,2026-09-22,pooled,35,P_20261222_85.00,EuropeanPut,85.0,2026-12-22
calls_puts,elastic_net,performance,8,36,0.0,False,1,2026-12-22,2026-09-22,pooled,36,C_20261222_90.00,EuropeanCall,90.0,2026-12-22
calls_puts,elastic_net,performance,8,37,0.0,False,1,2026-12-22,2026-09-22,pooled,37,P_20261222_90.00,EuropeanPut,90.0,2026-12-22
calls_puts,elastic_net,performance,8,38,0.0,False,1,2026-12-22,2026-09-22,pooled,38,C_20261222_95.00,EuropeanCall,95.0,2026-12-22
calls_puts,elastic_net,performance,8,39,0.0,False,1,2026-12-22,2026-09-22,pooled,39,P_20261222_95.00,EuropeanPut,95.0,2026-12-22
calls_puts,elastic_net,performance,8,40,0.0,False,1,2026-12-22,2026-09-22,pooled,40,C_20261222_100.00,EuropeanCall,100.0,2026-12-22
calls_puts,elastic_net,performance,8,41,0.0,False,1,2026-12-22,2026-09-22,pooled,41,P_20261222_100.00,EuropeanPut,100.0,2026-12-22
calls_puts,elastic_net,performance,8,42,0.0,False,1,2026-12-22,2026-09-22,pooled,42,C_20261222_105.00,EuropeanCall,105.0,2026-12-22
calls_puts,elastic_net,performance,8,43,0.0,False,1,2026-12-22,2026-09-22,pooled,43,P_20261222_105.00,EuropeanPut,105.0,2026-12-22
calls_puts,elastic_net,performance,8,44,0.0,False,1,2026-12-22,2026-09-22,pooled,44,C_20261222_110.00,EuropeanCall,110.0,2026-12-22
calls_puts,elastic_net,performance,8,45,0.0,False,1,2026-12-22,2026-09-22,pooled,45,P_20261222_110.00,EuropeanPut,110.0,2026-12-22
calls_puts,elastic_net,performance,8,46,0.0,False,1,2026-12-22,2026-09-22,pooled,46,C_20261222_115.00,EuropeanCall,115.0,2026-12-22
calls_puts,elastic_net,performance,8,47,0.0,False,1,2026-12-22,2026-09-22,pooled,47,P_20261222_115.00,EuropeanPut,115.0,2026-12-22
calls_puts,elastic_net,performance,8,48,0.0,False,1,2026-12-22,2026-09-22,pooled,48,C_20261222_120.00,EuropeanCall,120.0,2026-12-22
calls_puts,elastic_net,performance,8,49,0.0,False,1,2026-12-22,2026-09-22,pooled,49,P_20261222_120.00,EuropeanPut,120.0,2026-12-22
calls_puts,elastic_net,performance,8,50,0.0,False,1,2026-12-22,2026-09-22,pooled,50,C_20261222_125.00,EuropeanCall,125.0,2026-12-22
calls_puts,elastic_net,performance,8,51,0.0,False,1,2026-12-22,2026-09-22,pooled,51,P_20261222_125.00,EuropeanPut,125.0,2026-12-22
calls_puts,elastic_net,performance,8,52,0.0,False,1,2026-12-22,2026-09-22,pooled,52,C_20261222_130.00,EuropeanCall,130.0,2026-12-22
calls_puts,elastic_net,performance,8,53,0.0,False,1,2026-12-22,2026-09-22,pooled,53,P_20261222_130.00,EuropeanPut,130.0,2026-12-22
calls_puts,elastic_net,performance,8,54,0.01234450368525095,True,2,2026-12-22,2026-09-22,barrier_clear,27,CASH_20261222,Cash,0.0,2026-12-22
calls_puts,elastic_net,performance,8,55,0.0,False,2,2026-12-22,2026-09-22,barrier_clear,28,C_20261222_70.00,EuropeanCall,70.0,2026-12-22
calls_puts,elastic_net,performance,8,56,0.0,False,2,2026-12-22,2026-09-22,barrier_clear,29,P_20261222_70.00,EuropeanPut,70.0,2026-12-22
calls_puts,elastic_net,performance,8,57,0.0,False,2,2026-12-22,2026-09-22,barrier_clear,30,C_20261222_75.00,EuropeanCall,75.0,2026-12-22
calls_puts,elastic_net,performance,8,58,0.0,False,2,2026-12-22,2026-09-22,barrier_clear,31,P_20261222_75.00,EuropeanPut,75.0,2026-12-22
calls_puts,elastic_net,performance,8,59,0.0,False,2,2026-12-22,2026-09-22,barrier_clear,32,C_20261222_80.00,EuropeanCall,80.0,2026-12-22
calls_puts,elastic_net,performance,8,60,-0.0,False,2,2026-12-22,2026-09-22,barrier_clear,33,P_20261222_80.00,EuropeanPut,80.0,2026-12-22
calls_puts,elastic_net,performance,8,61,0.0,False,2,2026-12-22,2026-09-22,barrier_clear,34,C_20261222_85.00,EuropeanCall,85.0,2026-12-22
calls_puts,elastic_net,performance,8,62,-0.0,False,2,2026-12-22,2026-09-22,barrier_clear,35,P_20261222_85.00,EuropeanPut,85.0,2026-12-22
calls_puts,elastic_net,performance,8,63,0.0,False,2,2026-12-22,2026-09-22,barrier_clear,36,C_20261222_90.00,EuropeanCall,90.0,2026-12-22
calls_puts,elastic_net,performance,8,64,-0.0,False,2,2026-12-22,2026-09-22,barrier_clear,37,P_20261222_90.00,EuropeanPut,90.0,2026-12-22
calls_puts,elastic_net,performance,8,65,-0.0,False,2,2026-12-22,2026-09-22,barrier_clear,38,C_20261222_95.00,EuropeanCall,95.0,2026-12-22
calls_puts,elastic_net,performance,8,66,-0.0,False,2,2026-12-22,2026-09-22,barrier_clear,39,P_20261222_95.00,EuropeanPut,95.0,2026-12-22
calls_puts,elastic_net,performance,8,67,0.0,False,2,2026-12-22,2026-09-22,barrier_clear,40,C_20261222_100.00,EuropeanCall,100.0,2026-12-22
calls_puts,elastic_net,performance,8,68,-0.0,False,2,2026-12-22,2026-09-22,barrier_clear,41,P_20261222_100.00,EuropeanPut,100.0,2026-12-22
calls_puts,elastic_net,performance,8,69,0.0,False,2,2026-12-22,2026-09-22,barrier_clear,42,C_20261222_105.00,EuropeanCall,105.0,2026-12-22
calls_puts,elastic_net,performance,8,70,-0.0,False,2,2026-12-22,2026-09-22,barrier_clear,43,P_20261222_105.00,EuropeanPut,105.0,2026-12-22
calls_puts,elastic_net,performance,8,71,0.0,False,2,2026-12-22,2026-09-22,barrier_clear,44,C_20261222_110.00,EuropeanCall,110.0,2026-12-22
calls_puts,elastic_net,performance,8,72,-0.0,False,2,2026-12-22,2026-09-22,barrier_clear,45,P_20261222_110.00,EuropeanPut,110.0,2026-12-22
calls_puts,elastic_net,performance,8,73,0.0,False,2,2026-12-22,2026-09-22,barrier_clear,46,C_20261222_115.00,EuropeanCall,115.0,2026-12-22
calls_puts,elastic_net,performance,8,74,-0.0,False,2,2026-12-22,2026-09-22,barrier_clear,47,P_20261222_115.00,EuropeanPut,115.0,2026-12-22
calls_puts,elastic_net,performance,8,75,0.0,False,2,2026-12-22,2026-09-22,barrier_clear,48,C_20261222_120.00,EuropeanCall,120.0,2026-12-22
calls_puts,elastic_net,performance,8,76,-0.0,False,2,2026-12-22,2026-09-22,barrier_clear,49,P_20261222_120.00,EuropeanPut,120.0,2026-12-22
calls_puts,elastic_net,performance,8,77,0.0,False,2,2026-12-22,2026-09-22,barrier_clear,50,C_20261222_125.00,EuropeanCall,125.0,2026-12-22
calls_puts,elastic_net,performance,8,78,-0.0,False,2,2026-12-22,2026-09-22,barrier_clear,51,P_20261222_125.00,EuropeanPut,125.0,2026-12-22
calls_puts,elastic_net,performance,8,79,0.0,False,2,2026-12-22,2026-09-22,barrier_clear,52,C_20261222_130.00,EuropeanCall,130.0,2026-12-22
calls_puts,elastic_net,performance,8,80,-0.0,False,2,2026-12-22,2026-09-22,barrier_clear,53,P_20261222_130.00,EuropeanPut,130.0,2026-12-22
calls_puts,elastic_net,performance,8,81,-0.008062526734643423,True,3,2027-03-22,2026-12-22,pooled,54,CASH_20270322,Cash,0.0,2027-03-22
calls_puts,elastic_net,performance,8,82,0.8848234144452014,True,3,2027-03-22,2026-12-22,pooled,55,C_20270322_70.00,EuropeanCall,70.0,2027-03-22
calls_puts,elastic_net,performance,8,83,-0.0,False,3,2027-03-22,2026-12-22,pooled,56,P_20270322_70.00,EuropeanPut,70.0,2027-03-22
calls_puts,elastic_net,performance,8,84,0.0,False,3,2027-03-22,2026-12-22,pooled,57,C_20270322_75.00,EuropeanCall,75.0,2027-03-22
calls_puts,elastic_net,performance,8,85,-0.0,False,3,2027-03-22,2026-12-22,pooled,58,P_20270322_75.00,EuropeanPut,75.0,2027-03-22
calls_puts,elastic_net,performance,8,86,0.0,False,3,2027-03-22,2026-12-22,pooled,59,C_20270322_80.00,EuropeanCall,80.0,2027-03-22
calls_puts,elastic_net,performance,8,87,-0.0,False,3,2027-03-22,2026-12-22,pooled,60,P_20270322_80.00,EuropeanPut,80.0,2027-03-22
calls_puts,elastic_net,performance,8,88,0.0,False,3,2027-03-22,2026-12-22,pooled,61,C_20270322_85.00,EuropeanCall,85.0,2027-03-22
calls_puts,elastic_net,performance,8,89,-0.0,False,3,2027-03-22,2026-12-22,pooled,62,P_20270322_85.00,EuropeanPut,85.0,2027-03-22
calls_puts,elastic_net,performance,8,90,0.0,False,3,2027-03-22,2026-12-22,pooled,63,C_20270322_90.00,EuropeanCall,90.0,2027-03-22
calls_puts,elastic_net,performance,8,91,-0.0,False,3,2027-03-22,2026-12-22,pooled,64,P_20270322_90.00,EuropeanPut,90.0,2027-03-22
calls_puts,elastic_net,performance,8,92,0.0,False,3,2027-03-22,2026-12-22,pooled,65,C_20270322_95.00,EuropeanCall,95.0,2027-03-22
calls_puts,elastic_net,performance,8,93,-0.0,False,3,2027-03-22,2026-12-22,pooled,66,P_20270322_95.00,EuropeanPut,95.0,2027-03-22
calls_puts,elastic_net,performance,8,94,0.0,False,3,2027-03-22,2026-12-22,pooled,67,C_20270322_100.00,EuropeanCall,100.0,2027-03-22
calls_puts,elastic_net,performance,8,95,-0.0,False,3,2027-03-22,2026-12-22,pooled,68,P_20270322_100.00,EuropeanPut,100.0,2027-03-22
calls_puts,elastic_net,performance,8,96,0.0,False,3,2027-03-22,2026-12-22,pooled,69,C_20270322_105.00,EuropeanCall,105.0,2027-03-22
calls_puts,elastic_net,performance,8,97,-0.0,False,3,2027-03-22,2026-12-22,pooled,70,P_20270322_105.00,EuropeanPut,105.0,2027-03-22
calls_puts,elastic_net,performance,8,98,0.0,False,3,2027-03-22,2026-12-22,pooled,71,C_20270322_110.00,EuropeanCall,110.0,2027-03-22
calls_puts,elastic_net,performance,8,99,-0.0,False,3,2027-03-22,2026-12-22,pooled,72,P_20270322_110.00,EuropeanPut,110.0,2027-03-22
calls_puts,elastic_net,performance,8,100,0.0,False,3,2027-03-22,2026-12-22,pooled,73,C_20270322_115.00,EuropeanCall,115.0,2027-03-22
calls_puts,elastic_net,performance,8,101,-0.0,False,3,2027-03-22,2026-12-22,pooled,74,P_20270322_115.00,EuropeanPut,115.0,2027-03-22
calls_puts,elastic_net,performance,8,102,0.0,False,3,2027-03-22,2026-12-22,pooled,75,C_20270322_120.00,EuropeanCall,120.0,2027-03-22
calls_puts,elastic_net,performance,8,103,-0.0,False,3,2027-03-22,2026-12-22,pooled,76,P_20270322_120.00,EuropeanPut,120.0,2027-03-22
calls_puts,elastic_net,performance,8,104,0.0,False,3,2027-03-22,2026-12-22,pooled,77,C_20270322_125.00,EuropeanCall,125.0,2027-03-22
calls_puts,elastic_net,performance,8,105,-0.0,False,3,2027-03-22,2026-12-22,pooled,78,P_20270322_125.00,EuropeanPut,125.0,2027-03-22
calls_puts,elastic_net,performance,8,106,0.0,False,3,2027-03-22,2026-12-22,pooled,79,C_20270322_130.00,EuropeanCall,130.0,2027-03-22
calls_puts,elastic_net,performance,8,107,-0.0,False,3,2027-03-22,2026-12-22,pooled,80,P_20270322_130.00,EuropeanPut,130.0,2027-03-22
calls_puts,elastic_net,performance,8,108,0.012740585524538358,True,4,2027-03-22,2026-12-22,barrier_clear,54,CASH_20270322,Cash,0.0,2027-03-22
calls_puts,elastic_net,performance,8,109,0.0,False,4,2027-03-22,2026-12-22,barrier_clear,55,C_20270322_70.00,EuropeanCall,70.0,2027-03-22
calls_puts,elastic_net,performance,8,110,0.0,False,4,2027-03-22,2026-12-22,barrier_clear,56,P_20270322_70.00,EuropeanPut,70.0,2027-03-22
calls_puts,elastic_net,performance,8,111,0.0,False,4,2027-03-22,2026-12-22,barrier_clear,57,C_20270322_75.00,EuropeanCall,75.0,2027-03-22
calls_puts,elastic_net,performance,8,112,0.0,False,4,2027-03-22,2026-12-22,barrier_clear,58,P_20270322_75.00,EuropeanPut,75.0,2027-03-22
calls_puts,elastic_net,performance,8,113,0.0,False,4,2027-03-22,2026-12-22,barrier_clear,59,C_20270322_80.00,EuropeanCall,80.0,2027-03-22
calls_puts,elastic_net,performance,8,114,-0.15332641810592762,True,4,2027-03-22,2026-12-22,barrier_clear,60,P_20270322_80.00,EuropeanPut,80.0,2027-03-22
calls_puts,elastic_net,performance,8,115,0.0,False,4,2027-03-22,2026-12-22,barrier_clear,61,C_20270322_85.00,EuropeanCall,85.0,2027-03-22
calls_puts,elastic_net,performance,8,116,-0.04875303536273008,True,4,2027-03-22,2026-12-22,barrier_clear,62,P_20270322_85.00,EuropeanPut,85.0,2027-03-22
calls_puts,elastic_net,performance,8,117,0.0,False,4,2027-03-22,2026-12-22,barrier_clear,63,C_20270322_90.00,EuropeanCall,90.0,2027-03-22
calls_puts,elastic_net,performance,8,118,-0.0,False,4,2027-03-22,2026-12-22,barrier_clear,64,P_20270322_90.00,EuropeanPut,90.0,2027-03-22
calls_puts,elastic_net,performance,8,119,0.0,False,4,2027-03-22,2026-12-22,barrier_clear,65,C_20270322_95.00,EuropeanCall,95.0,2027-03-22
calls_puts,elastic_net,performance,8,120,-0.0,False,4,2027-03-22,2026-12-22,barrier_clear,66,P_20270322_95.00,EuropeanPut,95.0,2027-03-22
calls_puts,elastic_net,performance,8,121,-0.0,False,4,2027-03-22,2026-12-22,barrier_clear,67,C_20270322_100.00,EuropeanCall,100.0,2027-03-22
calls_puts,elastic_net,performance,8,122,-0.0,False,4,2027-03-22,2026-12-22,barrier_clear,68,P_20270322_100.00,EuropeanPut,100.0,2027-03-22
calls_puts,elastic_net,performance,8,123,-0.0,False,4,2027-03-22,2026-12-22,barrier_clear,69,C_20270322_105.00,EuropeanCall,105.0,2027-03-22
calls_puts,elastic_net,performance,8,124,-0.0,False,4,2027-03-22,2026-12-22,barrier_clear,70,P_20270322_105.00,EuropeanPut,105.0,2027-03-22
calls_puts,elastic_net,performance,8,125,-0.0,False,4,2027-03-22,2026-12-22,barrier_clear,71,C_20270322_110.00,EuropeanCall,110.0,2027-03-22
calls_puts,elastic_net,performance,8,126,-0.0,False,4,2027-03-22,2026-12-22,barrier_clear,72,P_20270322_110.00,EuropeanPut,110.0,2027-03-22
calls_puts,elastic_net,performance,8,127,-0.0,False,4,2027-03-22,2026-12-22,barrier_clear,73,C_20270322_115.00,EuropeanCall,115.0,2027-03-22
calls_puts,elastic_net,performance,8,128,-0.0,False,4,2027-03-22,2026-12-22,barrier_clear,74,P_20270322_115.00,EuropeanPut,115.0,2027-03-22
calls_puts,elastic_net,performance,8,129,-0.0,False,4,2027-03-22,2026-12-22,barrier_clear,75,C_20270322_120.00,EuropeanCall,120.0,2027-03-22
calls_puts,elastic_net,performance,8,130,-0.0,False,4,2027-03-22,2026-12-22,barrier_clear,76,P_20270322_120.00,EuropeanPut,120.0,2027-03-22
calls_puts,elastic_net,performance,8,131,-0.0,False,4,2027-03-22,2026-12-22,barrier_clear,77,C_20270322_125.00,EuropeanCall,125.0,2027-03-22
calls_puts,elastic_net,performance,8,132,-0.0,False,4,2027-03-22,2026-12-22,barrier_clear,78,P_20270322_125.00,EuropeanPut,125.0,2027-03-22
calls_puts,elastic_net,performance,8,133,-0.0,False,4,2027-03-22,2026-12-22,barrier_clear,79,C_20270322_130.00,EuropeanCall,130.0,2027-03-22
calls_puts,elastic_net,performance,8,134,-0.0,False,4,2027-03-22,2026-12-22,barrier_clear,80,P_20270322_130.00,EuropeanPut,130.0,2027-03-22
calls_puts,elastic_net,performance,8,135,-0.3505593957051227,True,5,2027-06-22,2027-03-22,pooled,81,CASH_20270622,Cash,0.0,2027-06-22
calls_puts,elastic_net,performance,8,136,0.17293460065074587,True,5,2027-06-22,2027-03-22,pooled,82,C_20270622_70.00,EuropeanCall,70.0,2027-06-22
calls_puts,elastic_net,performance,8,137,-0.2064764220598048,True,5,2027-06-22,2027-03-22,pooled,83,P_20270622_70.00,EuropeanPut,70.0,2027-06-22
calls_puts,elastic_net,performance,8,138,0.4856395398405211,True,5,2027-06-22,2027-03-22,pooled,84,C_20270622_75.00,EuropeanCall,75.0,2027-06-22
calls_puts,elastic_net,performance,8,139,-0.0,False,5,2027-06-22,2027-03-22,pooled,85,P_20270622_75.00,EuropeanPut,75.0,2027-06-22
calls_puts,elastic_net,performance,8,140,0.0,False,5,2027-06-22,2027-03-22,pooled,86,C_20270622_80.00,EuropeanCall,80.0,2027-06-22
calls_puts,elastic_net,performance,8,141,-0.0,False,5,2027-06-22,2027-03-22,pooled,87,P_20270622_80.00,EuropeanPut,80.0,2027-06-22
calls_puts,elastic_net,performance,8,142,0.0,False,5,2027-06-22,2027-03-22,pooled,88,C_20270622_85.00,EuropeanCall,85.0,2027-06-22
calls_puts,elastic_net,performance,8,143,-0.0,False,5,2027-06-22,2027-03-22,pooled,89,P_20270622_85.00,EuropeanPut,85.0,2027-06-22
calls_puts,elastic_net,performance,8,144,0.0,False,5,2027-06-22,2027-03-22,pooled,90,C_20270622_90.00,EuropeanCall,90.0,2027-06-22
calls_puts,elastic_net,performance,8,145,-0.0,False,5,2027-06-22,2027-03-22,pooled,91,P_20270622_90.00,EuropeanPut,90.0,2027-06-22
calls_puts,elastic_net,performance,8,146,0.0,False,5,2027-06-22,2027-03-22,pooled,92,C_20270622_95.00,EuropeanCall,95.0,2027-06-22
calls_puts,elastic_net,performance,8,147,-0.0,False,5,2027-06-22,2027-03-22,pooled,93,P_20270622_95.00,EuropeanPut,95.0,2027-06-22
calls_puts,elastic_net,performance,8,148,0.0,False,5,2027-06-22,2027-03-22,pooled,94,C_20270622_100.00,EuropeanCall,100.0,2027-06-22
calls_puts,elastic_net,performance,8,149,-0.0,False,5,2027-06-22,2027-03-22,pooled,95,P_20270622_100.00,EuropeanPut,100.0,2027-06-22
calls_puts,elastic_net,performance,8,150,0.0,False,5,2027-06-22,2027-03-22,pooled,96,C_20270622_105.00,EuropeanCall,105.0,2027-06-22
calls_puts,elastic_net,performance,8,151,-0.0,False,5,2027-06-22,2027-03-22,pooled,97,P_20270622_105.00,EuropeanPut,105.0,2027-06-22
calls_puts,elastic_net,performance,8,152,0.0,False,5,2027-06-22,2027-03-22,pooled,98,C_20270622_110.00,EuropeanCall,110.0,2027-06-22
calls_puts,elastic_net,performance,8,153,-0.0,False,5,2027-06-22,2027-03-22,pooled,99,P_20270622_110.00,EuropeanPut,110.0,2027-06-22
calls_puts,elastic_net,performance,8,154,0.0,False,5,2027-06-22,2027-03-22,pooled,100,C_20270622_115.00,EuropeanCall,115.0,2027-06-22
calls_puts,elastic_net,performance,8,155,-0.0,False,5,2027-06-22,2027-03-22,pooled,101,P_20270622_115.00,EuropeanPut,115.0,2027-06-22
calls_puts,elastic_net,performance,8,156,0.0,False,5,2027-06-22,2027-03-22,pooled,102,C_20270622_120.00,EuropeanCall,120.0,2027-06-22
calls_puts,elastic_net,performance,8,157,-0.0,False,5,2027-06-22,2027-03-22,pooled,103,P_20270622_120.00,EuropeanPut,120.0,2027-06-22
calls_puts,elastic_net,performance,8,158,0.0,False,5,2027-06-22,2027-03-22,pooled,104,C_20270622_125.00,EuropeanCall,125.0,2027-06-22
calls_puts,elastic_net,performance,8,159,-0.0,False,5,2027-06-22,2027-03-22,pooled,105,P_20270622_125.00,EuropeanPut,125.0,2027-06-22
calls_puts,elastic_net,performance,8,160,0.0,False,5,2027-06-22,2027-03-22,pooled,106,C_20270622_130.00,EuropeanCall,130.0,2027-06-22
calls_puts,elastic_net,performance,8,161,-0.0,False,5,2027-06-22,2027-03-22,pooled,107,P_20270622_130.00,EuropeanPut,130.0,2027-06-22
calls_puts,elastic_net,performance,8,162,0.003781145781088627,True,6,2027-06-22,2027-03-22,barrier_clear,81,CASH_20270622,Cash,0.0,2027-06-22
calls_puts,elastic_net,performance,8,163,0.0,False,6,2027-06-22,2027-03-22,barrier_clear,82,C_20270622_70.00,EuropeanCall,70.0,2027-06-22
calls_puts,elastic_net,performance,8,164,-0.30614833824833304,True,6,2027-06-22,2027-03-22,barrier_clear,83,P_20270622_70.00,EuropeanPut,70.0,2027-06-22
calls_puts,elastic_net,performance,8,165,0.0,False,6,2027-06-22,2027-03-22,barrier_clear,84,C_20270622_75.00,EuropeanCall,75.0,2027-06-22
calls_puts,elastic_net,performance,8,166,-2.18491863603613,True,6,2027-06-22,2027-03-22,barrier_clear,85,P_20270622_75.00,EuropeanPut,75.0,2027-06-22
calls_puts,elastic_net,performance,8,167,0.0,False,6,2027-06-22,2027-03-22,barrier_clear,86,C_20270622_80.00,EuropeanCall,80.0,2027-06-22
calls_puts,elastic_net,performance,8,168,-0.7875825986322925,True,6,2027-06-22,2027-03-22,barrier_clear,87,P_20270622_80.00,EuropeanPut,80.0,2027-06-22
calls_puts,elastic_net,performance,8,169,0.0,False,6,2027-06-22,2027-03-22,barrier_clear,88,C_20270622_85.00,EuropeanCall,85.0,2027-06-22
calls_puts,elastic_net,performance,8,170,-0.2156979318121045,True,6,2027-06-22,2027-03-22,barrier_clear,89,P_20270622_85.00,EuropeanPut,85.0,2027-06-22
calls_puts,elastic_net,performance,8,171,0.0,False,6,2027-06-22,2027-03-22,barrier_clear,90,C_20270622_90.00,EuropeanCall,90.0,2027-06-22
calls_puts,elastic_net,performance,8,172,-0.0466491950138395,True,6,2027-06-22,2027-03-22,barrier_clear,91,P_20270622_90.00,EuropeanPut,90.0,2027-06-22
calls_puts,elastic_net,performance,8,173,0.0,False,6,2027-06-22,2027-03-22,barrier_clear,92,C_20270622_95.00,EuropeanCall,95.0,2027-06-22
calls_puts,elastic_net,performance,8,174,-0.0,False,6,2027-06-22,2027-03-22,barrier_clear,93,P_20270622_95.00,EuropeanPut,95.0,2027-06-22
calls_puts,elastic_net,performance,8,175,0.0,False,6,2027-06-22,2027-03-22,barrier_clear,94,C_20270622_100.00,EuropeanCall,100.0,2027-06-22
calls_puts,elastic_net,performance,8,176,-0.0,False,6,2027-06-22,2027-03-22,barrier_clear,95,P_20270622_100.00,EuropeanPut,100.0,2027-06-22
calls_puts,elastic_net,performance,8,177,0.0,False,6,2027-06-22,2027-03-22,barrier_clear,96,C_20270622_105.00,EuropeanCall,105.0,2027-06-22
calls_puts,elastic_net,performance,8,178,-0.0,False,6,2027-06-22,2027-03-22,barrier_clear,97,P_20270622_105.00,EuropeanPut,105.0,2027-06-22
calls_puts,elastic_net,performance,8,179,0.0,False,6,2027-06-22,2027-03-22,barrier_clear,98,C_20270622_110.00,EuropeanCall,110.0,2027-06-22
calls_puts,elastic_net,performance,8,180,-0.0,False,6,2027-06-22,2027-03-22,barrier_clear,99,P_20270622_110.00,EuropeanPut,110.0,2027-06-22
calls_puts,elastic_net,performance,8,181,0.0,False,6,2027-06-22,2027-03-22,barrier_clear,100,C_20270622_115.00,EuropeanCall,115.0,2027-06-22
calls_puts,elastic_net,performance,8,182,-0.0,False,6,2027-06-22,2027-03-22,barrier_clear,101,P_20270622_115.00,EuropeanPut,115.0,2027-06-22
calls_puts,elastic_net,performance,8,183,0.0,False,6,2027-06-22,2027-03-22,barrier_clear,102,C_20270622_120.00,EuropeanCall,120.0,2027-06-22
calls_puts,elastic_net,performance,8,184,-0.0,False,6,2027-06-22,2027-03-22,barrier_clear,103,P_20270622_120.00,EuropeanPut,120.0,2027-06-22
calls_puts,elastic_net,performance,8,185,0.0,False,6,2027-06-22,2027-03-22,barrier_clear,104,C_20270622_125.00,EuropeanCall,125.0,2027-06-22
calls_puts,elastic_net,performance,8,186,-0.0,False,6,2027-06-22,2027-03-22,barrier_clear,105,P_20270622_125.00,EuropeanPut,125.0,2027-06-22
calls_puts,elastic_net,performance,8,187,0.0,False,6,2027-06-22,2027-03-22,barrier_clear,106,C_20270622_130.00,EuropeanCall,130.0,2027-06-22
calls_puts,elastic_net,performance,8,188,-0.0,False,6,2027-06-22,2027-03-22,barrier_clear,107,P_20270622_130.00,EuropeanPut,130.0,2027-06-22
calls_puts,elastic_net,compromise,8,0,1.020015826859727,True,0,2026-09-22,,initial,0,CASH_20260922,Cash,0.0,2026-09-22
calls_puts,elastic_net,compromise,8,1,-0.0,False,0,2026-09-22,,initial,1,C_20260922_70.00,EuropeanCall,70.0,2026-09-22
calls_puts,elastic_net,compromise,8,2,0.0,False,0,2026-09-22,,initial,2,P_20260922_70.00,EuropeanPut,70.0,2026-09-22
calls_puts,elastic_net,compromise,8,3,-0.0,False,0,2026-09-22,,initial,3,C_20260922_75.00,EuropeanCall,75.0,2026-09-22
calls_puts,elastic_net,compromise,8,4,0.0,False,0,2026-09-22,,initial,4,P_20260922_75.00,EuropeanPut,75.0,2026-09-22
calls_puts,elastic_net,compromise,8,5,-0.0,False,0,2026-09-22,,initial,5,C_20260922_80.00,EuropeanCall,80.0,2026-09-22
calls_puts,elastic_net,compromise,8,6,0.0,False,0,2026-09-22,,initial,6,P_20260922_80.00,EuropeanPut,80.0,2026-09-22
calls_puts,elastic_net,compromise,8,7,-0.0,False,0,2026-09-22,,initial,7,C_20260922_85.00,EuropeanCall,85.0,2026-09-22
calls_puts,elastic_net,compromise,8,8,0.0,False,0,2026-09-22,,initial,8,P_20260922_85.00,EuropeanPut,85.0,2026-09-22
calls_puts,elastic_net,compromise,8,9,0.0,False,0,2026-09-22,,initial,9,C_20260922_90.00,EuropeanCall,90.0,2026-09-22
calls_puts,elastic_net,compromise,8,10,0.0,False,0,2026-09-22,,initial,10,P_20260922_90.00,EuropeanPut,90.0,2026-09-22
calls_puts,elastic_net,compromise,8,11,0.0,False,0,2026-09-22,,initial,11,C_20260922_95.00,EuropeanCall,95.0,2026-09-22
calls_puts,elastic_net,compromise,8,12,0.0,False,0,2026-09-22,,initial,12,P_20260922_95.00,EuropeanPut,95.0,2026-09-22
calls_puts,elastic_net,compromise,8,13,-0.0,False,0,2026-09-22,,initial,13,C_20260922_100.00,EuropeanCall,100.0,2026-09-22
calls_puts,elastic_net,compromise,8,14,0.0,False,0,2026-09-22,,initial,14,P_20260922_100.00,EuropeanPut,100.0,2026-09-22
calls_puts,elastic_net,compromise,8,15,-0.0,False,0,2026-09-22,,initial,15,C_20260922_105.00,EuropeanCall,105.0,2026-09-22
calls_puts,elastic_net,compromise,8,16,0.0,False,0,2026-09-22,,initial,16,P_20260922_105.00,EuropeanPut,105.0,2026-09-22
calls_puts,elastic_net,compromise,8,17,-0.0,False,0,2026-09-22,,initial,17,C_20260922_110.00,EuropeanCall,110.0,2026-09-22
calls_puts,elastic_net,compromise,8,18,0.0,False,0,2026-09-22,,initial,18,P_20260922_110.00,EuropeanPut,110.0,2026-09-22
calls_puts,elastic_net,compromise,8,19,-0.0,False,0,2026-09-22,,initial,19,C_20260922_115.00,EuropeanCall,115.0,2026-09-22
calls_puts,elastic_net,compromise,8,20,0.0,False,0,2026-09-22,,initial,20,P_20260922_115.00,EuropeanPut,115.0,2026-09-22
calls_puts,elastic_net,compromise,8,21,-0.0,False,0,2026-09-22,,initial,21,C_20260922_120.00,EuropeanCall,120.0,2026-09-22
calls_puts,elastic_net,compromise,8,22,0.0,False,0,2026-09-22,,initial,22,P_20260922_120.00,EuropeanPut,120.0,2026-09-22
calls_puts,elastic_net,compromise,8,23,-0.0,False,0,2026-09-22,,initial,23,C_20260922_125.00,EuropeanCall,125.0,2026-09-22
calls_puts,elastic_net,compromise,8,24,0.0,False,0,2026-09-22,,initial,24,P_20260922_125.00,EuropeanPut,125.0,2026-09-22
calls_puts,elastic_net,compromise,8,25,0.0,False,0,2026-09-22,,initial,25,C_20260922_130.00,EuropeanCall,130.0,2026-09-22
calls_puts,elastic_net,compromise,8,26,0.0,False,0,2026-09-22,,initial,26,P_20260922_130.00,EuropeanPut,130.0,2026-09-22
calls_puts,elastic_net,compromise,8,27,-1.9984014443252818e-14,False,1,2026-12-22,2026-09-22,pooled,27,CASH_20261222,Cash,0.0,2026-12-22
calls_puts,elastic_net,compromise,8,28,0.0,False,1,2026-12-22,2026-09-22,pooled,28,C_20261222_70.00,EuropeanCall,70.0,2026-12-22
calls_puts,elastic_net,compromise,8,29,0.0,False,1,2026-12-22,2026-09-22,pooled,29,P_20261222_70.00,EuropeanPut,70.0,2026-12-22
calls_puts,elastic_net,compromise,8,30,0.0,False,1,2026-12-22,2026-09-22,pooled,30,C_20261222_75.00,EuropeanCall,75.0,2026-12-22
calls_puts,elastic_net,compromise,8,31,0.0,False,1,2026-12-22,2026-09-22,pooled,31,P_20261222_75.00,EuropeanPut,75.0,2026-12-22
calls_puts,elastic_net,compromise,8,32,0.0,False,1,2026-12-22,2026-09-22,pooled,32,C_20261222_80.00,EuropeanCall,80.0,2026-12-22
calls_puts,elastic_net,compromise,8,33,0.0,False,1,2026-12-22,2026-09-22,pooled,33,P_20261222_80.00,EuropeanPut,80.0,2026-12-22
calls_puts,elastic_net,compromise,8,34,0.0,False,1,2026-12-22,2026-09-22,pooled,34,C_20261222_85.00,EuropeanCall,85.0,2026-12-22
calls_puts,elastic_net,compromise,8,35,0.0,False,1,2026-12-22,2026-09-22,pooled,35,P_20261222_85.00,EuropeanPut,85.0,2026-12-22
calls_puts,elastic_net,compromise,8,36,0.0,False,1,2026-12-22,2026-09-22,pooled,36,C_20261222_90.00,EuropeanCall,90.0,2026-12-22
calls_puts,elastic_net,compromise,8,37,0.0,False,1,2026-12-22,2026-09-22,pooled,37,P_20261222_90.00,EuropeanPut,90.0,2026-12-22
calls_puts,elastic_net,compromise,8,38,0.0,False,1,2026-12-22,2026-09-22,pooled,38,C_20261222_95.00,EuropeanCall,95.0,2026-12-22
calls_puts,elastic_net,compromise,8,39,0.0,False,1,2026-12-22,2026-09-22,pooled,39,P_20261222_95.00,EuropeanPut,95.0,2026-12-22
calls_puts,elastic_net,compromise,8,40,0.0,False,1,2026-12-22,2026-09-22,pooled,40,C_20261222_100.00,EuropeanCall,100.0,2026-12-22
calls_puts,elastic_net,compromise,8,41,0.0,False,1,2026-12-22,2026-09-22,pooled,41,P_20261222_100.00,EuropeanPut,100.0,2026-12-22
calls_puts,elastic_net,compromise,8,42,0.0,False,1,2026-12-22,2026-09-22,pooled,42,C_20261222_105.00,EuropeanCall,105.0,2026-12-22
calls_puts,elastic_net,compromise,8,43,0.0,False,1,2026-12-22,2026-09-22,pooled,43,P_20261222_105.00,EuropeanPut,105.0,2026-12-22
calls_puts,elastic_net,compromise,8,44,0.0,False,1,2026-12-22,2026-09-22,pooled,44,C_20261222_110.00,EuropeanCall,110.0,2026-12-22
calls_puts,elastic_net,compromise,8,45,0.0,False,1,2026-12-22,2026-09-22,pooled,45,P_20261222_110.00,EuropeanPut,110.0,2026-12-22
calls_puts,elastic_net,compromise,8,46,0.0,False,1,2026-12-22,2026-09-22,pooled,46,C_20261222_115.00,EuropeanCall,115.0,2026-12-22
calls_puts,elastic_net,compromise,8,47,0.0,False,1,2026-12-22,2026-09-22,pooled,47,P_20261222_115.00,EuropeanPut,115.0,2026-12-22
calls_puts,elastic_net,compromise,8,48,0.0,False,1,2026-12-22,2026-09-22,pooled,48,C_20261222_120.00,EuropeanCall,120.0,2026-12-22
calls_puts,elastic_net,compromise,8,49,0.0,False,1,2026-12-22,2026-09-22,pooled,49,P_20261222_120.00,EuropeanPut,120.0,2026-12-22
calls_puts,elastic_net,compromise,8,50,0.0,False,1,2026-12-22,2026-09-22,pooled,50,C_20261222_125.00,EuropeanCall,125.0,2026-12-22
calls_puts,elastic_net,compromise,8,51,0.0,False,1,2026-12-22,2026-09-22,pooled,51,P_20261222_125.00,EuropeanPut,125.0,2026-12-22
calls_puts,elastic_net,compromise,8,52,0.0,False,1,2026-12-22,2026-09-22,pooled,52,C_20261222_130.00,EuropeanCall,130.0,2026-12-22
calls_puts,elastic_net,compromise,8,53,0.0,False,1,2026-12-22,2026-09-22,pooled,53,P_20261222_130.00,EuropeanPut,130.0,2026-12-22
calls_puts,elastic_net,compromise,8,54,0.01234450368525095,True,2,2026-12-22,2026-09-22,barrier_clear,27,CASH_20261222,Cash,0.0,2026-12-22
calls_puts,elastic_net,compromise,8,55,0.0,False,2,2026-12-22,2026-09-22,barrier_clear,28,C_20261222_70.00,EuropeanCall,70.0,2026-12-22
calls_puts,elastic_net,compromise,8,56,0.0,False,2,2026-12-22,2026-09-22,barrier_clear,29,P_20261222_70.00,EuropeanPut,70.0,2026-12-22
calls_puts,elastic_net,compromise,8,57,0.0,False,2,2026-12-22,2026-09-22,barrier_clear,30,C_20261222_75.00,EuropeanCall,75.0,2026-12-22
calls_puts,elastic_net,compromise,8,58,0.0,False,2,2026-12-22,2026-09-22,barrier_clear,31,P_20261222_75.00,EuropeanPut,75.0,2026-12-22
calls_puts,elastic_net,compromise,8,59,0.0,False,2,2026-12-22,2026-09-22,barrier_clear,32,C_20261222_80.00,EuropeanCall,80.0,2026-12-22
calls_puts,elastic_net,compromise,8,60,-0.0,False,2,2026-12-22,2026-09-22,barrier_clear,33,P_20261222_80.00,EuropeanPut,80.0,2026-12-22
calls_puts,elastic_net,compromise,8,61,0.0,False,2,2026-12-22,2026-09-22,barrier_clear,34,C_20261222_85.00,EuropeanCall,85.0,2026-12-22
calls_puts,elastic_net,compromise,8,62,-0.0,False,2,2026-12-22,2026-09-22,barrier_clear,35,P_20261222_85.00,EuropeanPut,85.0,2026-12-22
calls_puts,elastic_net,compromise,8,63,0.0,False,2,2026-12-22,2026-09-22,barrier_clear,36,C_20261222_90.00,EuropeanCall,90.0,2026-12-22
calls_puts,elastic_net,compromise,8,64,-0.0,False,2,2026-12-22,2026-09-22,barrier_clear,37,P_20261222_90.00,EuropeanPut,90.0,2026-12-22
calls_puts,elastic_net,compromise,8,65,-0.0,False,2,2026-12-22,2026-09-22,barrier_clear,38,C_20261222_95.00,EuropeanCall,95.0,2026-12-22
calls_puts,elastic_net,compromise,8,66,-0.0,False,2,2026-12-22,2026-09-22,barrier_clear,39,P_20261222_95.00,EuropeanPut,95.0,2026-12-22
calls_puts,elastic_net,compromise,8,67,0.0,False,2,2026-12-22,2026-09-22,barrier_clear,40,C_20261222_100.00,EuropeanCall,100.0,2026-12-22
calls_puts,elastic_net,compromise,8,68,-0.0,False,2,2026-12-22,2026-09-22,barrier_clear,41,P_20261222_100.00,EuropeanPut,100.0,2026-12-22
calls_puts,elastic_net,compromise,8,69,0.0,False,2,2026-12-22,2026-09-22,barrier_clear,42,C_20261222_105.00,EuropeanCall,105.0,2026-12-22
calls_puts,elastic_net,compromise,8,70,-0.0,False,2,2026-12-22,2026-09-22,barrier_clear,43,P_20261222_105.00,EuropeanPut,105.0,2026-12-22
calls_puts,elastic_net,compromise,8,71,0.0,False,2,2026-12-22,2026-09-22,barrier_clear,44,C_20261222_110.00,EuropeanCall,110.0,2026-12-22
calls_puts,elastic_net,compromise,8,72,-0.0,False,2,2026-12-22,2026-09-22,barrier_clear,45,P_20261222_110.00,EuropeanPut,110.0,2026-12-22
calls_puts,elastic_net,compromise,8,73,0.0,False,2,2026-12-22,2026-09-22,barrier_clear,46,C_20261222_115.00,EuropeanCall,115.0,2026-12-22
calls_puts,elastic_net,compromise,8,74,-0.0,False,2,2026-12-22,2026-09-22,barrier_clear,47,P_20261222_115.00,EuropeanPut,115.0,2026-12-22
calls_puts,elastic_net,compromise,8,75,0.0,False,2,2026-12-22,2026-09-22,barrier_clear,48,C_20261222_120.00,EuropeanCall,120.0,2026-12-22
calls_puts,elastic_net,compromise,8,76,-0.0,False,2,2026-12-22,2026-09-22,barrier_clear,49,P_20261222_120.00,EuropeanPut,120.0,2026-12-22
calls_puts,elastic_net,compromise,8,77,0.0,False,2,2026-12-22,2026-09-22,barrier_clear,50,C_20261222_125.00,EuropeanCall,125.0,2026-12-22
calls_puts,elastic_net,compromise,8,78,-0.0,False,2,2026-12-22,2026-09-22,barrier_clear,51,P_20261222_125.00,EuropeanPut,125.0,2026-12-22
calls_puts,elastic_net,compromise,8,79,0.0,False,2,2026-12-22,2026-09-22,barrier_clear,52,C_20261222_130.00,EuropeanCall,130.0,2026-12-22
calls_puts,elastic_net,compromise,8,80,-0.0,False,2,2026-12-22,2026-09-22,barrier_clear,53,P_20261222_130.00,EuropeanPut,130.0,2026-12-22
calls_puts,elastic_net,compromise,8,81,-0.008062526734643423,True,3,2027-03-22,2026-12-22,pooled,54,CASH_20270322,Cash,0.0,2027-03-22
calls_puts,elastic_net,compromise,8,82,0.8848234144452014,True,3,2027-03-22,2026-12-22,pooled,55,C_20270322_70.00,EuropeanCall,70.0,2027-03-22
calls_puts,elastic_net,compromise,8,83,-0.0,False,3,2027-03-22,2026-12-22,pooled,56,P_20270322_70.00,EuropeanPut,70.0,2027-03-22
calls_puts,elastic_net,compromise,8,84,0.0,False,3,2027-03-22,2026-12-22,pooled,57,C_20270322_75.00,EuropeanCall,75.0,2027-03-22
calls_puts,elastic_net,compromise,8,85,-0.0,False,3,2027-03-22,2026-12-22,pooled,58,P_20270322_75.00,EuropeanPut,75.0,2027-03-22
calls_puts,elastic_net,compromise,8,86,0.0,False,3,2027-03-22,2026-12-22,pooled,59,C_20270322_80.00,EuropeanCall,80.0,2027-03-22
calls_puts,elastic_net,compromise,8,87,-0.0,False,3,2027-03-22,2026-12-22,pooled,60,P_20270322_80.00,EuropeanPut,80.0,2027-03-22
calls_puts,elastic_net,compromise,8,88,0.0,False,3,2027-03-22,2026-12-22,pooled,61,C_20270322_85.00,EuropeanCall,85.0,2027-03-22
calls_puts,elastic_net,compromise,8,89,-0.0,False,3,2027-03-22,2026-12-22,pooled,62,P_20270322_85.00,EuropeanPut,85.0,2027-03-22
calls_puts,elastic_net,compromise,8,90,0.0,False,3,2027-03-22,2026-12-22,pooled,63,C_20270322_90.00,EuropeanCall,90.0,2027-03-22
calls_puts,elastic_net,compromise,8,91,-0.0,False,3,2027-03-22,2026-12-22,pooled,64,P_20270322_90.00,EuropeanPut,90.0,2027-03-22
calls_puts,elastic_net,compromise,8,92,0.0,False,3,2027-03-22,2026-12-22,pooled,65,C_20270322_95.00,EuropeanCall,95.0,2027-03-22
calls_puts,elastic_net,compromise,8,93,-0.0,False,3,2027-03-22,2026-12-22,pooled,66,P_20270322_95.00,EuropeanPut,95.0,2027-03-22
calls_puts,elastic_net,compromise,8,94,0.0,False,3,2027-03-22,2026-12-22,pooled,67,C_20270322_100.00,EuropeanCall,100.0,2027-03-22
calls_puts,elastic_net,compromise,8,95,-0.0,False,3,2027-03-22,2026-12-22,pooled,68,P_20270322_100.00,EuropeanPut,100.0,2027-03-22
calls_puts,elastic_net,compromise,8,96,0.0,False,3,2027-03-22,2026-12-22,pooled,69,C_20270322_105.00,EuropeanCall,105.0,2027-03-22
calls_puts,elastic_net,compromise,8,97,-0.0,False,3,2027-03-22,2026-12-22,pooled,70,P_20270322_105.00,EuropeanPut,105.0,2027-03-22
calls_puts,elastic_net,compromise,8,98,0.0,False,3,2027-03-22,2026-12-22,pooled,71,C_20270322_110.00,EuropeanCall,110.0,2027-03-22
calls_puts,elastic_net,compromise,8,99,-0.0,False,3,2027-03-22,2026-12-22,pooled,72,P_20270322_110.00,EuropeanPut,110.0,2027-03-22
calls_puts,elastic_net,compromise,8,100,0.0,False,3,2027-03-22,2026-12-22,pooled,73,C_20270322_115.00,EuropeanCall,115.0,2027-03-22
calls_puts,elastic_net,compromise,8,101,-0.0,False,3,2027-03-22,2026-12-22,pooled,74,P_20270322_115.00,EuropeanPut,115.0,2027-03-22
calls_puts,elastic_net,compromise,8,102,0.0,False,3,2027-03-22,2026-12-22,pooled,75,C_20270322_120.00,EuropeanCall,120.0,2027-03-22
calls_puts,elastic_net,compromise,8,103,-0.0,False,3,2027-03-22,2026-12-22,pooled,76,P_20270322_120.00,EuropeanPut,120.0,2027-03-22
calls_puts,elastic_net,compromise,8,104,0.0,False,3,2027-03-22,2026-12-22,pooled,77,C_20270322_125.00,EuropeanCall,125.0,2027-03-22
calls_puts,elastic_net,compromise,8,105,-0.0,False,3,2027-03-22,2026-12-22,pooled,78,P_20270322_125.00,EuropeanPut,125.0,2027-03-22
calls_puts,elastic_net,compromise,8,106,0.0,False,3,2027-03-22,2026-12-22,pooled,79,C_20270322_130.00,EuropeanCall,130.0,2027-03-22
calls_puts,elastic_net,compromise,8,107,-0.0,False,3,2027-03-22,2026-12-22,pooled,80,P_20270322_130.00,EuropeanPut,130.0,2027-03-22
calls_puts,elastic_net,compromise,8,108,0.012740585524538358,True,4,2027-03-22,2026-12-22,barrier_clear,54,CASH_20270322,Cash,0.0,2027-03-22
calls_puts,elastic_net,compromise,8,109,0.0,False,4,2027-03-22,2026-12-22,barrier_clear,55,C_20270322_70.00,EuropeanCall,70.0,2027-03-22
calls_puts,elastic_net,compromise,8,110,0.0,False,4,2027-03-22,2026-12-22,barrier_clear,56,P_20270322_70.00,EuropeanPut,70.0,2027-03-22
calls_puts,elastic_net,compromise,8,111,0.0,False,4,2027-03-22,2026-12-22,barrier_clear,57,C_20270322_75.00,EuropeanCall,75.0,2027-03-22
calls_puts,elastic_net,compromise,8,112,0.0,False,4,2027-03-22,2026-12-22,barrier_clear,58,P_20270322_75.00,EuropeanPut,75.0,2027-03-22
calls_puts,elastic_net,compromise,8,113,0.0,False,4,2027-03-22,2026-12-22,barrier_clear,59,C_20270322_80.00,EuropeanCall,80.0,2027-03-22
calls_puts,elastic_net,compromise,8,114,-0.15332641810592762,True,4,2027-03-22,2026-12-22,barrier_clear,60,P_20270322_80.00,EuropeanPut,80.0,2027-03-22
calls_puts,elastic_net,compromise,8,115,0.0,False,4,2027-03-22,2026-12-22,barrier_clear,61,C_20270322_85.00,EuropeanCall,85.0,2027-03-22
calls_puts,elastic_net,compromise,8,116,-0.04875303536273008,True,4,2027-03-22,2026-12-22,barrier_clear,62,P_20270322_85.00,EuropeanPut,85.0,2027-03-22
calls_puts,elastic_net,compromise,8,117,0.0,False,4,2027-03-22,2026-12-22,barrier_clear,63,C_20270322_90.00,EuropeanCall,90.0,2027-03-22
calls_puts,elastic_net,compromise,8,118,-0.0,False,4,2027-03-22,2026-12-22,barrier_clear,64,P_20270322_90.00,EuropeanPut,90.0,2027-03-22
calls_puts,elastic_net,compromise,8,119,0.0,False,4,2027-03-22,2026-12-22,barrier_clear,65,C_20270322_95.00,EuropeanCall,95.0,2027-03-22
calls_puts,elastic_net,compromise,8,120,-0.0,False,4,2027-03-22,2026-12-22,barrier_clear,66,P_20270322_95.00,EuropeanPut,95.0,2027-03-22
calls_puts,elastic_net,compromise,8,121,-0.0,False,4,2027-03-22,2026-12-22,barrier_clear,67,C_20270322_100.00,EuropeanCall,100.0,2027-03-22
calls_puts,elastic_net,compromise,8,122,-0.0,False,4,2027-03-22,2026-12-22,barrier_clear,68,P_20270322_100.00,EuropeanPut,100.0,2027-03-22
calls_puts,elastic_net,compromise,8,123,-0.0,False,4,2027-03-22,2026-12-22,barrier_clear,69,C_20270322_105.00,EuropeanCall,105.0,2027-03-22
calls_puts,elastic_net,compromise,8,124,-0.0,False,4,2027-03-22,2026-12-22,barrier_clear,70,P_20270322_105.00,EuropeanPut,105.0,2027-03-22
calls_puts,elastic_net,compromise,8,125,-0.0,False,4,2027-03-22,2026-12-22,barrier_clear,71,C_20270322_110.00,EuropeanCall,110.0,2027-03-22
calls_puts,elastic_net,compromise,8,126,-0.0,False,4,2027-03-22,2026-12-22,barrier_clear,72,P_20270322_110.00,EuropeanPut,110.0,2027-03-22
calls_puts,elastic_net,compromise,8,127,-0.0,False,4,2027-03-22,2026-12-22,barrier_clear,73,C_20270322_115.00,EuropeanCall,115.0,2027-03-22
calls_puts,elastic_net,compromise,8,128,-0.0,False,4,2027-03-22,2026-12-22,barrier_clear,74,P_20270322_115.00,EuropeanPut,115.0,2027-03-22
calls_puts,elastic_net,compromise,8,129,-0.0,False,4,2027-03-22,2026-12-22,barrier_clear,75,C_20270322_120.00,EuropeanCall,120.0,2027-03-22
calls_puts,elastic_net,compromise,8,130,-0.0,False,4,2027-03-22,2026-12-22,barrier_clear,76,P_20270322_120.00,EuropeanPut,120.0,2027-03-22
calls_puts,elastic_net,compromise,8,131,-0.0,False,4,2027-03-22,2026-12-22,barrier_clear,77,C_20270322_125.00,EuropeanCall,125.0,2027-03-22
calls_puts,elastic_net,compromise,8,132,-0.0,False,4,2027-03-22,2026-12-22,barrier_clear,78,P_20270322_125.00,EuropeanPut,125.0,2027-03-22
calls_puts,elastic_net,compromise,8,133,-0.0,False,4,2027-03-22,2026-12-22,barrier_clear,79,C_20270322_130.00,EuropeanCall,130.0,2027-03-22
calls_puts,elastic_net,compromise,8,134,-0.0,False,4,2027-03-22,2026-12-22,barrier_clear,80,P_20270322_130.00,EuropeanPut,130.0,2027-03-22
calls_puts,elastic_net,compromise,8,135,-0.3505593957051227,True,5,2027-06-22,2027-03-22,pooled,81,CASH_20270622,Cash,0.0,2027-06-22
calls_puts,elastic_net,compromise,8,136,0.17293460065074587,True,5,2027-06-22,2027-03-22,pooled,82,C_20270622_70.00,EuropeanCall,70.0,2027-06-22
calls_puts,elastic_net,compromise,8,137,-0.2064764220598048,True,5,2027-06-22,2027-03-22,pooled,83,P_20270622_70.00,EuropeanPut,70.0,2027-06-22
calls_puts,elastic_net,compromise,8,138,0.4856395398405211,True,5,2027-06-22,2027-03-22,pooled,84,C_20270622_75.00,EuropeanCall,75.0,2027-06-22
calls_puts,elastic_net,compromise,8,139,-0.0,False,5,2027-06-22,2027-03-22,pooled,85,P_20270622_75.00,EuropeanPut,75.0,2027-06-22
calls_puts,elastic_net,compromise,8,140,0.0,False,5,2027-06-22,2027-03-22,pooled,86,C_20270622_80.00,EuropeanCall,80.0,2027-06-22
calls_puts,elastic_net,compromise,8,141,-0.0,False,5,2027-06-22,2027-03-22,pooled,87,P_20270622_80.00,EuropeanPut,80.0,2027-06-22
calls_puts,elastic_net,compromise,8,142,0.0,False,5,2027-06-22,2027-03-22,pooled,88,C_20270622_85.00,EuropeanCall,85.0,2027-06-22
calls_puts,elastic_net,compromise,8,143,-0.0,False,5,2027-06-22,2027-03-22,pooled,89,P_20270622_85.00,EuropeanPut,85.0,2027-06-22
calls_puts,elastic_net,compromise,8,144,0.0,False,5,2027-06-22,2027-03-22,pooled,90,C_20270622_90.00,EuropeanCall,90.0,2027-06-22
calls_puts,elastic_net,compromise,8,145,-0.0,False,5,2027-06-22,2027-03-22,pooled,91,P_20270622_90.00,EuropeanPut,90.0,2027-06-22
calls_puts,elastic_net,compromise,8,146,0.0,False,5,2027-06-22,2027-03-22,pooled,92,C_20270622_95.00,EuropeanCall,95.0,2027-06-22
calls_puts,elastic_net,compromise,8,147,-0.0,False,5,2027-06-22,2027-03-22,pooled,93,P_20270622_95.00,EuropeanPut,95.0,2027-06-22
calls_puts,elastic_net,compromise,8,148,0.0,False,5,2027-06-22,2027-03-22,pooled,94,C_20270622_100.00,EuropeanCall,100.0,2027-06-22
calls_puts,elastic_net,compromise,8,149,-0.0,False,5,2027-06-22,2027-03-22,pooled,95,P_20270622_100.00,EuropeanPut,100.0,2027-06-22
calls_puts,elastic_net,compromise,8,150,0.0,False,5,2027-06-22,2027-03-22,pooled,96,C_20270622_105.00,EuropeanCall,105.0,2027-06-22
calls_puts,elastic_net,compromise,8,151,-0.0,False,5,2027-06-22,2027-03-22,pooled,97,P_20270622_105.00,EuropeanPut,105.0,2027-06-22
calls_puts,elastic_net,compromise,8,152,0.0,False,5,2027-06-22,2027-03-22,pooled,98,C_20270622_110.00,EuropeanCall,110.0,2027-06-22
calls_puts,elastic_net,compromise,8,153,-0.0,False,5,2027-06-22,2027-03-22,pooled,99,P_20270622_110.00,EuropeanPut,110.0,2027-06-22
calls_puts,elastic_net,compromise,8,154,0.0,False,5,2027-06-22,2027-03-22,pooled,100,C_20270622_115.00,EuropeanCall,115.0,2027-06-22
calls_puts,elastic_net,compromise,8,155,-0.0,False,5,2027-06-22,2027-03-22,pooled,101,P_20270622_115.00,EuropeanPut,115.0,2027-06-22
calls_puts,elastic_net,compromise,8,156,0.0,False,5,2027-06-22,2027-03-22,pooled,102,C_20270622_120.00,EuropeanCall,120.0,2027-06-22
calls_puts,elastic_net,compromise,8,157,-0.0,False,5,2027-06-22,2027-03-22,pooled,103,P_20270622_120.00,EuropeanPut,120.0,2027-06-22
calls_puts,elastic_net,compromise,8,158,0.0,False,5,2027-06-22,2027-03-22,pooled,104,C_20270622_125.00,EuropeanCall,125.0,2027-06-22
calls_puts,elastic_net,compromise,8,159,-0.0,False,5,2027-06-22,2027-03-22,pooled,105,P_20270622_125.00,EuropeanPut,125.0,2027-06-22
calls_puts,elastic_net,compromise,8,160,0.0,False,5,2027-06-22,2027-03-22,pooled,106,C_20270622_130.00,EuropeanCall,130.0,2027-06-22
calls_puts,elastic_net,compromise,8,161,-0.0,False,5,2027-06-22,2027-03-22,pooled,107,P_20270622_130.00,EuropeanPut,130.0,2027-06-22
calls_puts,elastic_net,compromise,8,162,0.003781145781088627,True,6,2027-06-22,2027-03-22,barrier_clear,81,CASH_20270622,Cash,0.0,2027-06-22
calls_puts,elastic_net,compromise,8,163,0.0,False,6,2027-06-22,2027-03-22,barrier_clear,82,C_20270622_70.00,EuropeanCall,70.0,2027-06-22
calls_puts,elastic_net,compromise,8,164,-0.30614833824833304,True,6,2027-06-22,2027-03-22,barrier_clear,83,P_20270622_70.00,EuropeanPut,70.0,2027-06-22
calls_puts,elastic_net,compromise,8,165,0.0,False,6,2027-06-22,2027-03-22,barrier_clear,84,C_20270622_75.00,EuropeanCall,75.0,2027-06-22
calls_puts,elastic_net,compromise,8,166,-2.18491863603613,True,6,2027-06-22,2027-03-22,barrier_clear,85,P_20270622_75.00,EuropeanPut,75.0,2027-06-22
calls_puts,elastic_net,compromise,8,167,0.0,False,6,2027-06-22,2027-03-22,barrier_clear,86,C_20270622_80.00,EuropeanCall,80.0,2027-06-22
calls_puts,elastic_net,compromise,8,168,-0.7875825986322925,True,6,2027-06-22,2027-03-22,barrier_clear,87,P_20270622_80.00,EuropeanPut,80.0,2027-06-22
calls_puts,elastic_net,compromise,8,169,0.0,False,6,2027-06-22,2027-03-22,barrier_clear,88,C_20270622_85.00,EuropeanCall,85.0,2027-06-22
calls_puts,elastic_net,compromise,8,170,-0.2156979318121045,True,6,2027-06-22,2027-03-22,barrier_clear,89,P_20270622_85.00,EuropeanPut,85.0,2027-06-22
calls_puts,elastic_net,compromise,8,171,0.0,False,6,2027-06-22,2027-03-22,barrier_clear,90,C_20270622_90.00,EuropeanCall,90.0,2027-06-22
calls_puts,elastic_net,compromise,8,172,-0.0466491950138395,True,6,2027-06-22,2027-03-22,barrier_clear,91,P_20270622_90.00,EuropeanPut,90.0,2027-06-22
calls_puts,elastic_net,compromise,8,173,0.0,False,6,2027-06-22,2027-03-22,barrier_clear,92,C_20270622_95.00,EuropeanCall,95.0,2027-06-22
calls_puts,elastic_net,compromise,8,174,-0.0,False,6,2027-06-22,2027-03-22,barrier_clear,93,P_20270622_95.00,EuropeanPut,95.0,2027-06-22
calls_puts,elastic_net,compromise,8,175,0.0,False,6,2027-06-22,2027-03-22,barrier_clear,94,C_20270622_100.00,EuropeanCall,100.0,2027-06-22
calls_puts,elastic_net,compromise,8,176,-0.0,False,6,2027-06-22,2027-03-22,barrier_clear,95,P_20270622_100.00,EuropeanPut,100.0,2027-06-22
calls_puts,elastic_net,compromise,8,177,0.0,False,6,2027-06-22,2027-03-22,barrier_clear,96,C_20270622_105.00,EuropeanCall,105.0,2027-06-22
calls_puts,elastic_net,compromise,8,178,-0.0,False,6,2027-06-22,2027-03-22,barrier_clear,97,P_20270622_105.00,EuropeanPut,105.0,2027-06-22
calls_puts,elastic_net,compromise,8,179,0.0,False,6,2027-06-22,2027-03-22,barrier_clear,98,C_20270622_110.00,EuropeanCall,110.0,2027-06-22
calls_puts,elastic_net,compromise,8,180,-0.0,False,6,2027-06-22,2027-03-22,barrier_clear,99,P_20270622_110.00,EuropeanPut,110.0,2027-06-22
calls_puts,elastic_net,compromise,8,181,0.0,False,6,2027-06-22,2027-03-22,barrier_clear,100,C_20270622_115.00,EuropeanCall,115.0,2027-06-22
calls_puts,elastic_net,compromise,8,182,-0.0,False,6,2027-06-22,2027-03-22,barrier_clear,101,P_20270622_115.00,EuropeanPut,115.0,2027-06-22
calls_puts,elastic_net,compromise,8,183,0.0,False,6,2027-06-22,2027-03-22,barrier_clear,102,C_20270622_120.00,EuropeanCall,120.0,2027-06-22
calls_puts,elastic_net,compromise,8,184,-0.0,False,6,2027-06-22,2027-03-22,barrier_clear,103,P_20270622_120.00,EuropeanPut,120.0,2027-06-22
calls_puts,elastic_net,compromise,8,185,0.0,False,6,2027-06-22,2027-03-22,barrier_clear,104,C_20270622_125.00,EuropeanCall,125.0,2027-06-22
calls_puts,elastic_net,compromise,8,186,-0.0,False,6,2027-06-22,2027-03-22,barrier_clear,105,P_20270622_125.00,EuropeanPut,125.0,2027-06-22
calls_puts,elastic_net,compromise,8,187,0.0,False,6,2027-06-22,2027-03-22,barrier_clear,106,C_20270622_130.00,EuropeanCall,130.0,2027-06-22
calls_puts,elastic_net,compromise,8,188,-0.0,False,6,2027-06-22,2027-03-22,barrier_clear,107,P_20270622_130.00,EuropeanPut,130.0,2027-06-22
calls_puts,elastic_net,parsimony,8,0,1.020015826859727,True,0,2026-09-22,,initial,0,CASH_20260922,Cash,0.0,2026-09-22
calls_puts,elastic_net,parsimony,8,1,-0.0,False,0,2026-09-22,,initial,1,C_20260922_70.00,EuropeanCall,70.0,2026-09-22
calls_puts,elastic_net,parsimony,8,2,0.0,False,0,2026-09-22,,initial,2,P_20260922_70.00,EuropeanPut,70.0,2026-09-22
calls_puts,elastic_net,parsimony,8,3,-0.0,False,0,2026-09-22,,initial,3,C_20260922_75.00,EuropeanCall,75.0,2026-09-22
calls_puts,elastic_net,parsimony,8,4,0.0,False,0,2026-09-22,,initial,4,P_20260922_75.00,EuropeanPut,75.0,2026-09-22
calls_puts,elastic_net,parsimony,8,5,-0.0,False,0,2026-09-22,,initial,5,C_20260922_80.00,EuropeanCall,80.0,2026-09-22
calls_puts,elastic_net,parsimony,8,6,0.0,False,0,2026-09-22,,initial,6,P_20260922_80.00,EuropeanPut,80.0,2026-09-22
calls_puts,elastic_net,parsimony,8,7,-0.0,False,0,2026-09-22,,initial,7,C_20260922_85.00,EuropeanCall,85.0,2026-09-22
calls_puts,elastic_net,parsimony,8,8,0.0,False,0,2026-09-22,,initial,8,P_20260922_85.00,EuropeanPut,85.0,2026-09-22
calls_puts,elastic_net,parsimony,8,9,0.0,False,0,2026-09-22,,initial,9,C_20260922_90.00,EuropeanCall,90.0,2026-09-22
calls_puts,elastic_net,parsimony,8,10,0.0,False,0,2026-09-22,,initial,10,P_20260922_90.00,EuropeanPut,90.0,2026-09-22
calls_puts,elastic_net,parsimony,8,11,0.0,False,0,2026-09-22,,initial,11,C_20260922_95.00,EuropeanCall,95.0,2026-09-22
calls_puts,elastic_net,parsimony,8,12,0.0,False,0,2026-09-22,,initial,12,P_20260922_95.00,EuropeanPut,95.0,2026-09-22
calls_puts,elastic_net,parsimony,8,13,-0.0,False,0,2026-09-22,,initial,13,C_20260922_100.00,EuropeanCall,100.0,2026-09-22
calls_puts,elastic_net,parsimony,8,14,0.0,False,0,2026-09-22,,initial,14,P_20260922_100.00,EuropeanPut,100.0,2026-09-22
calls_puts,elastic_net,parsimony,8,15,-0.0,False,0,2026-09-22,,initial,15,C_20260922_105.00,EuropeanCall,105.0,2026-09-22
calls_puts,elastic_net,parsimony,8,16,0.0,False,0,2026-09-22,,initial,16,P_20260922_105.00,EuropeanPut,105.0,2026-09-22
calls_puts,elastic_net,parsimony,8,17,-0.0,False,0,2026-09-22,,initial,17,C_20260922_110.00,EuropeanCall,110.0,2026-09-22
calls_puts,elastic_net,parsimony,8,18,0.0,False,0,2026-09-22,,initial,18,P_20260922_110.00,EuropeanPut,110.0,2026-09-22
calls_puts,elastic_net,parsimony,8,19,-0.0,False,0,2026-09-22,,initial,19,C_20260922_115.00,EuropeanCall,115.0,2026-09-22
calls_puts,elastic_net,parsimony,8,20,0.0,False,0,2026-09-22,,initial,20,P_20260922_115.00,EuropeanPut,115.0,2026-09-22
calls_puts,elastic_net,parsimony,8,21,-0.0,False,0,2026-09-22,,initial,21,C_20260922_120.00,EuropeanCall,120.0,2026-09-22
calls_puts,elastic_net,parsimony,8,22,0.0,False,0,2026-09-22,,initial,22,P_20260922_120.00,EuropeanPut,120.0,2026-09-22
calls_puts,elastic_net,parsimony,8,23,-0.0,False,0,2026-09-22,,initial,23,C_20260922_125.00,EuropeanCall,125.0,2026-09-22
calls_puts,elastic_net,parsimony,8,24,0.0,False,0,2026-09-22,,initial,24,P_20260922_125.00,EuropeanPut,125.0,2026-09-22
calls_puts,elastic_net,parsimony,8,25,0.0,False,0,2026-09-22,,initial,25,C_20260922_130.00,EuropeanCall,130.0,2026-09-22
calls_puts,elastic_net,parsimony,8,26,0.0,False,0,2026-09-22,,initial,26,P_20260922_130.00,EuropeanPut,130.0,2026-09-22
calls_puts,elastic_net,parsimony,8,27,-1.9984014443252818e-14,False,1,2026-12-22,2026-09-22,pooled,27,CASH_20261222,Cash,0.0,2026-12-22
calls_puts,elastic_net,parsimony,8,28,0.0,False,1,2026-12-22,2026-09-22,pooled,28,C_20261222_70.00,EuropeanCall,70.0,2026-12-22
calls_puts,elastic_net,parsimony,8,29,0.0,False,1,2026-12-22,2026-09-22,pooled,29,P_20261222_70.00,EuropeanPut,70.0,2026-12-22
calls_puts,elastic_net,parsimony,8,30,0.0,False,1,2026-12-22,2026-09-22,pooled,30,C_20261222_75.00,EuropeanCall,75.0,2026-12-22
calls_puts,elastic_net,parsimony,8,31,0.0,False,1,2026-12-22,2026-09-22,pooled,31,P_20261222_75.00,EuropeanPut,75.0,2026-12-22
calls_puts,elastic_net,parsimony,8,32,0.0,False,1,2026-12-22,2026-09-22,pooled,32,C_20261222_80.00,EuropeanCall,80.0,2026-12-22
calls_puts,elastic_net,parsimony,8,33,0.0,False,1,2026-12-22,2026-09-22,pooled,33,P_20261222_80.00,EuropeanPut,80.0,2026-12-22
calls_puts,elastic_net,parsimony,8,34,0.0,False,1,2026-12-22,2026-09-22,pooled,34,C_20261222_85.00,EuropeanCall,85.0,2026-12-22
calls_puts,elastic_net,parsimony,8,35,0.0,False,1,2026-12-22,2026-09-22,pooled,35,P_20261222_85.00,EuropeanPut,85.0,2026-12-22
calls_puts,elastic_net,parsimony,8,36,0.0,False,1,2026-12-22,2026-09-22,pooled,36,C_20261222_90.00,EuropeanCall,90.0,2026-12-22
calls_puts,elastic_net,parsimony,8,37,0.0,False,1,2026-12-22,2026-09-22,pooled,37,P_20261222_90.00,EuropeanPut,90.0,2026-12-22
calls_puts,elastic_net,parsimony,8,38,0.0,False,1,2026-12-22,2026-09-22,pooled,38,C_20261222_95.00,EuropeanCall,95.0,2026-12-22
calls_puts,elastic_net,parsimony,8,39,0.0,False,1,2026-12-22,2026-09-22,pooled,39,P_20261222_95.00,EuropeanPut,95.0,2026-12-22
calls_puts,elastic_net,parsimony,8,40,0.0,False,1,2026-12-22,2026-09-22,pooled,40,C_20261222_100.00,EuropeanCall,100.0,2026-12-22
calls_puts,elastic_net,parsimony,8,41,0.0,False,1,2026-12-22,2026-09-22,pooled,41,P_20261222_100.00,EuropeanPut,100.0,2026-12-22
calls_puts,elastic_net,parsimony,8,42,0.0,False,1,2026-12-22,2026-09-22,pooled,42,C_20261222_105.00,EuropeanCall,105.0,2026-12-22
calls_puts,elastic_net,parsimony,8,43,0.0,False,1,2026-12-22,2026-09-22,pooled,43,P_20261222_105.00,EuropeanPut,105.0,2026-12-22
calls_puts,elastic_net,parsimony,8,44,0.0,False,1,2026-12-22,2026-09-22,pooled,44,C_20261222_110.00,EuropeanCall,110.0,2026-12-22
calls_puts,elastic_net,parsimony,8,45,0.0,False,1,2026-12-22,2026-09-22,pooled,45,P_20261222_110.00,EuropeanPut,110.0,2026-12-22
calls_puts,elastic_net,parsimony,8,46,0.0,False,1,2026-12-22,2026-09-22,pooled,46,C_20261222_115.00,EuropeanCall,115.0,2026-12-22
calls_puts,elastic_net,parsimony,8,47,0.0,False,1,2026-12-22,2026-09-22,pooled,47,P_20261222_115.00,EuropeanPut,115.0,2026-12-22
calls_puts,elastic_net,parsimony,8,48,0.0,False,1,2026-12-22,2026-09-22,pooled,48,C_20261222_120.00,EuropeanCall,120.0,2026-12-22
calls_puts,elastic_net,parsimony,8,49,0.0,False,1,2026-12-22,2026-09-22,pooled,49,P_20261222_120.00,EuropeanPut,120.0,2026-12-22
calls_puts,elastic_net,parsimony,8,50,0.0,False,1,2026-12-22,2026-09-22,pooled,50,C_20261222_125.00,EuropeanCall,125.0,2026-12-22
calls_puts,elastic_net,parsimony,8,51,0.0,False,1,2026-12-22,2026-09-22,pooled,51,P_20261222_125.00,EuropeanPut,125.0,2026-12-22
calls_puts,elastic_net,parsimony,8,52,0.0,False,1,2026-12-22,2026-09-22,pooled,52,C_20261222_130.00,EuropeanCall,130.0,2026-12-22
calls_puts,elastic_net,parsimony,8,53,0.0,False,1,2026-12-22,2026-09-22,pooled,53,P_20261222_130.00,EuropeanPut,130.0,2026-12-22
calls_puts,elastic_net,parsimony,8,54,0.01234450368525095,True,2,2026-12-22,2026-09-22,barrier_clear,27,CASH_20261222,Cash,0.0,2026-12-22
calls_puts,elastic_net,parsimony,8,55,0.0,False,2,2026-12-22,2026-09-22,barrier_clear,28,C_20261222_70.00,EuropeanCall,70.0,2026-12-22
calls_puts,elastic_net,parsimony,8,56,0.0,False,2,2026-12-22,2026-09-22,barrier_clear,29,P_20261222_70.00,EuropeanPut,70.0,2026-12-22
calls_puts,elastic_net,parsimony,8,57,0.0,False,2,2026-12-22,2026-09-22,barrier_clear,30,C_20261222_75.00,EuropeanCall,75.0,2026-12-22
calls_puts,elastic_net,parsimony,8,58,0.0,False,2,2026-12-22,2026-09-22,barrier_clear,31,P_20261222_75.00,EuropeanPut,75.0,2026-12-22
calls_puts,elastic_net,parsimony,8,59,0.0,False,2,2026-12-22,2026-09-22,barrier_clear,32,C_20261222_80.00,EuropeanCall,80.0,2026-12-22
calls_puts,elastic_net,parsimony,8,60,-0.0,False,2,2026-12-22,2026-09-22,barrier_clear,33,P_20261222_80.00,EuropeanPut,80.0,2026-12-22
calls_puts,elastic_net,parsimony,8,61,0.0,False,2,2026-12-22,2026-09-22,barrier_clear,34,C_20261222_85.00,EuropeanCall,85.0,2026-12-22
calls_puts,elastic_net,parsimony,8,62,-0.0,False,2,2026-12-22,2026-09-22,barrier_clear,35,P_20261222_85.00,EuropeanPut,85.0,2026-12-22
calls_puts,elastic_net,parsimony,8,63,0.0,False,2,2026-12-22,2026-09-22,barrier_clear,36,C_20261222_90.00,EuropeanCall,90.0,2026-12-22
calls_puts,elastic_net,parsimony,8,64,-0.0,False,2,2026-12-22,2026-09-22,barrier_clear,37,P_20261222_90.00,EuropeanPut,90.0,2026-12-22
calls_puts,elastic_net,parsimony,8,65,-0.0,False,2,2026-12-22,2026-09-22,barrier_clear,38,C_20261222_95.00,EuropeanCall,95.0,2026-12-22
calls_puts,elastic_net,parsimony,8,66,-0.0,False,2,2026-12-22,2026-09-22,barrier_clear,39,P_20261222_95.00,EuropeanPut,95.0,2026-12-22
calls_puts,elastic_net,parsimony,8,67,0.0,False,2,2026-12-22,2026-09-22,barrier_clear,40,C_20261222_100.00,EuropeanCall,100.0,2026-12-22
calls_puts,elastic_net,parsimony,8,68,-0.0,False,2,2026-12-22,2026-09-22,barrier_clear,41,P_20261222_100.00,EuropeanPut,100.0,2026-12-22
calls_puts,elastic_net,parsimony,8,69,0.0,False,2,2026-12-22,2026-09-22,barrier_clear,42,C_20261222_105.00,EuropeanCall,105.0,2026-12-22
calls_puts,elastic_net,parsimony,8,70,-0.0,False,2,2026-12-22,2026-09-22,barrier_clear,43,P_20261222_105.00,EuropeanPut,105.0,2026-12-22
calls_puts,elastic_net,parsimony,8,71,0.0,False,2,2026-12-22,2026-09-22,barrier_clear,44,C_20261222_110.00,EuropeanCall,110.0,2026-12-22
calls_puts,elastic_net,parsimony,8,72,-0.0,False,2,2026-12-22,2026-09-22,barrier_clear,45,P_20261222_110.00,EuropeanPut,110.0,2026-12-22
calls_puts,elastic_net,parsimony,8,73,0.0,False,2,2026-12-22,2026-09-22,barrier_clear,46,C_20261222_115.00,EuropeanCall,115.0,2026-12-22
calls_puts,elastic_net,parsimony,8,74,-0.0,False,2,2026-12-22,2026-09-22,barrier_clear,47,P_20261222_115.00,EuropeanPut,115.0,2026-12-22
calls_puts,elastic_net,parsimony,8,75,0.0,False,2,2026-12-22,2026-09-22,barrier_clear,48,C_20261222_120.00,EuropeanCall,120.0,2026-12-22
calls_puts,elastic_net,parsimony,8,76,-0.0,False,2,2026-12-22,2026-09-22,barrier_clear,49,P_20261222_120.00,EuropeanPut,120.0,2026-12-22
calls_puts,elastic_net,parsimony,8,77,0.0,False,2,2026-12-22,2026-09-22,barrier_clear,50,C_20261222_125.00,EuropeanCall,125.0,2026-12-22
calls_puts,elastic_net,parsimony,8,78,-0.0,False,2,2026-12-22,2026-09-22,barrier_clear,51,P_20261222_125.00,EuropeanPut,125.0,2026-12-22
calls_puts,elastic_net,parsimony,8,79,0.0,False,2,2026-12-22,2026-09-22,barrier_clear,52,C_20261222_130.00,EuropeanCall,130.0,2026-12-22
calls_puts,elastic_net,parsimony,8,80,-0.0,False,2,2026-12-22,2026-09-22,barrier_clear,53,P_20261222_130.00,EuropeanPut,130.0,2026-12-22
calls_puts,elastic_net,parsimony,8,81,-0.008062526734643423,True,3,2027-03-22,2026-12-22,pooled,54,CASH_20270322,Cash,0.0,2027-03-22
calls_puts,elastic_net,parsimony,8,82,0.8848234144452014,True,3,2027-03-22,2026-12-22,pooled,55,C_20270322_70.00,EuropeanCall,70.0,2027-03-22
calls_puts,elastic_net,parsimony,8,83,-0.0,False,3,2027-03-22,2026-12-22,pooled,56,P_20270322_70.00,EuropeanPut,70.0,2027-03-22
calls_puts,elastic_net,parsimony,8,84,0.0,False,3,2027-03-22,2026-12-22,pooled,57,C_20270322_75.00,EuropeanCall,75.0,2027-03-22
calls_puts,elastic_net,parsimony,8,85,-0.0,False,3,2027-03-22,2026-12-22,pooled,58,P_20270322_75.00,EuropeanPut,75.0,2027-03-22
calls_puts,elastic_net,parsimony,8,86,0.0,False,3,2027-03-22,2026-12-22,pooled,59,C_20270322_80.00,EuropeanCall,80.0,2027-03-22
calls_puts,elastic_net,parsimony,8,87,-0.0,False,3,2027-03-22,2026-12-22,pooled,60,P_20270322_80.00,EuropeanPut,80.0,2027-03-22
calls_puts,elastic_net,parsimony,8,88,0.0,False,3,2027-03-22,2026-12-22,pooled,61,C_20270322_85.00,EuropeanCall,85.0,2027-03-22
calls_puts,elastic_net,parsimony,8,89,-0.0,False,3,2027-03-22,2026-12-22,pooled,62,P_20270322_85.00,EuropeanPut,85.0,2027-03-22
calls_puts,elastic_net,parsimony,8,90,0.0,False,3,2027-03-22,2026-12-22,pooled,63,C_20270322_90.00,EuropeanCall,90.0,2027-03-22
calls_puts,elastic_net,parsimony,8,91,-0.0,False,3,2027-03-22,2026-12-22,pooled,64,P_20270322_90.00,EuropeanPut,90.0,2027-03-22
calls_puts,elastic_net,parsimony,8,92,0.0,False,3,2027-03-22,2026-12-22,pooled,65,C_20270322_95.00,EuropeanCall,95.0,2027-03-22
calls_puts,elastic_net,parsimony,8,93,-0.0,False,3,2027-03-22,2026-12-22,pooled,66,P_20270322_95.00,EuropeanPut,95.0,2027-03-22
calls_puts,elastic_net,parsimony,8,94,0.0,False,3,2027-03-22,2026-12-22,pooled,67,C_20270322_100.00,EuropeanCall,100.0,2027-03-22
calls_puts,elastic_net,parsimony,8,95,-0.0,False,3,2027-03-22,2026-12-22,pooled,68,P_20270322_100.00,EuropeanPut,100.0,2027-03-22
calls_puts,elastic_net,parsimony,8,96,0.0,False,3,2027-03-22,2026-12-22,pooled,69,C_20270322_105.00,EuropeanCall,105.0,2027-03-22
calls_puts,elastic_net,parsimony,8,97,-0.0,False,3,2027-03-22,2026-12-22,pooled,70,P_20270322_105.00,EuropeanPut,105.0,2027-03-22
calls_puts,elastic_net,parsimony,8,98,0.0,False,3,2027-03-22,2026-12-22,pooled,71,C_20270322_110.00,EuropeanCall,110.0,2027-03-22
calls_puts,elastic_net,parsimony,8,99,-0.0,False,3,2027-03-22,2026-12-22,pooled,72,P_20270322_110.00,EuropeanPut,110.0,2027-03-22
calls_puts,elastic_net,parsimony,8,100,0.0,False,3,2027-03-22,2026-12-22,pooled,73,C_20270322_115.00,EuropeanCall,115.0,2027-03-22
calls_puts,elastic_net,parsimony,8,101,-0.0,False,3,2027-03-22,2026-12-22,pooled,74,P_20270322_115.00,EuropeanPut,115.0,2027-03-22
calls_puts,elastic_net,parsimony,8,102,0.0,False,3,2027-03-22,2026-12-22,pooled,75,C_20270322_120.00,EuropeanCall,120.0,2027-03-22
calls_puts,elastic_net,parsimony,8,103,-0.0,False,3,2027-03-22,2026-12-22,pooled,76,P_20270322_120.00,EuropeanPut,120.0,2027-03-22
calls_puts,elastic_net,parsimony,8,104,0.0,False,3,2027-03-22,2026-12-22,pooled,77,C_20270322_125.00,EuropeanCall,125.0,2027-03-22
calls_puts,elastic_net,parsimony,8,105,-0.0,False,3,2027-03-22,2026-12-22,pooled,78,P_20270322_125.00,EuropeanPut,125.0,2027-03-22
calls_puts,elastic_net,parsimony,8,106,0.0,False,3,2027-03-22,2026-12-22,pooled,79,C_20270322_130.00,EuropeanCall,130.0,2027-03-22
calls_puts,elastic_net,parsimony,8,107,-0.0,False,3,2027-03-22,2026-12-22,pooled,80,P_20270322_130.00,EuropeanPut,130.0,2027-03-22
calls_puts,elastic_net,parsimony,8,108,0.012740585524538358,True,4,2027-03-22,2026-12-22,barrier_clear,54,CASH_20270322,Cash,0.0,2027-03-22
calls_puts,elastic_net,parsimony,8,109,0.0,False,4,2027-03-22,2026-12-22,barrier_clear,55,C_20270322_70.00,EuropeanCall,70.0,2027-03-22
calls_puts,elastic_net,parsimony,8,110,0.0,False,4,2027-03-22,2026-12-22,barrier_clear,56,P_20270322_70.00,EuropeanPut,70.0,2027-03-22
calls_puts,elastic_net,parsimony,8,111,0.0,False,4,2027-03-22,2026-12-22,barrier_clear,57,C_20270322_75.00,EuropeanCall,75.0,2027-03-22
calls_puts,elastic_net,parsimony,8,112,0.0,False,4,2027-03-22,2026-12-22,barrier_clear,58,P_20270322_75.00,EuropeanPut,75.0,2027-03-22
calls_puts,elastic_net,parsimony,8,113,0.0,False,4,2027-03-22,2026-12-22,barrier_clear,59,C_20270322_80.00,EuropeanCall,80.0,2027-03-22
calls_puts,elastic_net,parsimony,8,114,-0.15332641810592762,True,4,2027-03-22,2026-12-22,barrier_clear,60,P_20270322_80.00,EuropeanPut,80.0,2027-03-22
calls_puts,elastic_net,parsimony,8,115,0.0,False,4,2027-03-22,2026-12-22,barrier_clear,61,C_20270322_85.00,EuropeanCall,85.0,2027-03-22
calls_puts,elastic_net,parsimony,8,116,-0.04875303536273008,True,4,2027-03-22,2026-12-22,barrier_clear,62,P_20270322_85.00,EuropeanPut,85.0,2027-03-22
calls_puts,elastic_net,parsimony,8,117,0.0,False,4,2027-03-22,2026-12-22,barrier_clear,63,C_20270322_90.00,EuropeanCall,90.0,2027-03-22
calls_puts,elastic_net,parsimony,8,118,-0.0,False,4,2027-03-22,2026-12-22,barrier_clear,64,P_20270322_90.00,EuropeanPut,90.0,2027-03-22
calls_puts,elastic_net,parsimony,8,119,0.0,False,4,2027-03-22,2026-12-22,barrier_clear,65,C_20270322_95.00,EuropeanCall,95.0,2027-03-22
calls_puts,elastic_net,parsimony,8,120,-0.0,False,4,2027-03-22,2026-12-22,barrier_clear,66,P_20270322_95.00,EuropeanPut,95.0,2027-03-22
calls_puts,elastic_net,parsimony,8,121,-0.0,False,4,2027-03-22,2026-12-22,barrier_clear,67,C_20270322_100.00,EuropeanCall,100.0,2027-03-22
calls_puts,elastic_net,parsimony,8,122,-0.0,False,4,2027-03-22,2026-12-22,barrier_clear,68,P_20270322_100.00,EuropeanPut,100.0,2027-03-22
calls_puts,elastic_net,parsimony,8,123,-0.0,False,4,2027-03-22,2026-12-22,barrier_clear,69,C_20270322_105.00,EuropeanCall,105.0,2027-03-22
calls_puts,elastic_net,parsimony,8,124,-0.0,False,4,2027-03-22,2026-12-22,barrier_clear,70,P_20270322_105.00,EuropeanPut,105.0,2027-03-22
calls_puts,elastic_net,parsimony,8,125,-0.0,False,4,2027-03-22,2026-12-22,barrier_clear,71,C_20270322_110.00,EuropeanCall,110.0,2027-03-22
calls_puts,elastic_net,parsimony,8,126,-0.0,False,4,2027-03-22,2026-12-22,barrier_clear,72,P_20270322_110.00,EuropeanPut,110.0,2027-03-22
calls_puts,elastic_net,parsimony,8,127,-0.0,False,4,2027-03-22,2026-12-22,barrier_clear,73,C_20270322_115.00,EuropeanCall,115.0,2027-03-22
calls_puts,elastic_net,parsimony,8,128,-0.0,False,4,2027-03-22,2026-12-22,barrier_clear,74,P_20270322_115.00,EuropeanPut,115.0,2027-03-22
calls_puts,elastic_net,parsimony,8,129,-0.0,False,4,2027-03-22,2026-12-22,barrier_clear,75,C_20270322_120.00,EuropeanCall,120.0,2027-03-22
calls_puts,elastic_net,parsimony,8,130,-0.0,False,4,2027-03-22,2026-12-22,barrier_clear,76,P_20270322_120.00,EuropeanPut,120.0,2027-03-22
calls_puts,elastic_net,parsimony,8,131,-0.0,False,4,2027-03-22,2026-12-22,barrier_clear,77,C_20270322_125.00,EuropeanCall,125.0,2027-03-22
calls_puts,elastic_net,parsimony,8,132,-0.0,False,4,2027-03-22,2026-12-22,barrier_clear,78,P_20270322_125.00,EuropeanPut,125.0,2027-03-22
calls_puts,elastic_net,parsimony,8,133,-0.0,False,4,2027-03-22,2026-12-22,barrier_clear,79,C_20270322_130.00,EuropeanCall,130.0,2027-03-22
calls_puts,elastic_net,parsimony,8,134,-0.0,False,4,2027-03-22,2026-12-22,barrier_clear,80,P_20270322_130.00,EuropeanPut,130.0,2027-03-22
calls_puts,elastic_net,parsimony,8,135,-0.3505593957051227,True,5,2027-06-22,2027-03-22,pooled,81,CASH_20270622,Cash,0.0,2027-06-22
calls_puts,elastic_net,parsimony,8,136,0.17293460065074587,True,5,2027-06-22,2027-03-22,pooled,82,C_20270622_70.00,EuropeanCall,70.0,2027-06-22
calls_puts,elastic_net,parsimony,8,137,-0.2064764220598048,True,5,2027-06-22,2027-03-22,pooled,83,P_20270622_70.00,EuropeanPut,70.0,2027-06-22
calls_puts,elastic_net,parsimony,8,138,0.4856395398405211,True,5,2027-06-22,2027-03-22,pooled,84,C_20270622_75.00,EuropeanCall,75.0,2027-06-22
calls_puts,elastic_net,parsimony,8,139,-0.0,False,5,2027-06-22,2027-03-22,pooled,85,P_20270622_75.00,EuropeanPut,75.0,2027-06-22
calls_puts,elastic_net,parsimony,8,140,0.0,False,5,2027-06-22,2027-03-22,pooled,86,C_20270622_80.00,EuropeanCall,80.0,2027-06-22
calls_puts,elastic_net,parsimony,8,141,-0.0,False,5,2027-06-22,2027-03-22,pooled,87,P_20270622_80.00,EuropeanPut,80.0,2027-06-22
calls_puts,elastic_net,parsimony,8,142,0.0,False,5,2027-06-22,2027-03-22,pooled,88,C_20270622_85.00,EuropeanCall,85.0,2027-06-22
calls_puts,elastic_net,parsimony,8,143,-0.0,False,5,2027-06-22,2027-03-22,pooled,89,P_20270622_85.00,EuropeanPut,85.0,2027-06-22
calls_puts,elastic_net,parsimony,8,144,0.0,False,5,2027-06-22,2027-03-22,pooled,90,C_20270622_90.00,EuropeanCall,90.0,2027-06-22
calls_puts,elastic_net,parsimony,8,145,-0.0,False,5,2027-06-22,2027-03-22,pooled,91,P_20270622_90.00,EuropeanPut,90.0,2027-06-22
calls_puts,elastic_net,parsimony,8,146,0.0,False,5,2027-06-22,2027-03-22,pooled,92,C_20270622_95.00,EuropeanCall,95.0,2027-06-22
calls_puts,elastic_net,parsimony,8,147,-0.0,False,5,2027-06-22,2027-03-22,pooled,93,P_20270622_95.00,EuropeanPut,95.0,2027-06-22
calls_puts,elastic_net,parsimony,8,148,0.0,False,5,2027-06-22,2027-03-22,pooled,94,C_20270622_100.00,EuropeanCall,100.0,2027-06-22
calls_puts,elastic_net,parsimony,8,149,-0.0,False,5,2027-06-22,2027-03-22,pooled,95,P_20270622_100.00,EuropeanPut,100.0,2027-06-22
calls_puts,elastic_net,parsimony,8,150,0.0,False,5,2027-06-22,2027-03-22,pooled,96,C_20270622_105.00,EuropeanCall,105.0,2027-06-22
calls_puts,elastic_net,parsimony,8,151,-0.0,False,5,2027-06-22,2027-03-22,pooled,97,P_20270622_105.00,EuropeanPut,105.0,2027-06-22
calls_puts,elastic_net,parsimony,8,152,0.0,False,5,2027-06-22,2027-03-22,pooled,98,C_20270622_110.00,EuropeanCall,110.0,2027-06-22
calls_puts,elastic_net,parsimony,8,153,-0.0,False,5,2027-06-22,2027-03-22,pooled,99,P_20270622_110.00,EuropeanPut,110.0,2027-06-22
calls_puts,elastic_net,parsimony,8,154,0.0,False,5,2027-06-22,2027-03-22,pooled,100,C_20270622_115.00,EuropeanCall,115.0,2027-06-22
calls_puts,elastic_net,parsimony,8,155,-0.0,False,5,2027-06-22,2027-03-22,pooled,101,P_20270622_115.00,EuropeanPut,115.0,2027-06-22
calls_puts,elastic_net,parsimony,8,156,0.0,False,5,2027-06-22,2027-03-22,pooled,102,C_20270622_120.00,EuropeanCall,120.0,2027-06-22
calls_puts,elastic_net,parsimony,8,157,-0.0,False,5,2027-06-22,2027-03-22,pooled,103,P_20270622_120.00,EuropeanPut,120.0,2027-06-22
calls_puts,elastic_net,parsimony,8,158,0.0,False,5,2027-06-22,2027-03-22,pooled,104,C_20270622_125.00,EuropeanCall,125.0,2027-06-22
calls_puts,elastic_net,parsimony,8,159,-0.0,False,5,2027-06-22,2027-03-22,pooled,105,P_20270622_125.00,EuropeanPut,125.0,2027-06-22
calls_puts,elastic_net,parsimony,8,160,0.0,False,5,2027-06-22,2027-03-22,pooled,106,C_20270622_130.00,EuropeanCall,130.0,2027-06-22
calls_puts,elastic_net,parsimony,8,161,-0.0,False,5,2027-06-22,2027-03-22,pooled,107,P_20270622_130.00,EuropeanPut,130.0,2027-06-22
calls_puts,elastic_net,parsimony,8,162,0.003781145781088627,True,6,2027-06-22,2027-03-22,barrier_clear,81,CASH_20270622,Cash,0.0,2027-06-22
calls_puts,elastic_net,parsimony,8,163,0.0,False,6,2027-06-22,2027-03-22,barrier_clear,82,C_20270622_70.00,EuropeanCall,70.0,2027-06-22
calls_puts,elastic_net,parsimony,8,164,-0.30614833824833304,True,6,2027-06-22,2027-03-22,barrier_clear,83,P_20270622_70.00,EuropeanPut,70.0,2027-06-22
calls_puts,elastic_net,parsimony,8,165,0.0,False,6,2027-06-22,2027-03-22,barrier_clear,84,C_20270622_75.00,EuropeanCall,75.0,2027-06-22
calls_puts,elastic_net,parsimony,8,166,-2.18491863603613,True,6,2027-06-22,2027-03-22,barrier_clear,85,P_20270622_75.00,EuropeanPut,75.0,2027-06-22
calls_puts,elastic_net,parsimony,8,167,0.0,False,6,2027-06-22,2027-03-22,barrier_clear,86,C_20270622_80.00,EuropeanCall,80.0,2027-06-22
calls_puts,elastic_net,parsimony,8,168,-0.7875825986322925,True,6,2027-06-22,2027-03-22,barrier_clear,87,P_20270622_80.00,EuropeanPut,80.0,2027-06-22
calls_puts,elastic_net,parsimony,8,169,0.0,False,6,2027-06-22,2027-03-22,barrier_clear,88,C_20270622_85.00,EuropeanCall,85.0,2027-06-22
calls_puts,elastic_net,parsimony,8,170,-0.2156979318121045,True,6,2027-06-22,2027-03-22,barrier_clear,89,P_20270622_85.00,EuropeanPut,85.0,2027-06-22
calls_puts,elastic_net,parsimony,8,171,0.0,False,6,2027-06-22,2027-03-22,barrier_clear,90,C_20270622_90.00,EuropeanCall,90.0,2027-06-22
calls_puts,elastic_net,parsimony,8,172,-0.0466491950138395,True,6,2027-06-22,2027-03-22,barrier_clear,91,P_20270622_90.00,EuropeanPut,90.0,2027-06-22
calls_puts,elastic_net,parsimony,8,173,0.0,False,6,2027-06-22,2027-03-22,barrier_clear,92,C_20270622_95.00,EuropeanCall,95.0,2027-06-22
calls_puts,elastic_net,parsimony,8,174,-0.0,False,6,2027-06-22,2027-03-22,barrier_clear,93,P_20270622_95.00,EuropeanPut,95.0,2027-06-22
calls_puts,elastic_net,parsimony,8,175,0.0,False,6,2027-06-22,2027-03-22,barrier_clear,94,C_20270622_100.00,EuropeanCall,100.0,2027-06-22
calls_puts,elastic_net,parsimony,8,176,-0.0,False,6,2027-06-22,2027-03-22,barrier_clear,95,P_20270622_100.00,EuropeanPut,100.0,2027-06-22
calls_puts,elastic_net,parsimony,8,177,0.0,False,6,2027-06-22,2027-03-22,barrier_clear,96,C_20270622_105.00,EuropeanCall,105.0,2027-06-22
calls_puts,elastic_net,parsimony,8,178,-0.0,False,6,2027-06-22,2027-03-22,barrier_clear,97,P_20270622_105.00,EuropeanPut,105.0,2027-06-22
calls_puts,elastic_net,parsimony,8,179,0.0,False,6,2027-06-22,2027-03-22,barrier_clear,98,C_20270622_110.00,EuropeanCall,110.0,2027-06-22
calls_puts,elastic_net,parsimony,8,180,-0.0,False,6,2027-06-22,2027-03-22,barrier_clear,99,P_20270622_110.00,EuropeanPut,110.0,2027-06-22
calls_puts,elastic_net,parsimony,8,181,0.0,False,6,2027-06-22,2027-03-22,barrier_clear,100,C_20270622_115.00,EuropeanCall,115.0,2027-06-22
calls_puts,elastic_net,parsimony,8,182,-0.0,False,6,2027-06-22,2027-03-22,barrier_clear,101,P_20270622_115.00,EuropeanPut,115.0,2027-06-22
calls_puts,elastic_net,parsimony,8,183,0.0,False,6,2027-06-22,2027-03-22,barrier_clear,102,C_20270622_120.00,EuropeanCall,120.0,2027-06-22
calls_puts,elastic_net,parsimony,8,184,-0.0,False,6,2027-06-22,2027-03-22,barrier_clear,103,P_20270622_120.00,EuropeanPut,120.0,2027-06-22
calls_puts,elastic_net,parsimony,8,185,0.0,False,6,2027-06-22,2027-03-22,barrier_clear,104,C_20270622_125.00,EuropeanCall,125.0,2027-06-22
calls_puts,elastic_net,parsimony,8,186,-0.0,False,6,2027-06-22,2027-03-22,barrier_clear,105,P_20270622_125.00,EuropeanPut,125.0,2027-06-22
calls_puts,elastic_net,parsimony,8,187,0.0,False,6,2027-06-22,2027-03-22,barrier_clear,106,C_20270622_130.00,EuropeanCall,130.0,2027-06-22
calls_puts,elastic_net,parsimony,8,188,-0.0,False,6,2027-06-22,2027-03-22,barrier_clear,107,P_20270622_130.00,EuropeanPut,130.0,2027-06-22
full,l0,parsimony,1,0,1.020026711991335,True,0,2026-09-22,,initial,0,CASH_20260922,Cash,0.0,2026-09-22
full,l0,parsimony,1,1,0.0,False,0,2026-09-22,,initial,1,C_20260922_70.00,EuropeanCall,70.0,2026-09-22
full,l0,parsimony,1,2,0.0,False,0,2026-09-22,,initial,2,P_20260922_70.00,EuropeanPut,70.0,2026-09-22
full,l0,parsimony,1,3,0.0,False,0,2026-09-22,,initial,3,BC_20260922_70.00,BinaryCall,70.0,2026-09-22
full,l0,parsimony,1,4,0.0,False,0,2026-09-22,,initial,4,BP_20260922_70.00,BinaryPut,70.0,2026-09-22
full,l0,parsimony,1,5,0.0,False,0,2026-09-22,,initial,5,C_20260922_75.00,EuropeanCall,75.0,2026-09-22
full,l0,parsimony,1,6,0.0,False,0,2026-09-22,,initial,6,P_20260922_75.00,EuropeanPut,75.0,2026-09-22
full,l0,parsimony,1,7,0.0,False,0,2026-09-22,,initial,7,BC_20260922_75.00,BinaryCall,75.0,2026-09-22
full,l0,parsimony,1,8,0.0,False,0,2026-09-22,,initial,8,BP_20260922_75.00,BinaryPut,75.0,2026-09-22
full,l0,parsimony,1,9,0.0,False,0,2026-09-22,,initial,9,C_20260922_80.00,EuropeanCall,80.0,2026-09-22
full,l0,parsimony,1,10,0.0,False,0,2026-09-22,,initial,10,P_20260922_80.00,EuropeanPut,80.0,2026-09-22
full,l0,parsimony,1,11,0.0,False,0,2026-09-22,,initial,11,BC_20260922_80.00,BinaryCall,80.0,2026-09-22
full,l0,parsimony,1,12,0.0,False,0,2026-09-22,,initial,12,BP_20260922_80.00,BinaryPut,80.0,2026-09-22
full,l0,parsimony,1,13,0.0,False,0,2026-09-22,,initial,13,C_20260922_85.00,EuropeanCall,85.0,2026-09-22
full,l0,parsimony,1,14,0.0,False,0,2026-09-22,,initial,14,P_20260922_85.00,EuropeanPut,85.0,2026-09-22
full,l0,parsimony,1,15,0.0,False,0,2026-09-22,,initial,15,BC_20260922_85.00,BinaryCall,85.0,2026-09-22
full,l0,parsimony,1,16,0.0,False,0,2026-09-22,,initial,16,BP_20260922_85.00,BinaryPut,85.0,2026-09-22
full,l0,parsimony,1,17,0.0,False,0,2026-09-22,,initial,17,C_20260922_90.00,EuropeanCall,90.0,2026-09-22
full,l0,parsimony,1,18,0.0,False,0,2026-09-22,,initial,18,P_20260922_90.00,EuropeanPut,90.0,2026-09-22
full,l0,parsimony,1,19,0.0,False,0,2026-09-22,,initial,19,BC_20260922_90.00,BinaryCall,90.0,2026-09-22
full,l0,parsimony,1,20,0.0,False,0,2026-09-22,,initial,20,BP_20260922_90.00,BinaryPut,90.0,2026-09-22
full,l0,parsimony,1,21,0.0,False,0,2026-09-22,,initial,21,C_20260922_95.00,EuropeanCall,95.0,2026-09-22
full,l0,parsimony,1,22,0.0,False,0,2026-09-22,,initial,22,P_20260922_95.00,EuropeanPut,95.0,2026-09-22
full,l0,parsimony,1,23,0.0,False,0,2026-09-22,,initial,23,BC_20260922_95.00,BinaryCall,95.0,2026-09-22
full,l0,parsimony,1,24,0.0,False,0,2026-09-22,,initial,24,BP_20260922_95.00,BinaryPut,95.0,2026-09-22
full,l0,parsimony,1,25,0.0,False,0,2026-09-22,,initial,25,C_20260922_100.00,EuropeanCall,100.0,2026-09-22
full,l0,parsimony,1,26,0.0,False,0,2026-09-22,,initial,26,P_20260922_100.00,EuropeanPut,100.0,2026-09-22
full,l0,parsimony,1,27,0.0,False,0,2026-09-22,,initial,27,BC_20260922_100.00,BinaryCall,100.0,2026-09-22
full,l0,parsimony,1,28,0.0,False,0,2026-09-22,,initial,28,BP_20260922_100.00,BinaryPut,100.0,2026-09-22
full,l0,parsimony,1,29,0.0,False,0,2026-09-22,,initial,29,C_20260922_105.00,EuropeanCall,105.0,2026-09-22
full,l0,parsimony,1,30,0.0,False,0,2026-09-22,,initial,30,P_20260922_105.00,EuropeanPut,105.0,2026-09-22
full,l0,parsimony,1,31,0.0,False,0,2026-09-22,,initial,31,BC_20260922_105.00,BinaryCall,105.0,2026-09-22
full,l0,parsimony,1,32,0.0,False,0,2026-09-22,,initial,32,BP_20260922_105.00,BinaryPut,105.0,2026-09-22
full,l0,parsimony,1,33,0.0,False,0,2026-09-22,,initial,33,C_20260922_110.00,EuropeanCall,110.0,2026-09-22
full,l0,parsimony,1,34,0.0,False,0,2026-09-22,,initial,34,P_20260922_110.00,EuropeanPut,110.0,2026-09-22
full,l0,parsimony,1,35,0.0,False,0,2026-09-22,,initial,35,BC_20260922_110.00,BinaryCall,110.0,2026-09-22
full,l0,parsimony,1,36,0.0,False,0,2026-09-22,,initial,36,BP_20260922_110.00,BinaryPut,110.0,2026-09-22
full,l0,parsimony,1,37,0.0,False,0,2026-09-22,,initial,37,C_20260922_115.00,EuropeanCall,115.0,2026-09-22
full,l0,parsimony,1,38,0.0,False,0,2026-09-22,,initial,38,P_20260922_115.00,EuropeanPut,115.0,2026-09-22
full,l0,parsimony,1,39,0.0,False,0,2026-09-22,,initial,39,BC_20260922_115.00,BinaryCall,115.0,2026-09-22
full,l0,parsimony,1,40,0.0,False,0,2026-09-22,,initial,40,BP_20260922_115.00,BinaryPut,115.0,2026-09-22
full,l0,parsimony,1,41,0.0,False,0,2026-09-22,,initial,41,C_20260922_120.00,EuropeanCall,120.0,2026-09-22
full,l0,parsimony,1,42,0.0,False,0,2026-09-22,,initial,42,P_20260922_120.00,EuropeanPut,120.0,2026-09-22
full,l0,parsimony,1,43,0.0,False,0,2026-09-22,,initial,43,BC_20260922_120.00,BinaryCall,120.0,2026-09-22
full,l0,parsimony,1,44,0.0,False,0,2026-09-22,,initial,44,BP_20260922_120.00,BinaryPut,120.0,2026-09-22
full,l0,parsimony,1,45,0.0,False,0,2026-09-22,,initial,45,C_20260922_125.00,EuropeanCall,125.0,2026-09-22
full,l0,parsimony,1,46,0.0,False,0,2026-09-22,,initial,46,P_20260922_125.00,EuropeanPut,125.0,2026-09-22
full,l0,parsimony,1,47,0.0,False,0,2026-09-22,,initial,47,BC_20260922_125.00,BinaryCall,125.0,2026-09-22
full,l0,parsimony,1,48,0.0,False,0,2026-09-22,,initial,48,BP_20260922_125.00,BinaryPut,125.0,2026-09-22
full,l0,parsimony,1,49,0.0,False,0,2026-09-22,,initial,49,C_20260922_130.00,EuropeanCall,130.0,2026-09-22
full,l0,parsimony,1,50,0.0,False,0,2026-09-22,,initial,50,P_20260922_130.00,EuropeanPut,130.0,2026-09-22
full,l0,parsimony,1,51,0.0,False,0,2026-09-22,,initial,51,BC_20260922_130.00,BinaryCall,130.0,2026-09-22
full,l0,parsimony,1,52,0.0,False,0,2026-09-22,,initial,52,BP_20260922_130.00,BinaryPut,130.0,2026-09-22
full,l0,parsimony,1,53,-1.9984014443252818e-14,False,1,2026-12-22,2026-09-22,pooled,53,CASH_20261222,Cash,0.0,2026-12-22
full,l0,parsimony,1,54,0.0,False,1,2026-12-22,2026-09-22,pooled,54,C_20261222_70.00,EuropeanCall,70.0,2026-12-22
full,l0,parsimony,1,55,0.0,False,1,2026-12-22,2026-09-22,pooled,55,P_20261222_70.00,EuropeanPut,70.0,2026-12-22
full,l0,parsimony,1,56,0.0,False,1,2026-12-22,2026-09-22,pooled,56,BC_20261222_70.00,BinaryCall,70.0,2026-12-22
full,l0,parsimony,1,57,0.0,False,1,2026-12-22,2026-09-22,pooled,57,BP_20261222_70.00,BinaryPut,70.0,2026-12-22
full,l0,parsimony,1,58,0.0,False,1,2026-12-22,2026-09-22,pooled,58,C_20261222_75.00,EuropeanCall,75.0,2026-12-22
full,l0,parsimony,1,59,0.0,False,1,2026-12-22,2026-09-22,pooled,59,P_20261222_75.00,EuropeanPut,75.0,2026-12-22
full,l0,parsimony,1,60,0.0,False,1,2026-12-22,2026-09-22,pooled,60,BC_20261222_75.00,BinaryCall,75.0,2026-12-22
full,l0,parsimony,1,61,0.0,False,1,2026-12-22,2026-09-22,pooled,61,BP_20261222_75.00,BinaryPut,75.0,2026-12-22
full,l0,parsimony,1,62,0.0,False,1,2026-12-22,2026-09-22,pooled,62,C_20261222_80.00,EuropeanCall,80.0,2026-12-22
full,l0,parsimony,1,63,0.0,False,1,2026-12-22,2026-09-22,pooled,63,P_20261222_80.00,EuropeanPut,80.0,2026-12-22
full,l0,parsimony,1,64,0.0,False,1,2026-12-22,2026-09-22,pooled,64,BC_20261222_80.00,BinaryCall,80.0,2026-12-22
full,l0,parsimony,1,65,0.0,False,1,2026-12-22,2026-09-22,pooled,65,BP_20261222_80.00,BinaryPut,80.0,2026-12-22
full,l0,parsimony,1,66,0.0,False,1,2026-12-22,2026-09-22,pooled,66,C_20261222_85.00,EuropeanCall,85.0,2026-12-22
full,l0,parsimony,1,67,0.0,False,1,2026-12-22,2026-09-22,pooled,67,P_20261222_85.00,EuropeanPut,85.0,2026-12-22
full,l0,parsimony,1,68,0.0,False,1,2026-12-22,2026-09-22,pooled,68,BC_20261222_85.00,BinaryCall,85.0,2026-12-22
full,l0,parsimony,1,69,0.0,False,1,2026-12-22,2026-09-22,pooled,69,BP_20261222_85.00,BinaryPut,85.0,2026-12-22
full,l0,parsimony,1,70,0.0,False,1,2026-12-22,2026-09-22,pooled,70,C_20261222_90.00,EuropeanCall,90.0,2026-12-22
full,l0,parsimony,1,71,0.0,False,1,2026-12-22,2026-09-22,pooled,71,P_20261222_90.00,EuropeanPut,90.0,2026-12-22
full,l0,parsimony,1,72,0.0,False,1,2026-12-22,2026-09-22,pooled,72,BC_20261222_90.00,BinaryCall,90.0,2026-12-22
full,l0,parsimony,1,73,0.0,False,1,2026-12-22,2026-09-22,pooled,73,BP_20261222_90.00,BinaryPut,90.0,2026-12-22
full,l0,parsimony,1,74,0.0,False,1,2026-12-22,2026-09-22,pooled,74,C_20261222_95.00,EuropeanCall,95.0,2026-12-22
full,l0,parsimony,1,75,0.0,False,1,2026-12-22,2026-09-22,pooled,75,P_20261222_95.00,EuropeanPut,95.0,2026-12-22
full,l0,parsimony,1,76,0.0,False,1,2026-12-22,2026-09-22,pooled,76,BC_20261222_95.00,BinaryCall,95.0,2026-12-22
full,l0,parsimony,1,77,0.0,False,1,2026-12-22,2026-09-22,pooled,77,BP_20261222_95.00,BinaryPut,95.0,2026-12-22
full,l0,parsimony,1,78,0.0,False,1,2026-12-22,2026-09-22,pooled,78,C_20261222_100.00,EuropeanCall,100.0,2026-12-22
full,l0,parsimony,1,79,0.0,False,1,2026-12-22,2026-09-22,pooled,79,P_20261222_100.00,EuropeanPut,100.0,2026-12-22
full,l0,parsimony,1,80,0.0,False,1,2026-12-22,2026-09-22,pooled,80,BC_20261222_100.00,BinaryCall,100.0,2026-12-22
full,l0,parsimony,1,81,0.0,False,1,2026-12-22,2026-09-22,pooled,81,BP_20261222_100.00,BinaryPut,100.0,2026-12-22
full,l0,parsimony,1,82,0.0,False,1,2026-12-22,2026-09-22,pooled,82,C_20261222_105.00,EuropeanCall,105.0,2026-12-22
full,l0,parsimony,1,83,0.0,False,1,2026-12-22,2026-09-22,pooled,83,P_20261222_105.00,EuropeanPut,105.0,2026-12-22
full,l0,parsimony,1,84,0.0,False,1,2026-12-22,2026-09-22,pooled,84,BC_20261222_105.00,BinaryCall,105.0,2026-12-22
full,l0,parsimony,1,85,0.0,False,1,2026-12-22,2026-09-22,pooled,85,BP_20261222_105.00,BinaryPut,105.0,2026-12-22
full,l0,parsimony,1,86,0.0,False,1,2026-12-22,2026-09-22,pooled,86,C_20261222_110.00,EuropeanCall,110.0,2026-12-22
full,l0,parsimony,1,87,0.0,False,1,2026-12-22,2026-09-22,pooled,87,P_20261222_110.00,EuropeanPut,110.0,2026-12-22
full,l0,parsimony,1,88,0.0,False,1,2026-12-22,2026-09-22,pooled,88,BC_20261222_110.00,BinaryCall,110.0,2026-12-22
full,l0,parsimony,1,89,0.0,False,1,2026-12-22,2026-09-22,pooled,89,BP_20261222_110.00,BinaryPut,110.0,2026-12-22
full,l0,parsimony,1,90,0.0,False,1,2026-12-22,2026-09-22,pooled,90,C_20261222_115.00,EuropeanCall,115.0,2026-12-22
full,l0,parsimony,1,91,0.0,False,1,2026-12-22,2026-09-22,pooled,91,P_20261222_115.00,EuropeanPut,115.0,2026-12-22
full,l0,parsimony,1,92,0.0,False,1,2026-12-22,2026-09-22,pooled,92,BC_20261222_115.00,BinaryCall,115.0,2026-12-22
full,l0,parsimony,1,93,0.0,False,1,2026-12-22,2026-09-22,pooled,93,BP_20261222_115.00,BinaryPut,115.0,2026-12-22
full,l0,parsimony,1,94,0.0,False,1,2026-12-22,2026-09-22,pooled,94,C_20261222_120.00,EuropeanCall,120.0,2026-12-22
full,l0,parsimony,1,95,0.0,False,1,2026-12-22,2026-09-22,pooled,95,P_20261222_120.00,EuropeanPut,120.0,2026-12-22
full,l0,parsimony,1,96,0.0,False,1,2026-12-22,2026-09-22,pooled,96,BC_20261222_120.00,BinaryCall,120.0,2026-12-22
full,l0,parsimony,1,97,0.0,False,1,2026-12-22,2026-09-22,pooled,97,BP_20261222_120.00,BinaryPut,120.0,2026-12-22
full,l0,parsimony,1,98,0.0,False,1,2026-12-22,2026-09-22,pooled,98,C_20261222_125.00,EuropeanCall,125.0,2026-12-22
full,l0,parsimony,1,99,0.0,False,1,2026-12-22,2026-09-22,pooled,99,P_20261222_125.00,EuropeanPut,125.0,2026-12-22
full,l0,parsimony,1,100,0.0,False,1,2026-12-22,2026-09-22,pooled,100,BC_20261222_125.00,BinaryCall,125.0,2026-12-22
full,l0,parsimony,1,101,0.0,False,1,2026-12-22,2026-09-22,pooled,101,BP_20261222_125.00,BinaryPut,125.0,2026-12-22
full,l0,parsimony,1,102,0.0,False,1,2026-12-22,2026-09-22,pooled,102,C_20261222_130.00,EuropeanCall,130.0,2026-12-22
full,l0,parsimony,1,103,0.0,False,1,2026-12-22,2026-09-22,pooled,103,P_20261222_130.00,EuropeanPut,130.0,2026-12-22
full,l0,parsimony,1,104,0.0,False,1,2026-12-22,2026-09-22,pooled,104,BC_20261222_130.00,BinaryCall,130.0,2026-12-22
full,l0,parsimony,1,105,0.0,False,1,2026-12-22,2026-09-22,pooled,105,BP_20261222_130.00,BinaryPut,130.0,2026-12-22
full,l0,parsimony,1,106,0.012040554106700225,True,2,2026-12-22,2026-09-22,barrier_clear,53,CASH_20261222,Cash,0.0,2026-12-22
full,l0,parsimony,1,107,0.0,False,2,2026-12-22,2026-09-22,barrier_clear,54,C_20261222_70.00,EuropeanCall,70.0,2026-12-22
full,l0,parsimony,1,108,0.0,False,2,2026-12-22,2026-09-22,barrier_clear,55,P_20261222_70.00,EuropeanPut,70.0,2026-12-22
full,l0,parsimony,1,109,0.0,False,2,2026-12-22,2026-09-22,barrier_clear,56,BC_20261222_70.00,BinaryCall,70.0,2026-12-22
full,l0,parsimony,1,110,0.0,False,2,2026-12-22,2026-09-22,barrier_clear,57,BP_20261222_70.00,BinaryPut,70.0,2026-12-22
full,l0,parsimony,1,111,0.0,False,2,2026-12-22,2026-09-22,barrier_clear,58,C_20261222_75.00,EuropeanCall,75.0,2026-12-22
full,l0,parsimony,1,112,0.0,False,2,2026-12-22,2026-09-22,barrier_clear,59,P_20261222_75.00,EuropeanPut,75.0,2026-12-22
full,l0,parsimony,1,113,0.0,False,2,2026-12-22,2026-09-22,barrier_clear,60,BC_20261222_75.00,BinaryCall,75.0,2026-12-22
full,l0,parsimony,1,114,0.0,False,2,2026-12-22,2026-09-22,barrier_clear,61,BP_20261222_75.00,BinaryPut,75.0,2026-12-22
full,l0,parsimony,1,115,0.0,False,2,2026-12-22,2026-09-22,barrier_clear,62,C_20261222_80.00,EuropeanCall,80.0,2026-12-22
full,l0,parsimony,1,116,0.0,False,2,2026-12-22,2026-09-22,barrier_clear,63,P_20261222_80.00,EuropeanPut,80.0,2026-12-22
full,l0,parsimony,1,117,0.0,False,2,2026-12-22,2026-09-22,barrier_clear,64,BC_20261222_80.00,BinaryCall,80.0,2026-12-22
full,l0,parsimony,1,118,0.0,False,2,2026-12-22,2026-09-22,barrier_clear,65,BP_20261222_80.00,BinaryPut,80.0,2026-12-22
full,l0,parsimony,1,119,0.0,False,2,2026-12-22,2026-09-22,barrier_clear,66,C_20261222_85.00,EuropeanCall,85.0,2026-12-22
full,l0,parsimony,1,120,0.0,False,2,2026-12-22,2026-09-22,barrier_clear,67,P_20261222_85.00,EuropeanPut,85.0,2026-12-22
full,l0,parsimony,1,121,0.0,False,2,2026-12-22,2026-09-22,barrier_clear,68,BC_20261222_85.00,BinaryCall,85.0,2026-12-22
full,l0,parsimony,1,122,0.0,False,2,2026-12-22,2026-09-22,barrier_clear,69,BP_20261222_85.00,BinaryPut,85.0,2026-12-22
full,l0,parsimony,1,123,0.0,False,2,2026-12-22,2026-09-22,barrier_clear,70,C_20261222_90.00,EuropeanCall,90.0,2026-12-22
full,l0,parsimony,1,124,0.0,False,2,2026-12-22,2026-09-22,barrier_clear,71,P_20261222_90.00,EuropeanPut,90.0,2026-12-22
full,l0,parsimony,1,125,0.0,False,2,2026-12-22,2026-09-22,barrier_clear,72,BC_20261222_90.00,BinaryCall,90.0,2026-12-22
full,l0,parsimony,1,126,0.0,False,2,2026-12-22,2026-09-22,barrier_clear,73,BP_20261222_90.00,BinaryPut,90.0,2026-12-22
full,l0,parsimony,1,127,0.0,False,2,2026-12-22,2026-09-22,barrier_clear,74,C_20261222_95.00,EuropeanCall,95.0,2026-12-22
full,l0,parsimony,1,128,0.0,False,2,2026-12-22,2026-09-22,barrier_clear,75,P_20261222_95.00,EuropeanPut,95.0,2026-12-22
full,l0,parsimony,1,129,0.0,False,2,2026-12-22,2026-09-22,barrier_clear,76,BC_20261222_95.00,BinaryCall,95.0,2026-12-22
full,l0,parsimony,1,130,0.0,False,2,2026-12-22,2026-09-22,barrier_clear,77,BP_20261222_95.00,BinaryPut,95.0,2026-12-22
full,l0,parsimony,1,131,0.0,False,2,2026-12-22,2026-09-22,barrier_clear,78,C_20261222_100.00,EuropeanCall,100.0,2026-12-22
full,l0,parsimony,1,132,0.0,False,2,2026-12-22,2026-09-22,barrier_clear,79,P_20261222_100.00,EuropeanPut,100.0,2026-12-22
full,l0,parsimony,1,133,0.0,False,2,2026-12-22,2026-09-22,barrier_clear,80,BC_20261222_100.00,BinaryCall,100.0,2026-12-22
full,l0,parsimony,1,134,0.0,False,2,2026-12-22,2026-09-22,barrier_clear,81,BP_20261222_100.00,BinaryPut,100.0,2026-12-22
full,l0,parsimony,1,135,0.0,False,2,2026-12-22,2026-09-22,barrier_clear,82,C_20261222_105.00,EuropeanCall,105.0,2026-12-22
full,l0,parsimony,1,136,0.0,False,2,2026-12-22,2026-09-22,barrier_clear,83,P_20261222_105.00,EuropeanPut,105.0,2026-12-22
full,l0,parsimony,1,137,0.0,False,2,2026-12-22,2026-09-22,barrier_clear,84,BC_20261222_105.00,BinaryCall,105.0,2026-12-22
full,l0,parsimony,1,138,0.0,False,2,2026-12-22,2026-09-22,barrier_clear,85,BP_20261222_105.00,BinaryPut,105.0,2026-12-22
full,l0,parsimony,1,139,0.0,False,2,2026-12-22,2026-09-22,barrier_clear,86,C_20261222_110.00,EuropeanCall,110.0,2026-12-22
full,l0,parsimony,1,140,0.0,False,2,2026-12-22,2026-09-22,barrier_clear,87,P_20261222_110.00,EuropeanPut,110.0,2026-12-22
full,l0,parsimony,1,141,0.0,False,2,2026-12-22,2026-09-22,barrier_clear,88,BC_20261222_110.00,BinaryCall,110.0,2026-12-22
full,l0,parsimony,1,142,0.0,False,2,2026-12-22,2026-09-22,barrier_clear,89,BP_20261222_110.00,BinaryPut,110.0,2026-12-22
full,l0,parsimony,1,143,0.0,False,2,2026-12-22,2026-09-22,barrier_clear,90,C_20261222_115.00,EuropeanCall,115.0,2026-12-22
full,l0,parsimony,1,144,0.0,False,2,2026-12-22,2026-09-22,barrier_clear,91,P_20261222_115.00,EuropeanPut,115.0,2026-12-22
full,l0,parsimony,1,145,0.0,False,2,2026-12-22,2026-09-22,barrier_clear,92,BC_20261222_115.00,BinaryCall,115.0,2026-12-22
full,l0,parsimony,1,146,0.0,False,2,2026-12-22,2026-09-22,barrier_clear,93,BP_20261222_115.00,BinaryPut,115.0,2026-12-22
full,l0,parsimony,1,147,0.0,False,2,2026-12-22,2026-09-22,barrier_clear,94,C_20261222_120.00,EuropeanCall,120.0,2026-12-22
full,l0,parsimony,1,148,0.0,False,2,2026-12-22,2026-09-22,barrier_clear,95,P_20261222_120.00,EuropeanPut,120.0,2026-12-22
full,l0,parsimony,1,149,0.0,False,2,2026-12-22,2026-09-22,barrier_clear,96,BC_20261222_120.00,BinaryCall,120.0,2026-12-22
full,l0,parsimony,1,150,0.0,False,2,2026-12-22,2026-09-22,barrier_clear,97,BP_20261222_120.00,BinaryPut,120.0,2026-12-22
full,l0,parsimony,1,151,0.0,False,2,2026-12-22,2026-09-22,barrier_clear,98,C_20261222_125.00,EuropeanCall,125.0,2026-12-22
full,l0,parsimony,1,152,0.0,False,2,2026-12-22,2026-09-22,barrier_clear,99,P_20261222_125.00,EuropeanPut,125.0,2026-12-22
full,l0,parsimony,1,153,0.0,False,2,2026-12-22,2026-09-22,barrier_clear,100,BC_20261222_125.00,BinaryCall,125.0,2026-12-22
full,l0,parsimony,1,154,0.0,False,2,2026-12-22,2026-09-22,barrier_clear,101,BP_20261222_125.00,BinaryPut,125.0,2026-12-22
full,l0,parsimony,1,155,0.0,False,2,2026-12-22,2026-09-22,barrier_clear,102,C_20261222_130.00,EuropeanCall,130.0,2026-12-22
full,l0,parsimony,1,156,0.0,False,2,2026-12-22,2026-09-22,barrier_clear,103,P_20261222_130.00,EuropeanPut,130.0,2026-12-22
full,l0,parsimony,1,157,0.0,False,2,2026-12-22,2026-09-22,barrier_clear,104,BC_20261222_130.00,BinaryCall,130.0,2026-12-22
full,l0,parsimony,1,158,0.0,False,2,2026-12-22,2026-09-22,barrier_clear,105,BP_20261222_130.00,BinaryPut,130.0,2026-12-22
full,l0,parsimony,1,159,0.025352257922521857,True,3,2027-03-22,2026-12-22,pooled,106,CASH_20270322,Cash,0.0,2027-03-22
full,l0,parsimony,1,160,0.0,False,3,2027-03-22,2026-12-22,pooled,107,C_20270322_70.00,EuropeanCall,70.0,2027-03-22
full,l0,parsimony,1,161,0.0,False,3,2027-03-22,2026-12-22,pooled,108,P_20270322_70.00,EuropeanPut,70.0,2027-03-22
full,l0,parsimony,1,162,0.0,False,3,2027-03-22,2026-12-22,pooled,109,BC_20270322_70.00,BinaryCall,70.0,2027-03-22
full,l0,parsimony,1,163,0.0,False,3,2027-03-22,2026-12-22,pooled,110,BP_20270322_70.00,BinaryPut,70.0,2027-03-22
full,l0,parsimony,1,164,0.0,False,3,2027-03-22,2026-12-22,pooled,111,C_20270322_75.00,EuropeanCall,75.0,2027-03-22
full,l0,parsimony,1,165,0.0,False,3,2027-03-22,2026-12-22,pooled,112,P_20270322_75.00,EuropeanPut,75.0,2027-03-22
full,l0,parsimony,1,166,0.0,False,3,2027-03-22,2026-12-22,pooled,113,BC_20270322_75.00,BinaryCall,75.0,2027-03-22
full,l0,parsimony,1,167,0.0,False,3,2027-03-22,2026-12-22,pooled,114,BP_20270322_75.00,BinaryPut,75.0,2027-03-22
full,l0,parsimony,1,168,0.0,False,3,2027-03-22,2026-12-22,pooled,115,C_20270322_80.00,EuropeanCall,80.0,2027-03-22
full,l0,parsimony,1,169,0.0,False,3,2027-03-22,2026-12-22,pooled,116,P_20270322_80.00,EuropeanPut,80.0,2027-03-22
full,l0,parsimony,1,170,0.0,False,3,2027-03-22,2026-12-22,pooled,117,BC_20270322_80.00,BinaryCall,80.0,2027-03-22
full,l0,parsimony,1,171,0.0,False,3,2027-03-22,2026-12-22,pooled,118,BP_20270322_80.00,BinaryPut,80.0,2027-03-22
full,l0,parsimony,1,172,0.0,False,3,2027-03-22,2026-12-22,pooled,119,C_20270322_85.00,EuropeanCall,85.0,2027-03-22
full,l0,parsimony,1,173,0.0,False,3,2027-03-22,2026-12-22,pooled,120,P_20270322_85.00,EuropeanPut,85.0,2027-03-22
full,l0,parsimony,1,174,0.0,False,3,2027-03-22,2026-12-22,pooled,121,BC_20270322_85.00,BinaryCall,85.0,2027-03-22
full,l0,parsimony,1,175,0.0,False,3,2027-03-22,2026-12-22,pooled,122,BP_20270322_85.00,BinaryPut,85.0,2027-03-22
full,l0,parsimony,1,176,0.0,False,3,2027-03-22,2026-12-22,pooled,123,C_20270322_90.00,EuropeanCall,90.0,2027-03-22
full,l0,parsimony,1,177,0.0,False,3,2027-03-22,2026-12-22,pooled,124,P_20270322_90.00,EuropeanPut,90.0,2027-03-22
full,l0,parsimony,1,178,0.0,False,3,2027-03-22,2026-12-22,pooled,125,BC_20270322_90.00,BinaryCall,90.0,2027-03-22
full,l0,parsimony,1,179,0.0,False,3,2027-03-22,2026-12-22,pooled,126,BP_20270322_90.00,BinaryPut,90.0,2027-03-22
full,l0,parsimony,1,180,0.0,False,3,2027-03-22,2026-12-22,pooled,127,C_20270322_95.00,EuropeanCall,95.0,2027-03-22
full,l0,parsimony,1,181,0.0,False,3,2027-03-22,2026-12-22,pooled,128,P_20270322_95.00,EuropeanPut,95.0,2027-03-22
full,l0,parsimony,1,182,0.0,False,3,2027-03-22,2026-12-22,pooled,129,BC_20270322_95.00,BinaryCall,95.0,2027-03-22
full,l0,parsimony,1,183,0.0,False,3,2027-03-22,2026-12-22,pooled,130,BP_20270322_95.00,BinaryPut,95.0,2027-03-22
full,l0,parsimony,1,184,0.0,False,3,2027-03-22,2026-12-22,pooled,131,C_20270322_100.00,EuropeanCall,100.0,2027-03-22
full,l0,parsimony,1,185,0.0,False,3,2027-03-22,2026-12-22,pooled,132,P_20270322_100.00,EuropeanPut,100.0,2027-03-22
full,l0,parsimony,1,186,0.0,False,3,2027-03-22,2026-12-22,pooled,133,BC_20270322_100.00,BinaryCall,100.0,2027-03-22
full,l0,parsimony,1,187,0.0,False,3,2027-03-22,2026-12-22,pooled,134,BP_20270322_100.00,BinaryPut,100.0,2027-03-22
full,l0,parsimony,1,188,0.0,False,3,2027-03-22,2026-12-22,pooled,135,C_20270322_105.00,EuropeanCall,105.0,2027-03-22
full,l0,parsimony,1,189,0.0,False,3,2027-03-22,2026-12-22,pooled,136,P_20270322_105.00,EuropeanPut,105.0,2027-03-22
full,l0,parsimony,1,190,0.0,False,3,2027-03-22,2026-12-22,pooled,137,BC_20270322_105.00,BinaryCall,105.0,2027-03-22
full,l0,parsimony,1,191,0.0,False,3,2027-03-22,2026-12-22,pooled,138,BP_20270322_105.00,BinaryPut,105.0,2027-03-22
full,l0,parsimony,1,192,0.0,False,3,2027-03-22,2026-12-22,pooled,139,C_20270322_110.00,EuropeanCall,110.0,2027-03-22
full,l0,parsimony,1,193,0.0,False,3,2027-03-22,2026-12-22,pooled,140,P_20270322_110.00,EuropeanPut,110.0,2027-03-22
full,l0,parsimony,1,194,0.0,False,3,2027-03-22,2026-12-22,pooled,141,BC_20270322_110.00,BinaryCall,110.0,2027-03-22
full,l0,parsimony,1,195,0.0,False,3,2027-03-22,2026-12-22,pooled,142,BP_20270322_110.00,BinaryPut,110.0,2027-03-22
full,l0,parsimony,1,196,0.0,False,3,2027-03-22,2026-12-22,pooled,143,C_20270322_115.00,EuropeanCall,115.0,2027-03-22
full,l0,parsimony,1,197,0.0,False,3,2027-03-22,2026-12-22,pooled,144,P_20270322_115.00,EuropeanPut,115.0,2027-03-22
full,l0,parsimony,1,198,0.0,False,3,2027-03-22,2026-12-22,pooled,145,BC_20270322_115.00,BinaryCall,115.0,2027-03-22
full,l0,parsimony,1,199,0.0,False,3,2027-03-22,2026-12-22,pooled,146,BP_20270322_115.00,BinaryPut,115.0,2027-03-22
full,l0,parsimony,1,200,0.0,False,3,2027-03-22,2026-12-22,pooled,147,C_20270322_120.00,EuropeanCall,120.0,2027-03-22
full,l0,parsimony,1,201,0.0,False,3,2027-03-22,2026-12-22,pooled,148,P_20270322_120.00,EuropeanPut,120.0,2027-03-22
full,l0,parsimony,1,202,0.0,False,3,2027-03-22,2026-12-22,pooled,149,BC_20270322_120.00,BinaryCall,120.0,2027-03-22
full,l0,parsimony,1,203,0.0,False,3,2027-03-22,2026-12-22,pooled,150,BP_20270322_120.00,BinaryPut,120.0,2027-03-22
full,l0,parsimony,1,204,0.0,False,3,2027-03-22,2026-12-22,pooled,151,C_20270322_125.00,EuropeanCall,125.0,2027-03-22
full,l0,parsimony,1,205,0.0,False,3,2027-03-22,2026-12-22,pooled,152,P_20270322_125.00,EuropeanPut,125.0,2027-03-22
full,l0,parsimony,1,206,0.0,False,3,2027-03-22,2026-12-22,pooled,153,BC_20270322_125.00,BinaryCall,125.0,2027-03-22
full,l0,parsimony,1,207,0.0,False,3,2027-03-22,2026-12-22,pooled,154,BP_20270322_125.00,BinaryPut,125.0,2027-03-22
full,l0,parsimony,1,208,0.0,False,3,2027-03-22,2026-12-22,pooled,155,C_20270322_130.00,EuropeanCall,130.0,2027-03-22
full,l0,parsimony,1,209,0.0,False,3,2027-03-22,2026-12-22,pooled,156,P_20270322_130.00,EuropeanPut,130.0,2027-03-22
full,l0,parsimony,1,210,0.0,False,3,2027-03-22,2026-12-22,pooled,157,BC_20270322_130.00,BinaryCall,130.0,2027-03-22
full,l0,parsimony,1,211,0.0,False,3,2027-03-22,2026-12-22,pooled,158,BP_20270322_130.00,BinaryPut,130.0,2027-03-22
full,l0,parsimony,1,212,0.013801816695726872,True,4,2027-03-22,2026-12-22,barrier_clear,106,CASH_20270322,Cash,0.0,2027-03-22
full,l0,parsimony,1,213,0.0,False,4,2027-03-22,2026-12-22,barrier_clear,107,C_20270322_70.00,EuropeanCall,70.0,2027-03-22
full,l0,parsimony,1,214,0.0,False,4,2027-03-22,2026-12-22,barrier_clear,108,P_20270322_70.00,EuropeanPut,70.0,2027-03-22
full,l0,parsimony,1,215,0.0,False,4,2027-03-22,2026-12-22,barrier_clear,109,BC_20270322_70.00,BinaryCall,70.0,2027-03-22
full,l0,parsimony,1,216,0.0,False,4,2027-03-22,2026-12-22,barrier_clear,110,BP_20270322_70.00,BinaryPut,70.0,2027-03-22
full,l0,parsimony,1,217,0.0,False,4,2027-03-22,2026-12-22,barrier_clear,111,C_20270322_75.00,EuropeanCall,75.0,2027-03-22
full,l0,parsimony,1,218,0.0,False,4,2027-03-22,2026-12-22,barrier_clear,112,P_20270322_75.00,EuropeanPut,75.0,2027-03-22
full,l0,parsimony,1,219,0.0,False,4,2027-03-22,2026-12-22,barrier_clear,113,BC_20270322_75.00,BinaryCall,75.0,2027-03-22
full,l0,parsimony,1,220,0.0,False,4,2027-03-22,2026-12-22,barrier_clear,114,BP_20270322_75.00,BinaryPut,75.0,2027-03-22
full,l0,parsimony,1,221,0.0,False,4,2027-03-22,2026-12-22,barrier_clear,115,C_20270322_80.00,EuropeanCall,80.0,2027-03-22
full,l0,parsimony,1,222,0.0,False,4,2027-03-22,2026-12-22,barrier_clear,116,P_20270322_80.00,EuropeanPut,80.0,2027-03-22
full,l0,parsimony,1,223,0.0,False,4,2027-03-22,2026-12-22,barrier_clear,117,BC_20270322_80.00,BinaryCall,80.0,2027-03-22
full,l0,parsimony,1,224,0.0,False,4,2027-03-22,2026-12-22,barrier_clear,118,BP_20270322_80.00,BinaryPut,80.0,2027-03-22
full,l0,parsimony,1,225,0.0,False,4,2027-03-22,2026-12-22,barrier_clear,119,C_20270322_85.00,EuropeanCall,85.0,2027-03-22
full,l0,parsimony,1,226,0.0,False,4,2027-03-22,2026-12-22,barrier_clear,120,P_20270322_85.00,EuropeanPut,85.0,2027-03-22
full,l0,parsimony,1,227,0.0,False,4,2027-03-22,2026-12-22,barrier_clear,121,BC_20270322_85.00,BinaryCall,85.0,2027-03-22
full,l0,parsimony,1,228,0.0,False,4,2027-03-22,2026-12-22,barrier_clear,122,BP_20270322_85.00,BinaryPut,85.0,2027-03-22
full,l0,parsimony,1,229,0.0,False,4,2027-03-22,2026-12-22,barrier_clear,123,C_20270322_90.00,EuropeanCall,90.0,2027-03-22
full,l0,parsimony,1,230,0.0,False,4,2027-03-22,2026-12-22,barrier_clear,124,P_20270322_90.00,EuropeanPut,90.0,2027-03-22
full,l0,parsimony,1,231,0.0,False,4,2027-03-22,2026-12-22,barrier_clear,125,BC_20270322_90.00,BinaryCall,90.0,2027-03-22
full,l0,parsimony,1,232,0.0,False,4,2027-03-22,2026-12-22,barrier_clear,126,BP_20270322_90.00,BinaryPut,90.0,2027-03-22
full,l0,parsimony,1,233,0.0,False,4,2027-03-22,2026-12-22,barrier_clear,127,C_20270322_95.00,EuropeanCall,95.0,2027-03-22
full,l0,parsimony,1,234,0.0,False,4,2027-03-22,2026-12-22,barrier_clear,128,P_20270322_95.00,EuropeanPut,95.0,2027-03-22
full,l0,parsimony,1,235,0.0,False,4,2027-03-22,2026-12-22,barrier_clear,129,BC_20270322_95.00,BinaryCall,95.0,2027-03-22
full,l0,parsimony,1,236,0.0,False,4,2027-03-22,2026-12-22,barrier_clear,130,BP_20270322_95.00,BinaryPut,95.0,2027-03-22
full,l0,parsimony,1,237,0.0,False,4,2027-03-22,2026-12-22,barrier_clear,131,C_20270322_100.00,EuropeanCall,100.0,2027-03-22
full,l0,parsimony,1,238,0.0,False,4,2027-03-22,2026-12-22,barrier_clear,132,P_20270322_100.00,EuropeanPut,100.0,2027-03-22
full,l0,parsimony,1,239,0.0,False,4,2027-03-22,2026-12-22,barrier_clear,133,BC_20270322_100.00,BinaryCall,100.0,2027-03-22
full,l0,parsimony,1,240,0.0,False,4,2027-03-22,2026-12-22,barrier_clear,134,BP_20270322_100.00,BinaryPut,100.0,2027-03-22
full,l0,parsimony,1,241,0.0,False,4,2027-03-22,2026-12-22,barrier_clear,135,C_20270322_105.00,EuropeanCall,105.0,2027-03-22
full,l0,parsimony,1,242,0.0,False,4,2027-03-22,2026-12-22,barrier_clear,136,P_20270322_105.00,EuropeanPut,105.0,2027-03-22
full,l0,parsimony,1,243,0.0,False,4,2027-03-22,2026-12-22,barrier_clear,137,BC_20270322_105.00,BinaryCall,105.0,2027-03-22
full,l0,parsimony,1,244,0.0,False,4,2027-03-22,2026-12-22,barrier_clear,138,BP_20270322_105.00,BinaryPut,105.0,2027-03-22
full,l0,parsimony,1,245,0.0,False,4,2027-03-22,2026-12-22,barrier_clear,139,C_20270322_110.00,EuropeanCall,110.0,2027-03-22
full,l0,parsimony,1,246,0.0,False,4,2027-03-22,2026-12-22,barrier_clear,140,P_20270322_110.00,EuropeanPut,110.0,2027-03-22
full,l0,parsimony,1,247,0.0,False,4,2027-03-22,2026-12-22,barrier_clear,141,BC_20270322_110.00,BinaryCall,110.0,2027-03-22
full,l0,parsimony,1,248,0.0,False,4,2027-03-22,2026-12-22,barrier_clear,142,BP_20270322_110.00,BinaryPut,110.0,2027-03-22
full,l0,parsimony,1,249,0.0,False,4,2027-03-22,2026-12-22,barrier_clear,143,C_20270322_115.00,EuropeanCall,115.0,2027-03-22
full,l0,parsimony,1,250,0.0,False,4,2027-03-22,2026-12-22,barrier_clear,144,P_20270322_115.00,EuropeanPut,115.0,2027-03-22
full,l0,parsimony,1,251,0.0,False,4,2027-03-22,2026-12-22,barrier_clear,145,BC_20270322_115.00,BinaryCall,115.0,2027-03-22
full,l0,parsimony,1,252,0.0,False,4,2027-03-22,2026-12-22,barrier_clear,146,BP_20270322_115.00,BinaryPut,115.0,2027-03-22
full,l0,parsimony,1,253,0.0,False,4,2027-03-22,2026-12-22,barrier_clear,147,C_20270322_120.00,EuropeanCall,120.0,2027-03-22
full,l0,parsimony,1,254,0.0,False,4,2027-03-22,2026-12-22,barrier_clear,148,P_20270322_120.00,EuropeanPut,120.0,2027-03-22
full,l0,parsimony,1,255,0.0,False,4,2027-03-22,2026-12-22,barrier_clear,149,BC_20270322_120.00,BinaryCall,120.0,2027-03-22
full,l0,parsimony,1,256,0.0,False,4,2027-03-22,2026-12-22,barrier_clear,150,BP_20270322_120.00,BinaryPut,120.0,2027-03-22
full,l0,parsimony,1,257,0.0,False,4,2027-03-22,2026-12-22,barrier_clear,151,C_20270322_125.00,EuropeanCall,125.0,2027-03-22
full,l0,parsimony,1,258,0.0,False,4,2027-03-22,2026-12-22,barrier_clear,152,P_20270322_125.00,EuropeanPut,125.0,2027-03-22
full,l0,parsimony,1,259,0.0,False,4,2027-03-22,2026-12-22,barrier_clear,153,BC_20270322_125.00,BinaryCall,125.0,2027-03-22
full,l0,parsimony,1,260,0.0,False,4,2027-03-22,2026-12-22,barrier_clear,154,BP_20270322_125.00,BinaryPut,125.0,2027-03-22
full,l0,parsimony,1,261,0.0,False,4,2027-03-22,2026-12-22,barrier_clear,155,C_20270322_130.00,EuropeanCall,130.0,2027-03-22
full,l0,parsimony,1,262,0.0,False,4,2027-03-22,2026-12-22,barrier_clear,156,P_20270322_130.00,EuropeanPut,130.0,2027-03-22
full,l0,parsimony,1,263,0.0,False,4,2027-03-22,2026-12-22,barrier_clear,157,BC_20270322_130.00,BinaryCall,130.0,2027-03-22
full,l0,parsimony,1,264,0.0,False,4,2027-03-22,2026-12-22,barrier_clear,158,BP_20270322_130.00,BinaryPut,130.0,2027-03-22
full,l0,parsimony,1,265,-0.3816915485624923,True,5,2027-06-22,2027-03-22,pooled,159,CASH_20270622,Cash,0.0,2027-06-22
full,l0,parsimony,1,266,0.0,False,5,2027-06-22,2027-03-22,pooled,160,C_20270622_70.00,EuropeanCall,70.0,2027-06-22
full,l0,parsimony,1,267,0.0,False,5,2027-06-22,2027-03-22,pooled,161,P_20270622_70.00,EuropeanPut,70.0,2027-06-22
full,l0,parsimony,1,268,0.0,False,5,2027-06-22,2027-03-22,pooled,162,BC_20270622_70.00,BinaryCall,70.0,2027-06-22
full,l0,parsimony,1,269,0.0,False,5,2027-06-22,2027-03-22,pooled,163,BP_20270622_70.00,BinaryPut,70.0,2027-06-22
full,l0,parsimony,1,270,0.0,False,5,2027-06-22,2027-03-22,pooled,164,C_20270622_75.00,EuropeanCall,75.0,2027-06-22
full,l0,parsimony,1,271,0.0,False,5,2027-06-22,2027-03-22,pooled,165,P_20270622_75.00,EuropeanPut,75.0,2027-06-22
full,l0,parsimony,1,272,0.0,False,5,2027-06-22,2027-03-22,pooled,166,BC_20270622_75.00,BinaryCall,75.0,2027-06-22
full,l0,parsimony,1,273,0.0,False,5,2027-06-22,2027-03-22,pooled,167,BP_20270622_75.00,BinaryPut,75.0,2027-06-22
full,l0,parsimony,1,274,0.0,False,5,2027-06-22,2027-03-22,pooled,168,C_20270622_80.00,EuropeanCall,80.0,2027-06-22
full,l0,parsimony,1,275,0.0,False,5,2027-06-22,2027-03-22,pooled,169,P_20270622_80.00,EuropeanPut,80.0,2027-06-22
full,l0,parsimony,1,276,0.0,False,5,2027-06-22,2027-03-22,pooled,170,BC_20270622_80.00,BinaryCall,80.0,2027-06-22
full,l0,parsimony,1,277,0.0,False,5,2027-06-22,2027-03-22,pooled,171,BP_20270622_80.00,BinaryPut,80.0,2027-06-22
full,l0,parsimony,1,278,0.0,False,5,2027-06-22,2027-03-22,pooled,172,C_20270622_85.00,EuropeanCall,85.0,2027-06-22
full,l0,parsimony,1,279,0.0,False,5,2027-06-22,2027-03-22,pooled,173,P_20270622_85.00,EuropeanPut,85.0,2027-06-22
full,l0,parsimony,1,280,0.0,False,5,2027-06-22,2027-03-22,pooled,174,BC_20270622_85.00,BinaryCall,85.0,2027-06-22
full,l0,parsimony,1,281,0.0,False,5,2027-06-22,2027-03-22,pooled,175,BP_20270622_85.00,BinaryPut,85.0,2027-06-22
full,l0,parsimony,1,282,0.0,False,5,2027-06-22,2027-03-22,pooled,176,C_20270622_90.00,EuropeanCall,90.0,2027-06-22
full,l0,parsimony,1,283,0.0,False,5,2027-06-22,2027-03-22,pooled,177,P_20270622_90.00,EuropeanPut,90.0,2027-06-22
full,l0,parsimony,1,284,0.0,False,5,2027-06-22,2027-03-22,pooled,178,BC_20270622_90.00,BinaryCall,90.0,2027-06-22
full,l0,parsimony,1,285,0.0,False,5,2027-06-22,2027-03-22,pooled,179,BP_20270622_90.00,BinaryPut,90.0,2027-06-22
full,l0,parsimony,1,286,0.0,False,5,2027-06-22,2027-03-22,pooled,180,C_20270622_95.00,EuropeanCall,95.0,2027-06-22
full,l0,parsimony,1,287,0.0,False,5,2027-06-22,2027-03-22,pooled,181,P_20270622_95.00,EuropeanPut,95.0,2027-06-22
full,l0,parsimony,1,288,0.0,False,5,2027-06-22,2027-03-22,pooled,182,BC_20270622_95.00,BinaryCall,95.0,2027-06-22
full,l0,parsimony,1,289,0.0,False,5,2027-06-22,2027-03-22,pooled,183,BP_20270622_95.00,BinaryPut,95.0,2027-06-22
full,l0,parsimony,1,290,0.0,False,5,2027-06-22,2027-03-22,pooled,184,C_20270622_100.00,EuropeanCall,100.0,2027-06-22
full,l0,parsimony,1,291,0.0,False,5,2027-06-22,2027-03-22,pooled,185,P_20270622_100.00,EuropeanPut,100.0,2027-06-22
full,l0,parsimony,1,292,0.0,False,5,2027-06-22,2027-03-22,pooled,186,BC_20270622_100.00,BinaryCall,100.0,2027-06-22
full,l0,parsimony,1,293,0.0,False,5,2027-06-22,2027-03-22,pooled,187,BP_20270622_100.00,BinaryPut,100.0,2027-06-22
full,l0,parsimony,1,294,0.0,False,5,2027-06-22,2027-03-22,pooled,188,C_20270622_105.00,EuropeanCall,105.0,2027-06-22
full,l0,parsimony,1,295,0.0,False,5,2027-06-22,2027-03-22,pooled,189,P_20270622_105.00,EuropeanPut,105.0,2027-06-22
full,l0,parsimony,1,296,0.0,False,5,2027-06-22,2027-03-22,pooled,190,BC_20270622_105.00,BinaryCall,105.0,2027-06-22
full,l0,parsimony,1,297,0.0,False,5,2027-06-22,2027-03-22,pooled,191,BP_20270622_105.00,BinaryPut,105.0,2027-06-22
full,l0,parsimony,1,298,0.0,False,5,2027-06-22,2027-03-22,pooled,192,C_20270622_110.00,EuropeanCall,110.0,2027-06-22
full,l0,parsimony,1,299,0.0,False,5,2027-06-22,2027-03-22,pooled,193,P_20270622_110.00,EuropeanPut,110.0,2027-06-22
full,l0,parsimony,1,300,0.0,False,5,2027-06-22,2027-03-22,pooled,194,BC_20270622_110.00,BinaryCall,110.0,2027-06-22
full,l0,parsimony,1,301,0.0,False,5,2027-06-22,2027-03-22,pooled,195,BP_20270622_110.00,BinaryPut,110.0,2027-06-22
full,l0,parsimony,1,302,0.0,False,5,2027-06-22,2027-03-22,pooled,196,C_20270622_115.00,EuropeanCall,115.0,2027-06-22
full,l0,parsimony,1,303,0.0,False,5,2027-06-22,2027-03-22,pooled,197,P_20270622_115.00,EuropeanPut,115.0,2027-06-22
full,l0,parsimony,1,304,0.0,False,5,2027-06-22,2027-03-22,pooled,198,BC_20270622_115.00,BinaryCall,115.0,2027-06-22
full,l0,parsimony,1,305,0.0,False,5,2027-06-22,2027-03-22,pooled,199,BP_20270622_115.00,BinaryPut,115.0,2027-06-22
full,l0,parsimony,1,306,0.0,False,5,2027-06-22,2027-03-22,pooled,200,C_20270622_120.00,EuropeanCall,120.0,2027-06-22
full,l0,parsimony,1,307,0.0,False,5,2027-06-22,2027-03-22,pooled,201,P_20270622_120.00,EuropeanPut,120.0,2027-06-22
full,l0,parsimony,1,308,0.0,False,5,2027-06-22,2027-03-22,pooled,202,BC_20270622_120.00,BinaryCall,120.0,2027-06-22
full,l0,parsimony,1,309,0.0,False,5,2027-06-22,2027-03-22,pooled,203,BP_20270622_120.00,BinaryPut,120.0,2027-06-22
full,l0,parsimony,1,310,0.0,False,5,2027-06-22,2027-03-22,pooled,204,C_20270622_125.00,EuropeanCall,125.0,2027-06-22
full,l0,parsimony,1,311,0.0,False,5,2027-06-22,2027-03-22,pooled,205,P_20270622_125.00,EuropeanPut,125.0,2027-06-22
full,l0,parsimony,1,312,0.0,False,5,2027-06-22,2027-03-22,pooled,206,BC_20270622_125.00,BinaryCall,125.0,2027-06-22
full,l0,parsimony,1,313,0.0,False,5,2027-06-22,2027-03-22,pooled,207,BP_20270622_125.00,BinaryPut,125.0,2027-06-22
full,l0,parsimony,1,314,0.0,False,5,2027-06-22,2027-03-22,pooled,208,C_20270622_130.00,EuropeanCall,130.0,2027-06-22
full,l0,parsimony,1,315,0.0,False,5,2027-06-22,2027-03-22,pooled,209,P_20270622_130.00,EuropeanPut,130.0,2027-06-22
full,l0,parsimony,1,316,0.0,False,5,2027-06-22,2027-03-22,pooled,210,BC_20270622_130.00,BinaryCall,130.0,2027-06-22
full,l0,parsimony,1,317,0.0,False,5,2027-06-22,2027-03-22,pooled,211,BP_20270622_130.00,BinaryPut,130.0,2027-06-22
full,l0,parsimony,1,318,0.005350564068393831,True,6,2027-06-22,2027-03-22,barrier_clear,159,CASH_20270622,Cash,0.0,2027-06-22
full,l0,parsimony,1,319,0.0,False,6,2027-06-22,2027-03-22,barrier_clear,160,C_20270622_70.00,EuropeanCall,70.0,2027-06-22
full,l0,parsimony,1,320,0.0,False,6,2027-06-22,2027-03-22,barrier_clear,161,P_20270622_70.00,EuropeanPut,70.0,2027-06-22
full,l0,parsimony,1,321,0.0,False,6,2027-06-22,2027-03-22,barrier_clear,162,BC_20270622_70.00,BinaryCall,70.0,2027-06-22
full,l0,parsimony,1,322,0.0,False,6,2027-06-22,2027-03-22,barrier_clear,163,BP_20270622_70.00,BinaryPut,70.0,2027-06-22
full,l0,parsimony,1,323,0.0,False,6,2027-06-22,2027-03-22,barrier_clear,164,C_20270622_75.00,EuropeanCall,75.0,2027-06-22
full,l0,parsimony,1,324,-3.1387636701527555,True,6,2027-06-22,2027-03-22,barrier_clear,165,P_20270622_75.00,EuropeanPut,75.0,2027-06-22
full,l0,parsimony,1,325,0.0,False,6,2027-06-22,2027-03-22,barrier_clear,166,BC_20270622_75.00,BinaryCall,75.0,2027-06-22
full,l0,parsimony,1,326,-7.585012822186099,True,6,2027-06-22,2027-03-22,barrier_clear,167,BP_20270622_75.00,BinaryPut,75.0,2027-06-22
full,l0,parsimony,1,327,0.0,False,6,2027-06-22,2027-03-22,barrier_clear,168,C_20270622_80.00,EuropeanCall,80.0,2027-06-22
full,l0,parsimony,1,328,-0.8036334584461067,True,6,2027-06-22,2027-03-22,barrier_clear,169,P_20270622_80.00,EuropeanPut,80.0,2027-06-22
full,l0,parsimony,1,329,0.0,False,6,2027-06-22,2027-03-22,barrier_clear,170,BC_20270622_80.00,BinaryCall,80.0,2027-06-22
full,l0,parsimony,1,330,0.0,False,6,2027-06-22,2027-03-22,barrier_clear,171,BP_20270622_80.00,BinaryPut,80.0,2027-06-22
full,l0,parsimony,1,331,0.0,False,6,2027-06-22,2027-03-22,barrier_clear,172,C_20270622_85.00,EuropeanCall,85.0,2027-06-22
full,l0,parsimony,1,332,0.0,False,6,2027-06-22,2027-03-22,barrier_clear,173,P_20270622_85.00,EuropeanPut,85.0,2027-06-22
full,l0,parsimony,1,333,0.0,False,6,2027-06-22,2027-03-22,barrier_clear,174,BC_20270622_85.00,BinaryCall,85.0,2027-06-22
full,l0,parsimony,1,334,0.0,False,6,2027-06-22,2027-03-22,barrier_clear,175,BP_20270622_85.00,BinaryPut,85.0,2027-06-22
full,l0,parsimony,1,335,0.0,False,6,2027-06-22,2027-03-22,barrier_clear,176,C_20270622_90.00,EuropeanCall,90.0,2027-06-22
full,l0,parsimony,1,336,0.0,False,6,2027-06-22,2027-03-22,barrier_clear,177,P_20270622_90.00,EuropeanPut,90.0,2027-06-22
full,l0,parsimony,1,337,0.0,False,6,2027-06-22,2027-03-22,barrier_clear,178,BC_20270622_90.00,BinaryCall,90.0,2027-06-22
full,l0,parsimony,1,338,0.0,False,6,2027-06-22,2027-03-22,barrier_clear,179,BP_20270622_90.00,BinaryPut,90.0,2027-06-22
full,l0,parsimony,1,339,0.0,False,6,2027-06-22,2027-03-22,barrier_clear,180,C_20270622_95.00,EuropeanCall,95.0,2027-06-22
full,l0,parsimony,1,340,0.0,False,6,2027-06-22,2027-03-22,barrier_clear,181,P_20270622_95.00,EuropeanPut,95.0,2027-06-22
full,l0,parsimony,1,341,0.0,False,6,2027-06-22,2027-03-22,barrier_clear,182,BC_20270622_95.00,BinaryCall,95.0,2027-06-22
full,l0,parsimony,1,342,0.0,False,6,2027-06-22,2027-03-22,barrier_clear,183,BP_20270622_95.00,BinaryPut,95.0,2027-06-22
full,l0,parsimony,1,343,0.0,False,6,2027-06-22,2027-03-22,barrier_clear,184,C_20270622_100.00,EuropeanCall,100.0,2027-06-22
full,l0,parsimony,1,344,0.0,False,6,2027-06-22,2027-03-22,barrier_clear,185,P_20270622_100.00,EuropeanPut,100.0,2027-06-22
full,l0,parsimony,1,345,0.0,False,6,2027-06-22,2027-03-22,barrier_clear,186,BC_20270622_100.00,BinaryCall,100.0,2027-06-22
full,l0,parsimony,1,346,0.0,False,6,2027-06-22,2027-03-22,barrier_clear,187,BP_20270622_100.00,BinaryPut,100.0,2027-06-22
full,l0,parsimony,1,347,0.0,False,6,2027-06-22,2027-03-22,barrier_clear,188,C_20270622_105.00,EuropeanCall,105.0,2027-06-22
full,l0,parsimony,1,348,0.0,False,6,2027-06-22,2027-03-22,barrier_clear,189,P_20270622_105.00,EuropeanPut,105.0,2027-06-22
full,l0,parsimony,1,349,0.0,False,6,2027-06-22,2027-03-22,barrier_clear,190,BC_20270622_105.00,BinaryCall,105.0,2027-06-22
full,l0,parsimony,1,350,0.0,False,6,2027-06-22,2027-03-22,barrier_clear,191,BP_20270622_105.00,BinaryPut,105.0,2027-06-22
full,l0,parsimony,1,351,0.0,False,6,2027-06-22,2027-03-22,barrier_clear,192,C_20270622_110.00,EuropeanCall,110.0,2027-06-22
full,l0,parsimony,1,352,0.0,False,6,2027-06-22,2027-03-22,barrier_clear,193,P_20270622_110.00,EuropeanPut,110.0,2027-06-22
full,l0,parsimony,1,353,0.0,False,6,2027-06-22,2027-03-22,barrier_clear,194,BC_20270622_110.00,BinaryCall,110.0,2027-06-22
full,l0,parsimony,1,354,0.0,False,6,2027-06-22,2027-03-22,barrier_clear,195,BP_20270622_110.00,BinaryPut,110.0,2027-06-22
full,l0,parsimony,1,355,0.0,False,6,2027-06-22,2027-03-22,barrier_clear,196,C_20270622_115.00,EuropeanCall,115.0,2027-06-22
full,l0,parsimony,1,356,0.0,False,6,2027-06-22,2027-03-22,barrier_clear,197,P_20270622_115.00,EuropeanPut,115.0,2027-06-22
full,l0,parsimony,1,357,0.0,False,6,2027-06-22,2027-03-22,barrier_clear,198,BC_20270622_115.00,BinaryCall,115.0,2027-06-22
full,l0,parsimony,1,358,0.0,False,6,2027-06-22,2027-03-22,barrier_clear,199,BP_20270622_115.00,BinaryPut,115.0,2027-06-22
full,l0,parsimony,1,359,0.0,False,6,2027-06-22,2027-03-22,barrier_clear,200,C_20270622_120.00,EuropeanCall,120.0,2027-06-22
full,l0,parsimony,1,360,0.0,False,6,2027-06-22,2027-03-22,barrier_clear,201,P_20270622_120.00,EuropeanPut,120.0,2027-06-22
full,l0,parsimony,1,361,0.0,False,6,2027-06-22,2027-03-22,barrier_clear,202,BC_20270622_120.00,BinaryCall,120.0,2027-06-22
full,l0,parsimony,1,362,0.0,False,6,2027-06-22,2027-03-22,barrier_clear,203,BP_20270622_120.00,BinaryPut,120.0,2027-06-22
full,l0,parsimony,1,363,0.0,False,6,2027-06-22,2027-03-22,barrier_clear,204,C_20270622_125.00,EuropeanCall,125.0,2027-06-22
full,l0,parsimony,1,364,0.0,False,6,2027-06-22,2027-03-22,barrier_clear,205,P_20270622_125.00,EuropeanPut,125.0,2027-06-22
full,l0,parsimony,1,365,0.0,False,6,2027-06-22,2027-03-22,barrier_clear,206,BC_20270622_125.00,BinaryCall,125.0,2027-06-22
full,l0,parsimony,1,366,0.0,False,6,2027-06-22,2027-03-22,barrier_clear,207,BP_20270622_125.00,BinaryPut,125.0,2027-06-22
full,l0,parsimony,1,367,0.0,False,6,2027-06-22,2027-03-22,barrier_clear,208,C_20270622_130.00,EuropeanCall,130.0,2027-06-22
full,l0,parsimony,1,368,0.0,False,6,2027-06-22,2027-03-22,barrier_clear,209,P_20270622_130.00,EuropeanPut,130.0,2027-06-22
full,l0,parsimony,1,369,0.0,False,6,2027-06-22,2027-03-22,barrier_clear,210,BC_20270622_130.00,BinaryCall,130.0,2027-06-22
full,l0,parsimony,1,370,0.0,False,6,2027-06-22,2027-03-22,barrier_clear,211,BP_20270622_130.00,BinaryPut,130.0,2027-06-22
full,l1,performance,9,0,1.0199854243973372,True,0,2026-09-22,,initial,0,CASH_20260922,Cash,0.0,2026-09-22
full,l1,performance,9,1,0.0,False,0,2026-09-22,,initial,1,C_20260922_70.00,EuropeanCall,70.0,2026-09-22
full,l1,performance,9,2,0.0,False,0,2026-09-22,,initial,2,P_20260922_70.00,EuropeanPut,70.0,2026-09-22
full,l1,performance,9,3,0.0,False,0,2026-09-22,,initial,3,BC_20260922_70.00,BinaryCall,70.0,2026-09-22
full,l1,performance,9,4,0.0,False,0,2026-09-22,,initial,4,BP_20260922_70.00,BinaryPut,70.0,2026-09-22
full,l1,performance,9,5,0.0,False,0,2026-09-22,,initial,5,C_20260922_75.00,EuropeanCall,75.0,2026-09-22
full,l1,performance,9,6,-0.0,False,0,2026-09-22,,initial,6,P_20260922_75.00,EuropeanPut,75.0,2026-09-22
full,l1,performance,9,7,0.0,False,0,2026-09-22,,initial,7,BC_20260922_75.00,BinaryCall,75.0,2026-09-22
full,l1,performance,9,8,-0.0,False,0,2026-09-22,,initial,8,BP_20260922_75.00,BinaryPut,75.0,2026-09-22
full,l1,performance,9,9,0.0,False,0,2026-09-22,,initial,9,C_20260922_80.00,EuropeanCall,80.0,2026-09-22
full,l1,performance,9,10,-0.0,False,0,2026-09-22,,initial,10,P_20260922_80.00,EuropeanPut,80.0,2026-09-22
full,l1,performance,9,11,0.0,False,0,2026-09-22,,initial,11,BC_20260922_80.00,BinaryCall,80.0,2026-09-22
full,l1,performance,9,12,-0.0,False,0,2026-09-22,,initial,12,BP_20260922_80.00,BinaryPut,80.0,2026-09-22
full,l1,performance,9,13,0.0,False,0,2026-09-22,,initial,13,C_20260922_85.00,EuropeanCall,85.0,2026-09-22
full,l1,performance,9,14,-0.0,False,0,2026-09-22,,initial,14,P_20260922_85.00,EuropeanPut,85.0,2026-09-22
full,l1,performance,9,15,-0.0,False,0,2026-09-22,,initial,15,BC_20260922_85.00,BinaryCall,85.0,2026-09-22
full,l1,performance,9,16,2.62236820310668,True,0,2026-09-22,,initial,16,BP_20260922_85.00,BinaryPut,85.0,2026-09-22
full,l1,performance,9,17,0.0,False,0,2026-09-22,,initial,17,C_20260922_90.00,EuropeanCall,90.0,2026-09-22
full,l1,performance,9,18,-0.0,False,0,2026-09-22,,initial,18,P_20260922_90.00,EuropeanPut,90.0,2026-09-22
full,l1,performance,9,19,0.0,False,0,2026-09-22,,initial,19,BC_20260922_90.00,BinaryCall,90.0,2026-09-22
full,l1,performance,9,20,-0.0,False,0,2026-09-22,,initial,20,BP_20260922_90.00,BinaryPut,90.0,2026-09-22
full,l1,performance,9,21,0.0,False,0,2026-09-22,,initial,21,C_20260922_95.00,EuropeanCall,95.0,2026-09-22
full,l1,performance,9,22,-0.0,False,0,2026-09-22,,initial,22,P_20260922_95.00,EuropeanPut,95.0,2026-09-22
full,l1,performance,9,23,0.0,False,0,2026-09-22,,initial,23,BC_20260922_95.00,BinaryCall,95.0,2026-09-22
full,l1,performance,9,24,-0.0,False,0,2026-09-22,,initial,24,BP_20260922_95.00,BinaryPut,95.0,2026-09-22
full,l1,performance,9,25,0.0,False,0,2026-09-22,,initial,25,C_20260922_100.00,EuropeanCall,100.0,2026-09-22
full,l1,performance,9,26,-0.0,False,0,2026-09-22,,initial,26,P_20260922_100.00,EuropeanPut,100.0,2026-09-22
full,l1,performance,9,27,0.0,False,0,2026-09-22,,initial,27,BC_20260922_100.00,BinaryCall,100.0,2026-09-22
full,l1,performance,9,28,-0.0,False,0,2026-09-22,,initial,28,BP_20260922_100.00,BinaryPut,100.0,2026-09-22
full,l1,performance,9,29,0.0,False,0,2026-09-22,,initial,29,C_20260922_105.00,EuropeanCall,105.0,2026-09-22
full,l1,performance,9,30,-0.0,False,0,2026-09-22,,initial,30,P_20260922_105.00,EuropeanPut,105.0,2026-09-22
full,l1,performance,9,31,0.0,False,0,2026-09-22,,initial,31,BC_20260922_105.00,BinaryCall,105.0,2026-09-22
full,l1,performance,9,32,0.0,False,0,2026-09-22,,initial,32,BP_20260922_105.00,BinaryPut,105.0,2026-09-22
full,l1,performance,9,33,0.0,False,0,2026-09-22,,initial,33,C_20260922_110.00,EuropeanCall,110.0,2026-09-22
full,l1,performance,9,34,-0.0,False,0,2026-09-22,,initial,34,P_20260922_110.00,EuropeanPut,110.0,2026-09-22
full,l1,performance,9,35,0.0,False,0,2026-09-22,,initial,35,BC_20260922_110.00,BinaryCall,110.0,2026-09-22
full,l1,performance,9,36,0.0,False,0,2026-09-22,,initial,36,BP_20260922_110.00,BinaryPut,110.0,2026-09-22
full,l1,performance,9,37,0.0,False,0,2026-09-22,,initial,37,C_20260922_115.00,EuropeanCall,115.0,2026-09-22
full,l1,performance,9,38,-0.0,False,0,2026-09-22,,initial,38,P_20260922_115.00,EuropeanPut,115.0,2026-09-22
full,l1,performance,9,39,0.0,False,0,2026-09-22,,initial,39,BC_20260922_115.00,BinaryCall,115.0,2026-09-22
full,l1,performance,9,40,0.0,False,0,2026-09-22,,initial,40,BP_20260922_115.00,BinaryPut,115.0,2026-09-22
full,l1,performance,9,41,0.0,False,0,2026-09-22,,initial,41,C_20260922_120.00,EuropeanCall,120.0,2026-09-22
full,l1,performance,9,42,-0.0,False,0,2026-09-22,,initial,42,P_20260922_120.00,EuropeanPut,120.0,2026-09-22
full,l1,performance,9,43,0.0,False,0,2026-09-22,,initial,43,BC_20260922_120.00,BinaryCall,120.0,2026-09-22
full,l1,performance,9,44,0.0,False,0,2026-09-22,,initial,44,BP_20260922_120.00,BinaryPut,120.0,2026-09-22
full,l1,performance,9,45,0.0,False,0,2026-09-22,,initial,45,C_20260922_125.00,EuropeanCall,125.0,2026-09-22
full,l1,performance,9,46,-0.0,False,0,2026-09-22,,initial,46,P_20260922_125.00,EuropeanPut,125.0,2026-09-22
full,l1,performance,9,47,0.0,False,0,2026-09-22,,initial,47,BC_20260922_125.00,BinaryCall,125.0,2026-09-22
full,l1,performance,9,48,0.0,False,0,2026-09-22,,initial,48,BP_20260922_125.00,BinaryPut,125.0,2026-09-22
full,l1,performance,9,49,0.0,False,0,2026-09-22,,initial,49,C_20260922_130.00,EuropeanCall,130.0,2026-09-22
full,l1,performance,9,50,-0.0,False,0,2026-09-22,,initial,50,P_20260922_130.00,EuropeanPut,130.0,2026-09-22
full,l1,performance,9,51,0.0,False,0,2026-09-22,,initial,51,BC_20260922_130.00,BinaryCall,130.0,2026-09-22
full,l1,performance,9,52,0.0,False,0,2026-09-22,,initial,52,BP_20260922_130.00,BinaryPut,130.0,2026-09-22
full,l1,performance,9,53,-1.9984014443252818e-14,False,1,2026-12-22,2026-09-22,pooled,53,CASH_20261222,Cash,0.0,2026-12-22
full,l1,performance,9,54,0.0,False,1,2026-12-22,2026-09-22,pooled,54,C_20261222_70.00,EuropeanCall,70.0,2026-12-22
full,l1,performance,9,55,0.0,False,1,2026-12-22,2026-09-22,pooled,55,P_20261222_70.00,EuropeanPut,70.0,2026-12-22
full,l1,performance,9,56,0.0,False,1,2026-12-22,2026-09-22,pooled,56,BC_20261222_70.00,BinaryCall,70.0,2026-12-22
full,l1,performance,9,57,0.0,False,1,2026-12-22,2026-09-22,pooled,57,BP_20261222_70.00,BinaryPut,70.0,2026-12-22
full,l1,performance,9,58,0.0,False,1,2026-12-22,2026-09-22,pooled,58,C_20261222_75.00,EuropeanCall,75.0,2026-12-22
full,l1,performance,9,59,0.0,False,1,2026-12-22,2026-09-22,pooled,59,P_20261222_75.00,EuropeanPut,75.0,2026-12-22
full,l1,performance,9,60,0.0,False,1,2026-12-22,2026-09-22,pooled,60,BC_20261222_75.00,BinaryCall,75.0,2026-12-22
full,l1,performance,9,61,0.0,False,1,2026-12-22,2026-09-22,pooled,61,BP_20261222_75.00,BinaryPut,75.0,2026-12-22
full,l1,performance,9,62,0.0,False,1,2026-12-22,2026-09-22,pooled,62,C_20261222_80.00,EuropeanCall,80.0,2026-12-22
full,l1,performance,9,63,0.0,False,1,2026-12-22,2026-09-22,pooled,63,P_20261222_80.00,EuropeanPut,80.0,2026-12-22
full,l1,performance,9,64,0.0,False,1,2026-12-22,2026-09-22,pooled,64,BC_20261222_80.00,BinaryCall,80.0,2026-12-22
full,l1,performance,9,65,0.0,False,1,2026-12-22,2026-09-22,pooled,65,BP_20261222_80.00,BinaryPut,80.0,2026-12-22
full,l1,performance,9,66,0.0,False,1,2026-12-22,2026-09-22,pooled,66,C_20261222_85.00,EuropeanCall,85.0,2026-12-22
full,l1,performance,9,67,0.0,False,1,2026-12-22,2026-09-22,pooled,67,P_20261222_85.00,EuropeanPut,85.0,2026-12-22
full,l1,performance,9,68,0.0,False,1,2026-12-22,2026-09-22,pooled,68,BC_20261222_85.00,BinaryCall,85.0,2026-12-22
full,l1,performance,9,69,0.0,False,1,2026-12-22,2026-09-22,pooled,69,BP_20261222_85.00,BinaryPut,85.0,2026-12-22
full,l1,performance,9,70,0.0,False,1,2026-12-22,2026-09-22,pooled,70,C_20261222_90.00,EuropeanCall,90.0,2026-12-22
full,l1,performance,9,71,0.0,False,1,2026-12-22,2026-09-22,pooled,71,P_20261222_90.00,EuropeanPut,90.0,2026-12-22
full,l1,performance,9,72,0.0,False,1,2026-12-22,2026-09-22,pooled,72,BC_20261222_90.00,BinaryCall,90.0,2026-12-22
full,l1,performance,9,73,0.0,False,1,2026-12-22,2026-09-22,pooled,73,BP_20261222_90.00,BinaryPut,90.0,2026-12-22
full,l1,performance,9,74,0.0,False,1,2026-12-22,2026-09-22,pooled,74,C_20261222_95.00,EuropeanCall,95.0,2026-12-22
full,l1,performance,9,75,0.0,False,1,2026-12-22,2026-09-22,pooled,75,P_20261222_95.00,EuropeanPut,95.0,2026-12-22
full,l1,performance,9,76,0.0,False,1,2026-12-22,2026-09-22,pooled,76,BC_20261222_95.00,BinaryCall,95.0,2026-12-22
full,l1,performance,9,77,0.0,False,1,2026-12-22,2026-09-22,pooled,77,BP_20261222_95.00,BinaryPut,95.0,2026-12-22
full,l1,performance,9,78,0.0,False,1,2026-12-22,2026-09-22,pooled,78,C_20261222_100.00,EuropeanCall,100.0,2026-12-22
full,l1,performance,9,79,0.0,False,1,2026-12-22,2026-09-22,pooled,79,P_20261222_100.00,EuropeanPut,100.0,2026-12-22
full,l1,performance,9,80,0.0,False,1,2026-12-22,2026-09-22,pooled,80,BC_20261222_100.00,BinaryCall,100.0,2026-12-22
full,l1,performance,9,81,0.0,False,1,2026-12-22,2026-09-22,pooled,81,BP_20261222_100.00,BinaryPut,100.0,2026-12-22
full,l1,performance,9,82,0.0,False,1,2026-12-22,2026-09-22,pooled,82,C_20261222_105.00,EuropeanCall,105.0,2026-12-22
full,l1,performance,9,83,0.0,False,1,2026-12-22,2026-09-22,pooled,83,P_20261222_105.00,EuropeanPut,105.0,2026-12-22
full,l1,performance,9,84,0.0,False,1,2026-12-22,2026-09-22,pooled,84,BC_20261222_105.00,BinaryCall,105.0,2026-12-22
full,l1,performance,9,85,0.0,False,1,2026-12-22,2026-09-22,pooled,85,BP_20261222_105.00,BinaryPut,105.0,2026-12-22
full,l1,performance,9,86,0.0,False,1,2026-12-22,2026-09-22,pooled,86,C_20261222_110.00,EuropeanCall,110.0,2026-12-22
full,l1,performance,9,87,0.0,False,1,2026-12-22,2026-09-22,pooled,87,P_20261222_110.00,EuropeanPut,110.0,2026-12-22
full,l1,performance,9,88,0.0,False,1,2026-12-22,2026-09-22,pooled,88,BC_20261222_110.00,BinaryCall,110.0,2026-12-22
full,l1,performance,9,89,0.0,False,1,2026-12-22,2026-09-22,pooled,89,BP_20261222_110.00,BinaryPut,110.0,2026-12-22
full,l1,performance,9,90,0.0,False,1,2026-12-22,2026-09-22,pooled,90,C_20261222_115.00,EuropeanCall,115.0,2026-12-22
full,l1,performance,9,91,0.0,False,1,2026-12-22,2026-09-22,pooled,91,P_20261222_115.00,EuropeanPut,115.0,2026-12-22
full,l1,performance,9,92,0.0,False,1,2026-12-22,2026-09-22,pooled,92,BC_20261222_115.00,BinaryCall,115.0,2026-12-22
full,l1,performance,9,93,0.0,False,1,2026-12-22,2026-09-22,pooled,93,BP_20261222_115.00,BinaryPut,115.0,2026-12-22
full,l1,performance,9,94,0.0,False,1,2026-12-22,2026-09-22,pooled,94,C_20261222_120.00,EuropeanCall,120.0,2026-12-22
full,l1,performance,9,95,0.0,False,1,2026-12-22,2026-09-22,pooled,95,P_20261222_120.00,EuropeanPut,120.0,2026-12-22
full,l1,performance,9,96,0.0,False,1,2026-12-22,2026-09-22,pooled,96,BC_20261222_120.00,BinaryCall,120.0,2026-12-22
full,l1,performance,9,97,0.0,False,1,2026-12-22,2026-09-22,pooled,97,BP_20261222_120.00,BinaryPut,120.0,2026-12-22
full,l1,performance,9,98,0.0,False,1,2026-12-22,2026-09-22,pooled,98,C_20261222_125.00,EuropeanCall,125.0,2026-12-22
full,l1,performance,9,99,0.0,False,1,2026-12-22,2026-09-22,pooled,99,P_20261222_125.00,EuropeanPut,125.0,2026-12-22
full,l1,performance,9,100,0.0,False,1,2026-12-22,2026-09-22,pooled,100,BC_20261222_125.00,BinaryCall,125.0,2026-12-22
full,l1,performance,9,101,0.0,False,1,2026-12-22,2026-09-22,pooled,101,BP_20261222_125.00,BinaryPut,125.0,2026-12-22
full,l1,performance,9,102,0.0,False,1,2026-12-22,2026-09-22,pooled,102,C_20261222_130.00,EuropeanCall,130.0,2026-12-22
full,l1,performance,9,103,0.0,False,1,2026-12-22,2026-09-22,pooled,103,P_20261222_130.00,EuropeanPut,130.0,2026-12-22
full,l1,performance,9,104,0.0,False,1,2026-12-22,2026-09-22,pooled,104,BC_20261222_130.00,BinaryCall,130.0,2026-12-22
full,l1,performance,9,105,0.0,False,1,2026-12-22,2026-09-22,pooled,105,BP_20261222_130.00,BinaryPut,130.0,2026-12-22
full,l1,performance,9,106,0.012559193421799507,True,2,2026-12-22,2026-09-22,barrier_clear,53,CASH_20261222,Cash,0.0,2026-12-22
full,l1,performance,9,107,0.0,False,2,2026-12-22,2026-09-22,barrier_clear,54,C_20261222_70.00,EuropeanCall,70.0,2026-12-22
full,l1,performance,9,108,0.0,False,2,2026-12-22,2026-09-22,barrier_clear,55,P_20261222_70.00,EuropeanPut,70.0,2026-12-22
full,l1,performance,9,109,-0.0,False,2,2026-12-22,2026-09-22,barrier_clear,56,BC_20261222_70.00,BinaryCall,70.0,2026-12-22
full,l1,performance,9,110,0.0,False,2,2026-12-22,2026-09-22,barrier_clear,57,BP_20261222_70.00,BinaryPut,70.0,2026-12-22
full,l1,performance,9,111,0.0,False,2,2026-12-22,2026-09-22,barrier_clear,58,C_20261222_75.00,EuropeanCall,75.0,2026-12-22
full,l1,performance,9,112,0.0,False,2,2026-12-22,2026-09-22,barrier_clear,59,P_20261222_75.00,EuropeanPut,75.0,2026-12-22
full,l1,performance,9,113,0.0,False,2,2026-12-22,2026-09-22,barrier_clear,60,BC_20261222_75.00,BinaryCall,75.0,2026-12-22
full,l1,performance,9,114,-0.0,False,2,2026-12-22,2026-09-22,barrier_clear,61,BP_20261222_75.00,BinaryPut,75.0,2026-12-22
full,l1,performance,9,115,0.0,False,2,2026-12-22,2026-09-22,barrier_clear,62,C_20261222_80.00,EuropeanCall,80.0,2026-12-22
full,l1,performance,9,116,-0.0,False,2,2026-12-22,2026-09-22,barrier_clear,63,P_20261222_80.00,EuropeanPut,80.0,2026-12-22
full,l1,performance,9,117,0.0,False,2,2026-12-22,2026-09-22,barrier_clear,64,BC_20261222_80.00,BinaryCall,80.0,2026-12-22
full,l1,performance,9,118,-0.0,False,2,2026-12-22,2026-09-22,barrier_clear,65,BP_20261222_80.00,BinaryPut,80.0,2026-12-22
full,l1,performance,9,119,0.0,False,2,2026-12-22,2026-09-22,barrier_clear,66,C_20261222_85.00,EuropeanCall,85.0,2026-12-22
full,l1,performance,9,120,-0.0,False,2,2026-12-22,2026-09-22,barrier_clear,67,P_20261222_85.00,EuropeanPut,85.0,2026-12-22
full,l1,performance,9,121,0.0,False,2,2026-12-22,2026-09-22,barrier_clear,68,BC_20261222_85.00,BinaryCall,85.0,2026-12-22
full,l1,performance,9,122,-0.16791551160053067,True,2,2026-12-22,2026-09-22,barrier_clear,69,BP_20261222_85.00,BinaryPut,85.0,2026-12-22
full,l1,performance,9,123,0.0,False,2,2026-12-22,2026-09-22,barrier_clear,70,C_20261222_90.00,EuropeanCall,90.0,2026-12-22
full,l1,performance,9,124,-0.0,False,2,2026-12-22,2026-09-22,barrier_clear,71,P_20261222_90.00,EuropeanPut,90.0,2026-12-22
full,l1,performance,9,125,0.0,False,2,2026-12-22,2026-09-22,barrier_clear,72,BC_20261222_90.00,BinaryCall,90.0,2026-12-22
full,l1,performance,9,126,-0.0,False,2,2026-12-22,2026-09-22,barrier_clear,73,BP_20261222_90.00,BinaryPut,90.0,2026-12-22
full,l1,performance,9,127,-0.0,False,2,2026-12-22,2026-09-22,barrier_clear,74,C_20261222_95.00,EuropeanCall,95.0,2026-12-22
full,l1,performance,9,128,-0.0,False,2,2026-12-22,2026-09-22,barrier_clear,75,P_20261222_95.00,EuropeanPut,95.0,2026-12-22
full,l1,performance,9,129,0.0,False,2,2026-12-22,2026-09-22,barrier_clear,76,BC_20261222_95.00,BinaryCall,95.0,2026-12-22
full,l1,performance,9,130,-0.0,False,2,2026-12-22,2026-09-22,barrier_clear,77,BP_20261222_95.00,BinaryPut,95.0,2026-12-22
full,l1,performance,9,131,-0.0,False,2,2026-12-22,2026-09-22,barrier_clear,78,C_20261222_100.00,EuropeanCall,100.0,2026-12-22
full,l1,performance,9,132,-0.0,False,2,2026-12-22,2026-09-22,barrier_clear,79,P_20261222_100.00,EuropeanPut,100.0,2026-12-22
full,l1,performance,9,133,-0.0,False,2,2026-12-22,2026-09-22,barrier_clear,80,BC_20261222_100.00,BinaryCall,100.0,2026-12-22
full,l1,performance,9,134,0.0,False,2,2026-12-22,2026-09-22,barrier_clear,81,BP_20261222_100.00,BinaryPut,100.0,2026-12-22
full,l1,performance,9,135,-0.0,False,2,2026-12-22,2026-09-22,barrier_clear,82,C_20261222_105.00,EuropeanCall,105.0,2026-12-22
full,l1,performance,9,136,-0.0,False,2,2026-12-22,2026-09-22,barrier_clear,83,P_20261222_105.00,EuropeanPut,105.0,2026-12-22
full,l1,performance,9,137,-0.0,False,2,2026-12-22,2026-09-22,barrier_clear,84,BC_20261222_105.00,BinaryCall,105.0,2026-12-22
full,l1,performance,9,138,0.0,False,2,2026-12-22,2026-09-22,barrier_clear,85,BP_20261222_105.00,BinaryPut,105.0,2026-12-22
full,l1,performance,9,139,-0.0,False,2,2026-12-22,2026-09-22,barrier_clear,86,C_20261222_110.00,EuropeanCall,110.0,2026-12-22
full,l1,performance,9,140,-0.0,False,2,2026-12-22,2026-09-22,barrier_clear,87,P_20261222_110.00,EuropeanPut,110.0,2026-12-22
full,l1,performance,9,141,-0.0,False,2,2026-12-22,2026-09-22,barrier_clear,88,BC_20261222_110.00,BinaryCall,110.0,2026-12-22
full,l1,performance,9,142,0.0,False,2,2026-12-22,2026-09-22,barrier_clear,89,BP_20261222_110.00,BinaryPut,110.0,2026-12-22
full,l1,performance,9,143,-0.0,False,2,2026-12-22,2026-09-22,barrier_clear,90,C_20261222_115.00,EuropeanCall,115.0,2026-12-22
full,l1,performance,9,144,-0.0,False,2,2026-12-22,2026-09-22,barrier_clear,91,P_20261222_115.00,EuropeanPut,115.0,2026-12-22
full,l1,performance,9,145,-0.0,False,2,2026-12-22,2026-09-22,barrier_clear,92,BC_20261222_115.00,BinaryCall,115.0,2026-12-22
full,l1,performance,9,146,-0.0,False,2,2026-12-22,2026-09-22,barrier_clear,93,BP_20261222_115.00,BinaryPut,115.0,2026-12-22
full,l1,performance,9,147,-0.0,False,2,2026-12-22,2026-09-22,barrier_clear,94,C_20261222_120.00,EuropeanCall,120.0,2026-12-22
full,l1,performance,9,148,-0.0,False,2,2026-12-22,2026-09-22,barrier_clear,95,P_20261222_120.00,EuropeanPut,120.0,2026-12-22
full,l1,performance,9,149,-0.0,False,2,2026-12-22,2026-09-22,barrier_clear,96,BC_20261222_120.00,BinaryCall,120.0,2026-12-22
full,l1,performance,9,150,-0.0,False,2,2026-12-22,2026-09-22,barrier_clear,97,BP_20261222_120.00,BinaryPut,120.0,2026-12-22
full,l1,performance,9,151,-0.0,False,2,2026-12-22,2026-09-22,barrier_clear,98,C_20261222_125.00,EuropeanCall,125.0,2026-12-22
full,l1,performance,9,152,-0.0,False,2,2026-12-22,2026-09-22,barrier_clear,99,P_20261222_125.00,EuropeanPut,125.0,2026-12-22
full,l1,performance,9,153,-0.0,False,2,2026-12-22,2026-09-22,barrier_clear,100,BC_20261222_125.00,BinaryCall,125.0,2026-12-22
full,l1,performance,9,154,-0.0,False,2,2026-12-22,2026-09-22,barrier_clear,101,BP_20261222_125.00,BinaryPut,125.0,2026-12-22
full,l1,performance,9,155,0.0,False,2,2026-12-22,2026-09-22,barrier_clear,102,C_20261222_130.00,EuropeanCall,130.0,2026-12-22
full,l1,performance,9,156,-0.0,False,2,2026-12-22,2026-09-22,barrier_clear,103,P_20261222_130.00,EuropeanPut,130.0,2026-12-22
full,l1,performance,9,157,0.0,False,2,2026-12-22,2026-09-22,barrier_clear,104,BC_20261222_130.00,BinaryCall,130.0,2026-12-22
full,l1,performance,9,158,-0.0,False,2,2026-12-22,2026-09-22,barrier_clear,105,BP_20261222_130.00,BinaryPut,130.0,2026-12-22
full,l1,performance,9,159,-0.019653868207376995,True,3,2027-03-22,2026-12-22,pooled,106,CASH_20270322,Cash,0.0,2027-03-22
full,l1,performance,9,160,0.6697794379511844,True,3,2027-03-22,2026-12-22,pooled,107,C_20270322_70.00,EuropeanCall,70.0,2027-03-22
full,l1,performance,9,161,-0.0,False,3,2027-03-22,2026-12-22,pooled,108,P_20270322_70.00,EuropeanPut,70.0,2027-03-22
full,l1,performance,9,162,0.9119664408123971,True,3,2027-03-22,2026-12-22,pooled,109,BC_20270322_70.00,BinaryCall,70.0,2027-03-22
full,l1,performance,9,163,-0.0,False,3,2027-03-22,2026-12-22,pooled,110,BP_20270322_70.00,BinaryPut,70.0,2027-03-22
full,l1,performance,9,164,0.0,False,3,2027-03-22,2026-12-22,pooled,111,C_20270322_75.00,EuropeanCall,75.0,2027-03-22
full,l1,performance,9,165,-0.0,False,3,2027-03-22,2026-12-22,pooled,112,P_20270322_75.00,EuropeanPut,75.0,2027-03-22
full,l1,performance,9,166,0.0,False,3,2027-03-22,2026-12-22,pooled,113,BC_20270322_75.00,BinaryCall,75.0,2027-03-22
full,l1,performance,9,167,0.0,False,3,2027-03-22,2026-12-22,pooled,114,BP_20270322_75.00,BinaryPut,75.0,2027-03-22
full,l1,performance,9,168,0.0,False,3,2027-03-22,2026-12-22,pooled,115,C_20270322_80.00,EuropeanCall,80.0,2027-03-22
full,l1,performance,9,169,-0.0,False,3,2027-03-22,2026-12-22,pooled,116,P_20270322_80.00,EuropeanPut,80.0,2027-03-22
full,l1,performance,9,170,0.0,False,3,2027-03-22,2026-12-22,pooled,117,BC_20270322_80.00,BinaryCall,80.0,2027-03-22
full,l1,performance,9,171,0.0,False,3,2027-03-22,2026-12-22,pooled,118,BP_20270322_80.00,BinaryPut,80.0,2027-03-22
full,l1,performance,9,172,0.0,False,3,2027-03-22,2026-12-22,pooled,119,C_20270322_85.00,EuropeanCall,85.0,2027-03-22
full,l1,performance,9,173,-0.0,False,3,2027-03-22,2026-12-22,pooled,120,P_20270322_85.00,EuropeanPut,85.0,2027-03-22
full,l1,performance,9,174,0.0,False,3,2027-03-22,2026-12-22,pooled,121,BC_20270322_85.00,BinaryCall,85.0,2027-03-22
full,l1,performance,9,175,0.0,False,3,2027-03-22,2026-12-22,pooled,122,BP_20270322_85.00,BinaryPut,85.0,2027-03-22
full,l1,performance,9,176,0.0,False,3,2027-03-22,2026-12-22,pooled,123,C_20270322_90.00,EuropeanCall,90.0,2027-03-22
full,l1,performance,9,177,-0.0,False,3,2027-03-22,2026-12-22,pooled,124,P_20270322_90.00,EuropeanPut,90.0,2027-03-22
full,l1,performance,9,178,0.0,False,3,2027-03-22,2026-12-22,pooled,125,BC_20270322_90.00,BinaryCall,90.0,2027-03-22
full,l1,performance,9,179,0.0,False,3,2027-03-22,2026-12-22,pooled,126,BP_20270322_90.00,BinaryPut,90.0,2027-03-22
full,l1,performance,9,180,0.0,False,3,2027-03-22,2026-12-22,pooled,127,C_20270322_95.00,EuropeanCall,95.0,2027-03-22
full,l1,performance,9,181,-0.0,False,3,2027-03-22,2026-12-22,pooled,128,P_20270322_95.00,EuropeanPut,95.0,2027-03-22
full,l1,performance,9,182,0.0,False,3,2027-03-22,2026-12-22,pooled,129,BC_20270322_95.00,BinaryCall,95.0,2027-03-22
full,l1,performance,9,183,0.0,False,3,2027-03-22,2026-12-22,pooled,130,BP_20270322_95.00,BinaryPut,95.0,2027-03-22
full,l1,performance,9,184,0.0,False,3,2027-03-22,2026-12-22,pooled,131,C_20270322_100.00,EuropeanCall,100.0,2027-03-22
full,l1,performance,9,185,-0.0,False,3,2027-03-22,2026-12-22,pooled,132,P_20270322_100.00,EuropeanPut,100.0,2027-03-22
full,l1,performance,9,186,0.0,False,3,2027-03-22,2026-12-22,pooled,133,BC_20270322_100.00,BinaryCall,100.0,2027-03-22
full,l1,performance,9,187,0.0,False,3,2027-03-22,2026-12-22,pooled,134,BP_20270322_100.00,BinaryPut,100.0,2027-03-22
full,l1,performance,9,188,0.0,False,3,2027-03-22,2026-12-22,pooled,135,C_20270322_105.00,EuropeanCall,105.0,2027-03-22
full,l1,performance,9,189,-0.0,False,3,2027-03-22,2026-12-22,pooled,136,P_20270322_105.00,EuropeanPut,105.0,2027-03-22
full,l1,performance,9,190,0.0,False,3,2027-03-22,2026-12-22,pooled,137,BC_20270322_105.00,BinaryCall,105.0,2027-03-22
full,l1,performance,9,191,0.0,False,3,2027-03-22,2026-12-22,pooled,138,BP_20270322_105.00,BinaryPut,105.0,2027-03-22
full,l1,performance,9,192,0.0,False,3,2027-03-22,2026-12-22,pooled,139,C_20270322_110.00,EuropeanCall,110.0,2027-03-22
full,l1,performance,9,193,-0.0,False,3,2027-03-22,2026-12-22,pooled,140,P_20270322_110.00,EuropeanPut,110.0,2027-03-22
full,l1,performance,9,194,0.0,False,3,2027-03-22,2026-12-22,pooled,141,BC_20270322_110.00,BinaryCall,110.0,2027-03-22
full,l1,performance,9,195,0.0,False,3,2027-03-22,2026-12-22,pooled,142,BP_20270322_110.00,BinaryPut,110.0,2027-03-22
full,l1,performance,9,196,0.0,False,3,2027-03-22,2026-12-22,pooled,143,C_20270322_115.00,EuropeanCall,115.0,2027-03-22
full,l1,performance,9,197,-0.0,False,3,2027-03-22,2026-12-22,pooled,144,P_20270322_115.00,EuropeanPut,115.0,2027-03-22
full,l1,performance,9,198,0.0,False,3,2027-03-22,2026-12-22,pooled,145,BC_20270322_115.00,BinaryCall,115.0,2027-03-22
full,l1,performance,9,199,0.0,False,3,2027-03-22,2026-12-22,pooled,146,BP_20270322_115.00,BinaryPut,115.0,2027-03-22
full,l1,performance,9,200,0.0,False,3,2027-03-22,2026-12-22,pooled,147,C_20270322_120.00,EuropeanCall,120.0,2027-03-22
full,l1,performance,9,201,-0.0,False,3,2027-03-22,2026-12-22,pooled,148,P_20270322_120.00,EuropeanPut,120.0,2027-03-22
full,l1,performance,9,202,0.0,False,3,2027-03-22,2026-12-22,pooled,149,BC_20270322_120.00,BinaryCall,120.0,2027-03-22
full,l1,performance,9,203,0.0,False,3,2027-03-22,2026-12-22,pooled,150,BP_20270322_120.00,BinaryPut,120.0,2027-03-22
full,l1,performance,9,204,0.0,False,3,2027-03-22,2026-12-22,pooled,151,C_20270322_125.00,EuropeanCall,125.0,2027-03-22
full,l1,performance,9,205,-0.0,False,3,2027-03-22,2026-12-22,pooled,152,P_20270322_125.00,EuropeanPut,125.0,2027-03-22
full,l1,performance,9,206,0.0,False,3,2027-03-22,2026-12-22,pooled,153,BC_20270322_125.00,BinaryCall,125.0,2027-03-22
full,l1,performance,9,207,0.0,False,3,2027-03-22,2026-12-22,pooled,154,BP_20270322_125.00,BinaryPut,125.0,2027-03-22
full,l1,performance,9,208,0.0,False,3,2027-03-22,2026-12-22,pooled,155,C_20270322_130.00,EuropeanCall,130.0,2027-03-22
full,l1,performance,9,209,-0.0,False,3,2027-03-22,2026-12-22,pooled,156,P_20270322_130.00,EuropeanPut,130.0,2027-03-22
full,l1,performance,9,210,0.0,False,3,2027-03-22,2026-12-22,pooled,157,BC_20270322_130.00,BinaryCall,130.0,2027-03-22
full,l1,performance,9,211,0.0,False,3,2027-03-22,2026-12-22,pooled,158,BP_20270322_130.00,BinaryPut,130.0,2027-03-22
full,l1,performance,9,212,0.012568487043047244,True,4,2027-03-22,2026-12-22,barrier_clear,106,CASH_20270322,Cash,0.0,2027-03-22
full,l1,performance,9,213,0.0,False,4,2027-03-22,2026-12-22,barrier_clear,107,C_20270322_70.00,EuropeanCall,70.0,2027-03-22
full,l1,performance,9,214,0.0,False,4,2027-03-22,2026-12-22,barrier_clear,108,P_20270322_70.00,EuropeanPut,70.0,2027-03-22
full,l1,performance,9,215,0.0,False,4,2027-03-22,2026-12-22,barrier_clear,109,BC_20270322_70.00,BinaryCall,70.0,2027-03-22
full,l1,performance,9,216,0.0,False,4,2027-03-22,2026-12-22,barrier_clear,110,BP_20270322_70.00,BinaryPut,70.0,2027-03-22
full,l1,performance,9,217,0.0,False,4,2027-03-22,2026-12-22,barrier_clear,111,C_20270322_75.00,EuropeanCall,75.0,2027-03-22
full,l1,performance,9,218,0.0,False,4,2027-03-22,2026-12-22,barrier_clear,112,P_20270322_75.00,EuropeanPut,75.0,2027-03-22
full,l1,performance,9,219,0.0,False,4,2027-03-22,2026-12-22,barrier_clear,113,BC_20270322_75.00,BinaryCall,75.0,2027-03-22
full,l1,performance,9,220,-0.0,False,4,2027-03-22,2026-12-22,barrier_clear,114,BP_20270322_75.00,BinaryPut,75.0,2027-03-22
full,l1,performance,9,221,0.0,False,4,2027-03-22,2026-12-22,barrier_clear,115,C_20270322_80.00,EuropeanCall,80.0,2027-03-22
full,l1,performance,9,222,-0.08650092017780986,True,4,2027-03-22,2026-12-22,barrier_clear,116,P_20270322_80.00,EuropeanPut,80.0,2027-03-22
full,l1,performance,9,223,0.0,False,4,2027-03-22,2026-12-22,barrier_clear,117,BC_20270322_80.00,BinaryCall,80.0,2027-03-22
full,l1,performance,9,224,-1.0228732822929767,True,4,2027-03-22,2026-12-22,barrier_clear,118,BP_20270322_80.00,BinaryPut,80.0,2027-03-22
full,l1,performance,9,225,0.0,False,4,2027-03-22,2026-12-22,barrier_clear,119,C_20270322_85.00,EuropeanCall,85.0,2027-03-22
full,l1,performance,9,226,-0.0,False,4,2027-03-22,2026-12-22,barrier_clear,120,P_20270322_85.00,EuropeanPut,85.0,2027-03-22
full,l1,performance,9,227,0.0,False,4,2027-03-22,2026-12-22,barrier_clear,121,BC_20270322_85.00,BinaryCall,85.0,2027-03-22
full,l1,performance,9,228,-0.0,False,4,2027-03-22,2026-12-22,barrier_clear,122,BP_20270322_85.00,BinaryPut,85.0,2027-03-22
full,l1,performance,9,229,0.0,False,4,2027-03-22,2026-12-22,barrier_clear,123,C_20270322_90.00,EuropeanCall,90.0,2027-03-22
full,l1,performance,9,230,-0.0,False,4,2027-03-22,2026-12-22,barrier_clear,124,P_20270322_90.00,EuropeanPut,90.0,2027-03-22
full,l1,performance,9,231,0.0,False,4,2027-03-22,2026-12-22,barrier_clear,125,BC_20270322_90.00,BinaryCall,90.0,2027-03-22
full,l1,performance,9,232,-0.0,False,4,2027-03-22,2026-12-22,barrier_clear,126,BP_20270322_90.00,BinaryPut,90.0,2027-03-22
full,l1,performance,9,233,0.0,False,4,2027-03-22,2026-12-22,barrier_clear,127,C_20270322_95.00,EuropeanCall,95.0,2027-03-22
full,l1,performance,9,234,-0.0,False,4,2027-03-22,2026-12-22,barrier_clear,128,P_20270322_95.00,EuropeanPut,95.0,2027-03-22
full,l1,performance,9,235,0.0,False,4,2027-03-22,2026-12-22,barrier_clear,129,BC_20270322_95.00,BinaryCall,95.0,2027-03-22
full,l1,performance,9,236,-0.0,False,4,2027-03-22,2026-12-22,barrier_clear,130,BP_20270322_95.00,BinaryPut,95.0,2027-03-22
full,l1,performance,9,237,-0.0,False,4,2027-03-22,2026-12-22,barrier_clear,131,C_20270322_100.00,EuropeanCall,100.0,2027-03-22
full,l1,performance,9,238,-0.0,False,4,2027-03-22,2026-12-22,barrier_clear,132,P_20270322_100.00,EuropeanPut,100.0,2027-03-22
full,l1,performance,9,239,0.0,False,4,2027-03-22,2026-12-22,barrier_clear,133,BC_20270322_100.00,BinaryCall,100.0,2027-03-22
full,l1,performance,9,240,-0.0,False,4,2027-03-22,2026-12-22,barrier_clear,134,BP_20270322_100.00,BinaryPut,100.0,2027-03-22
full,l1,performance,9,241,-0.0,False,4,2027-03-22,2026-12-22,barrier_clear,135,C_20270322_105.00,EuropeanCall,105.0,2027-03-22
full,l1,performance,9,242,-0.0,False,4,2027-03-22,2026-12-22,barrier_clear,136,P_20270322_105.00,EuropeanPut,105.0,2027-03-22
full,l1,performance,9,243,-0.0,False,4,2027-03-22,2026-12-22,barrier_clear,137,BC_20270322_105.00,BinaryCall,105.0,2027-03-22
full,l1,performance,9,244,0.0,False,4,2027-03-22,2026-12-22,barrier_clear,138,BP_20270322_105.00,BinaryPut,105.0,2027-03-22
full,l1,performance,9,245,-0.0,False,4,2027-03-22,2026-12-22,barrier_clear,139,C_20270322_110.00,EuropeanCall,110.0,2027-03-22
full,l1,performance,9,246,-0.0,False,4,2027-03-22,2026-12-22,barrier_clear,140,P_20270322_110.00,EuropeanPut,110.0,2027-03-22
full,l1,performance,9,247,-0.0,False,4,2027-03-22,2026-12-22,barrier_clear,141,BC_20270322_110.00,BinaryCall,110.0,2027-03-22
full,l1,performance,9,248,0.0,False,4,2027-03-22,2026-12-22,barrier_clear,142,BP_20270322_110.00,BinaryPut,110.0,2027-03-22
full,l1,performance,9,249,-0.0,False,4,2027-03-22,2026-12-22,barrier_clear,143,C_20270322_115.00,EuropeanCall,115.0,2027-03-22
full,l1,performance,9,250,-0.0,False,4,2027-03-22,2026-12-22,barrier_clear,144,P_20270322_115.00,EuropeanPut,115.0,2027-03-22
full,l1,performance,9,251,-0.0,False,4,2027-03-22,2026-12-22,barrier_clear,145,BC_20270322_115.00,BinaryCall,115.0,2027-03-22
full,l1,performance,9,252,0.0,False,4,2027-03-22,2026-12-22,barrier_clear,146,BP_20270322_115.00,BinaryPut,115.0,2027-03-22
full,l1,performance,9,253,-0.0,False,4,2027-03-22,2026-12-22,barrier_clear,147,C_20270322_120.00,EuropeanCall,120.0,2027-03-22
full,l1,performance,9,254,-0.0,False,4,2027-03-22,2026-12-22,barrier_clear,148,P_20270322_120.00,EuropeanPut,120.0,2027-03-22
full,l1,performance,9,255,-0.0,False,4,2027-03-22,2026-12-22,barrier_clear,149,BC_20270322_120.00,BinaryCall,120.0,2027-03-22
full,l1,performance,9,256,0.0,False,4,2027-03-22,2026-12-22,barrier_clear,150,BP_20270322_120.00,BinaryPut,120.0,2027-03-22
full,l1,performance,9,257,-0.0,False,4,2027-03-22,2026-12-22,barrier_clear,151,C_20270322_125.00,EuropeanCall,125.0,2027-03-22
full,l1,performance,9,258,-0.0,False,4,2027-03-22,2026-12-22,barrier_clear,152,P_20270322_125.00,EuropeanPut,125.0,2027-03-22
full,l1,performance,9,259,-0.0,False,4,2027-03-22,2026-12-22,barrier_clear,153,BC_20270322_125.00,BinaryCall,125.0,2027-03-22
full,l1,performance,9,260,0.0,False,4,2027-03-22,2026-12-22,barrier_clear,154,BP_20270322_125.00,BinaryPut,125.0,2027-03-22
full,l1,performance,9,261,-0.0,False,4,2027-03-22,2026-12-22,barrier_clear,155,C_20270322_130.00,EuropeanCall,130.0,2027-03-22
full,l1,performance,9,262,-0.0,False,4,2027-03-22,2026-12-22,barrier_clear,156,P_20270322_130.00,EuropeanPut,130.0,2027-03-22
full,l1,performance,9,263,-0.0,False,4,2027-03-22,2026-12-22,barrier_clear,157,BC_20270322_130.00,BinaryCall,130.0,2027-03-22
full,l1,performance,9,264,0.0,False,4,2027-03-22,2026-12-22,barrier_clear,158,BP_20270322_130.00,BinaryPut,130.0,2027-03-22
full,l1,performance,9,265,-0.34469072597839107,True,5,2027-06-22,2027-03-22,pooled,159,CASH_20270622,Cash,0.0,2027-06-22
full,l1,performance,9,266,0.0,False,5,2027-06-22,2027-03-22,pooled,160,C_20270622_70.00,EuropeanCall,70.0,2027-06-22
full,l1,performance,9,267,-0.36538615690577714,True,5,2027-06-22,2027-03-22,pooled,161,P_20270622_70.00,EuropeanPut,70.0,2027-06-22
full,l1,performance,9,268,0.0,False,5,2027-06-22,2027-03-22,pooled,162,BC_20270622_70.00,BinaryCall,70.0,2027-06-22
full,l1,performance,9,269,-0.0,False,5,2027-06-22,2027-03-22,pooled,163,BP_20270622_70.00,BinaryPut,70.0,2027-06-22
full,l1,performance,9,270,0.3676116304462925,True,5,2027-06-22,2027-03-22,pooled,164,C_20270622_75.00,EuropeanCall,75.0,2027-06-22
full,l1,performance,9,271,-0.0,False,5,2027-06-22,2027-03-22,pooled,165,P_20270622_75.00,EuropeanPut,75.0,2027-06-22
full,l1,performance,9,272,0.9188885444862399,True,5,2027-06-22,2027-03-22,pooled,166,BC_20270622_75.00,BinaryCall,75.0,2027-06-22
full,l1,performance,9,273,-0.0,False,5,2027-06-22,2027-03-22,pooled,167,BP_20270622_75.00,BinaryPut,75.0,2027-06-22
full,l1,performance,9,274,0.0,False,5,2027-06-22,2027-03-22,pooled,168,C_20270622_80.00,EuropeanCall,80.0,2027-06-22
full,l1,performance,9,275,-0.0,False,5,2027-06-22,2027-03-22,pooled,169,P_20270622_80.00,EuropeanPut,80.0,2027-06-22
full,l1,performance,9,276,0.0,False,5,2027-06-22,2027-03-22,pooled,170,BC_20270622_80.00,BinaryCall,80.0,2027-06-22
full,l1,performance,9,277,-0.0,False,5,2027-06-22,2027-03-22,pooled,171,BP_20270622_80.00,BinaryPut,80.0,2027-06-22
full,l1,performance,9,278,0.0,False,5,2027-06-22,2027-03-22,pooled,172,C_20270622_85.00,EuropeanCall,85.0,2027-06-22
full,l1,performance,9,279,-0.0,False,5,2027-06-22,2027-03-22,pooled,173,P_20270622_85.00,EuropeanPut,85.0,2027-06-22
full,l1,performance,9,280,0.0,False,5,2027-06-22,2027-03-22,pooled,174,BC_20270622_85.00,BinaryCall,85.0,2027-06-22
full,l1,performance,9,281,-0.0,False,5,2027-06-22,2027-03-22,pooled,175,BP_20270622_85.00,BinaryPut,85.0,2027-06-22
full,l1,performance,9,282,0.0,False,5,2027-06-22,2027-03-22,pooled,176,C_20270622_90.00,EuropeanCall,90.0,2027-06-22
full,l1,performance,9,283,-0.0,False,5,2027-06-22,2027-03-22,pooled,177,P_20270622_90.00,EuropeanPut,90.0,2027-06-22
full,l1,performance,9,284,0.0,False,5,2027-06-22,2027-03-22,pooled,178,BC_20270622_90.00,BinaryCall,90.0,2027-06-22
full,l1,performance,9,285,-0.0,False,5,2027-06-22,2027-03-22,pooled,179,BP_20270622_90.00,BinaryPut,90.0,2027-06-22
full,l1,performance,9,286,0.0,False,5,2027-06-22,2027-03-22,pooled,180,C_20270622_95.00,EuropeanCall,95.0,2027-06-22
full,l1,performance,9,287,-0.0,False,5,2027-06-22,2027-03-22,pooled,181,P_20270622_95.00,EuropeanPut,95.0,2027-06-22
full,l1,performance,9,288,0.0,False,5,2027-06-22,2027-03-22,pooled,182,BC_20270622_95.00,BinaryCall,95.0,2027-06-22
full,l1,performance,9,289,-0.0,False,5,2027-06-22,2027-03-22,pooled,183,BP_20270622_95.00,BinaryPut,95.0,2027-06-22
full,l1,performance,9,290,0.0,False,5,2027-06-22,2027-03-22,pooled,184,C_20270622_100.00,EuropeanCall,100.0,2027-06-22
full,l1,performance,9,291,-0.0,False,5,2027-06-22,2027-03-22,pooled,185,P_20270622_100.00,EuropeanPut,100.0,2027-06-22
full,l1,performance,9,292,0.0,False,5,2027-06-22,2027-03-22,pooled,186,BC_20270622_100.00,BinaryCall,100.0,2027-06-22
full,l1,performance,9,293,-0.0,False,5,2027-06-22,2027-03-22,pooled,187,BP_20270622_100.00,BinaryPut,100.0,2027-06-22
full,l1,performance,9,294,0.0,False,5,2027-06-22,2027-03-22,pooled,188,C_20270622_105.00,EuropeanCall,105.0,2027-06-22
full,l1,performance,9,295,-0.0,False,5,2027-06-22,2027-03-22,pooled,189,P_20270622_105.00,EuropeanPut,105.0,2027-06-22
full,l1,performance,9,296,0.0,False,5,2027-06-22,2027-03-22,pooled,190,BC_20270622_105.00,BinaryCall,105.0,2027-06-22
full,l1,performance,9,297,-0.0,False,5,2027-06-22,2027-03-22,pooled,191,BP_20270622_105.00,BinaryPut,105.0,2027-06-22
full,l1,performance,9,298,0.0,False,5,2027-06-22,2027-03-22,pooled,192,C_20270622_110.00,EuropeanCall,110.0,2027-06-22
full,l1,performance,9,299,-0.0,False,5,2027-06-22,2027-03-22,pooled,193,P_20270622_110.00,EuropeanPut,110.0,2027-06-22
full,l1,performance,9,300,0.0,False,5,2027-06-22,2027-03-22,pooled,194,BC_20270622_110.00,BinaryCall,110.0,2027-06-22
full,l1,performance,9,301,-0.0,False,5,2027-06-22,2027-03-22,pooled,195,BP_20270622_110.00,BinaryPut,110.0,2027-06-22
full,l1,performance,9,302,0.0,False,5,2027-06-22,2027-03-22,pooled,196,C_20270622_115.00,EuropeanCall,115.0,2027-06-22
full,l1,performance,9,303,-0.0,False,5,2027-06-22,2027-03-22,pooled,197,P_20270622_115.00,EuropeanPut,115.0,2027-06-22
full,l1,performance,9,304,0.0,False,5,2027-06-22,2027-03-22,pooled,198,BC_20270622_115.00,BinaryCall,115.0,2027-06-22
full,l1,performance,9,305,-0.0,False,5,2027-06-22,2027-03-22,pooled,199,BP_20270622_115.00,BinaryPut,115.0,2027-06-22
full,l1,performance,9,306,0.0,False,5,2027-06-22,2027-03-22,pooled,200,C_20270622_120.00,EuropeanCall,120.0,2027-06-22
full,l1,performance,9,307,-0.0,False,5,2027-06-22,2027-03-22,pooled,201,P_20270622_120.00,EuropeanPut,120.0,2027-06-22
full,l1,performance,9,308,0.0,False,5,2027-06-22,2027-03-22,pooled,202,BC_20270622_120.00,BinaryCall,120.0,2027-06-22
full,l1,performance,9,309,-0.0,False,5,2027-06-22,2027-03-22,pooled,203,BP_20270622_120.00,BinaryPut,120.0,2027-06-22
full,l1,performance,9,310,0.0,False,5,2027-06-22,2027-03-22,pooled,204,C_20270622_125.00,EuropeanCall,125.0,2027-06-22
full,l1,performance,9,311,-0.0,False,5,2027-06-22,2027-03-22,pooled,205,P_20270622_125.00,EuropeanPut,125.0,2027-06-22
full,l1,performance,9,312,0.0,False,5,2027-06-22,2027-03-22,pooled,206,BC_20270622_125.00,BinaryCall,125.0,2027-06-22
full,l1,performance,9,313,-0.0,False,5,2027-06-22,2027-03-22,pooled,207,BP_20270622_125.00,BinaryPut,125.0,2027-06-22
full,l1,performance,9,314,0.0,False,5,2027-06-22,2027-03-22,pooled,208,C_20270622_130.00,EuropeanCall,130.0,2027-06-22
full,l1,performance,9,315,-0.0,False,5,2027-06-22,2027-03-22,pooled,209,P_20270622_130.00,EuropeanPut,130.0,2027-06-22
full,l1,performance,9,316,0.0,False,5,2027-06-22,2027-03-22,pooled,210,BC_20270622_130.00,BinaryCall,130.0,2027-06-22
full,l1,performance,9,317,-0.0,False,5,2027-06-22,2027-03-22,pooled,211,BP_20270622_130.00,BinaryPut,130.0,2027-06-22
full,l1,performance,9,318,0.004690769212620621,True,6,2027-06-22,2027-03-22,barrier_clear,159,CASH_20270622,Cash,0.0,2027-06-22
full,l1,performance,9,319,0.0,False,6,2027-06-22,2027-03-22,barrier_clear,160,C_20270622_70.00,EuropeanCall,70.0,2027-06-22
full,l1,performance,9,320,0.0,False,6,2027-06-22,2027-03-22,barrier_clear,161,P_20270622_70.00,EuropeanPut,70.0,2027-06-22
full,l1,performance,9,321,0.0,False,6,2027-06-22,2027-03-22,barrier_clear,162,BC_20270622_70.00,BinaryCall,70.0,2027-06-22
full,l1,performance,9,322,-0.0,False,6,2027-06-22,2027-03-22,barrier_clear,163,BP_20270622_70.00,BinaryPut,70.0,2027-06-22
full,l1,performance,9,323,0.0,False,6,2027-06-22,2027-03-22,barrier_clear,164,C_20270622_75.00,EuropeanCall,75.0,2027-06-22
full,l1,performance,9,324,-2.832751307585168,True,6,2027-06-22,2027-03-22,barrier_clear,165,P_20270622_75.00,EuropeanPut,75.0,2027-06-22
full,l1,performance,9,325,0.0,False,6,2027-06-22,2027-03-22,barrier_clear,166,BC_20270622_75.00,BinaryCall,75.0,2027-06-22
full,l1,performance,9,326,-5.335425959062743,True,6,2027-06-22,2027-03-22,barrier_clear,167,BP_20270622_75.00,BinaryPut,75.0,2027-06-22
full,l1,performance,9,327,0.0,False,6,2027-06-22,2027-03-22,barrier_clear,168,C_20270622_80.00,EuropeanCall,80.0,2027-06-22
full,l1,performance,9,328,-0.8736422629806392,True,6,2027-06-22,2027-03-22,barrier_clear,169,P_20270622_80.00,EuropeanPut,80.0,2027-06-22
full,l1,performance,9,329,0.0,False,6,2027-06-22,2027-03-22,barrier_clear,170,BC_20270622_80.00,BinaryCall,80.0,2027-06-22
full,l1,performance,9,330,-0.0,False,6,2027-06-22,2027-03-22,barrier_clear,171,BP_20270622_80.00,BinaryPut,80.0,2027-06-22
full,l1,performance,9,331,0.0,False,6,2027-06-22,2027-03-22,barrier_clear,172,C_20270622_85.00,EuropeanCall,85.0,2027-06-22
full,l1,performance,9,332,-0.0,False,6,2027-06-22,2027-03-22,barrier_clear,173,P_20270622_85.00,EuropeanPut,85.0,2027-06-22
full,l1,performance,9,333,0.0,False,6,2027-06-22,2027-03-22,barrier_clear,174,BC_20270622_85.00,BinaryCall,85.0,2027-06-22
full,l1,performance,9,334,-0.0,False,6,2027-06-22,2027-03-22,barrier_clear,175,BP_20270622_85.00,BinaryPut,85.0,2027-06-22
full,l1,performance,9,335,0.0,False,6,2027-06-22,2027-03-22,barrier_clear,176,C_20270622_90.00,EuropeanCall,90.0,2027-06-22
full,l1,performance,9,336,-0.0,False,6,2027-06-22,2027-03-22,barrier_clear,177,P_20270622_90.00,EuropeanPut,90.0,2027-06-22
full,l1,performance,9,337,0.0,False,6,2027-06-22,2027-03-22,barrier_clear,178,BC_20270622_90.00,BinaryCall,90.0,2027-06-22
full,l1,performance,9,338,-0.0,False,6,2027-06-22,2027-03-22,barrier_clear,179,BP_20270622_90.00,BinaryPut,90.0,2027-06-22
full,l1,performance,9,339,0.0,False,6,2027-06-22,2027-03-22,barrier_clear,180,C_20270622_95.00,EuropeanCall,95.0,2027-06-22
full,l1,performance,9,340,-0.0,False,6,2027-06-22,2027-03-22,barrier_clear,181,P_20270622_95.00,EuropeanPut,95.0,2027-06-22
full,l1,performance,9,341,0.0,False,6,2027-06-22,2027-03-22,barrier_clear,182,BC_20270622_95.00,BinaryCall,95.0,2027-06-22
full,l1,performance,9,342,-0.0,False,6,2027-06-22,2027-03-22,barrier_clear,183,BP_20270622_95.00,BinaryPut,95.0,2027-06-22
full,l1,performance,9,343,0.0,False,6,2027-06-22,2027-03-22,barrier_clear,184,C_20270622_100.00,EuropeanCall,100.0,2027-06-22
full,l1,performance,9,344,-0.0,False,6,2027-06-22,2027-03-22,barrier_clear,185,P_20270622_100.00,EuropeanPut,100.0,2027-06-22
full,l1,performance,9,345,0.0,False,6,2027-06-22,2027-03-22,barrier_clear,186,BC_20270622_100.00,BinaryCall,100.0,2027-06-22
full,l1,performance,9,346,-0.0,False,6,2027-06-22,2027-03-22,barrier_clear,187,BP_20270622_100.00,BinaryPut,100.0,2027-06-22
full,l1,performance,9,347,0.0,False,6,2027-06-22,2027-03-22,barrier_clear,188,C_20270622_105.00,EuropeanCall,105.0,2027-06-22
full,l1,performance,9,348,-0.0,False,6,2027-06-22,2027-03-22,barrier_clear,189,P_20270622_105.00,EuropeanPut,105.0,2027-06-22
full,l1,performance,9,349,0.0,False,6,2027-06-22,2027-03-22,barrier_clear,190,BC_20270622_105.00,BinaryCall,105.0,2027-06-22
full,l1,performance,9,350,-0.0,False,6,2027-06-22,2027-03-22,barrier_clear,191,BP_20270622_105.00,BinaryPut,105.0,2027-06-22
full,l1,performance,9,351,0.0,False,6,2027-06-22,2027-03-22,barrier_clear,192,C_20270622_110.00,EuropeanCall,110.0,2027-06-22
full,l1,performance,9,352,-0.0,False,6,2027-06-22,2027-03-22,barrier_clear,193,P_20270622_110.00,EuropeanPut,110.0,2027-06-22
full,l1,performance,9,353,0.0,False,6,2027-06-22,2027-03-22,barrier_clear,194,BC_20270622_110.00,BinaryCall,110.0,2027-06-22
full,l1,performance,9,354,-0.0,False,6,2027-06-22,2027-03-22,barrier_clear,195,BP_20270622_110.00,BinaryPut,110.0,2027-06-22
full,l1,performance,9,355,0.0,False,6,2027-06-22,2027-03-22,barrier_clear,196,C_20270622_115.00,EuropeanCall,115.0,2027-06-22
full,l1,performance,9,356,-0.0,False,6,2027-06-22,2027-03-22,barrier_clear,197,P_20270622_115.00,EuropeanPut,115.0,2027-06-22
full,l1,performance,9,357,0.0,False,6,2027-06-22,2027-03-22,barrier_clear,198,BC_20270622_115.00,BinaryCall,115.0,2027-06-22
full,l1,performance,9,358,-0.0,False,6,2027-06-22,2027-03-22,barrier_clear,199,BP_20270622_115.00,BinaryPut,115.0,2027-06-22
full,l1,performance,9,359,0.0,False,6,2027-06-22,2027-03-22,barrier_clear,200,C_20270622_120.00,EuropeanCall,120.0,2027-06-22
full,l1,performance,9,360,-0.0,False,6,2027-06-22,2027-03-22,barrier_clear,201,P_20270622_120.00,EuropeanPut,120.0,2027-06-22
full,l1,performance,9,361,0.0,False,6,2027-06-22,2027-03-22,barrier_clear,202,BC_20270622_120.00,BinaryCall,120.0,2027-06-22
full,l1,performance,9,362,-0.0,False,6,2027-06-22,2027-03-22,barrier_clear,203,BP_20270622_120.00,BinaryPut,120.0,2027-06-22
full,l1,performance,9,363,0.0,False,6,2027-06-22,2027-03-22,barrier_clear,204,C_20270622_125.00,EuropeanCall,125.0,2027-06-22
full,l1,performance,9,364,-0.0,False,6,2027-06-22,2027-03-22,barrier_clear,205,P_20270622_125.00,EuropeanPut,125.0,2027-06-22
full,l1,performance,9,365,0.0,False,6,2027-06-22,2027-03-22,barrier_clear,206,BC_20270622_125.00,BinaryCall,125.0,2027-06-22
full,l1,performance,9,366,0.0,False,6,2027-06-22,2027-03-22,barrier_clear,207,BP_20270622_125.00,BinaryPut,125.0,2027-06-22
full,l1,performance,9,367,0.0,False,6,2027-06-22,2027-03-22,barrier_clear,208,C_20270622_130.00,EuropeanCall,130.0,2027-06-22
full,l1,performance,9,368,-0.0,False,6,2027-06-22,2027-03-22,barrier_clear,209,P_20270622_130.00,EuropeanPut,130.0,2027-06-22
full,l1,performance,9,369,0.0,False,6,2027-06-22,2027-03-22,barrier_clear,210,BC_20270622_130.00,BinaryCall,130.0,2027-06-22
full,l1,performance,9,370,0.0,False,6,2027-06-22,2027-03-22,barrier_clear,211,BP_20270622_130.00,BinaryPut,130.0,2027-06-22
full,l1,compromise,7,0,1.0199949877438614,True,0,2026-09-22,,initial,0,CASH_20260922,Cash,0.0,2026-09-22
full,l1,compromise,7,1,-0.0,False,0,2026-09-22,,initial,1,C_20260922_70.00,EuropeanCall,70.0,2026-09-22
full,l1,compromise,7,2,0.0,False,0,2026-09-22,,initial,2,P_20260922_70.00,EuropeanPut,70.0,2026-09-22
full,l1,compromise,7,3,-0.0,False,0,2026-09-22,,initial,3,BC_20260922_70.00,BinaryCall,70.0,2026-09-22
full,l1,compromise,7,4,0.0,False,0,2026-09-22,,initial,4,BP_20260922_70.00,BinaryPut,70.0,2026-09-22
full,l1,compromise,7,5,-0.0,False,0,2026-09-22,,initial,5,C_20260922_75.00,EuropeanCall,75.0,2026-09-22
full,l1,compromise,7,6,0.0,False,0,2026-09-22,,initial,6,P_20260922_75.00,EuropeanPut,75.0,2026-09-22
full,l1,compromise,7,7,-0.0,False,0,2026-09-22,,initial,7,BC_20260922_75.00,BinaryCall,75.0,2026-09-22
full,l1,compromise,7,8,0.0,False,0,2026-09-22,,initial,8,BP_20260922_75.00,BinaryPut,75.0,2026-09-22
full,l1,compromise,7,9,-0.0,False,0,2026-09-22,,initial,9,C_20260922_80.00,EuropeanCall,80.0,2026-09-22
full,l1,compromise,7,10,0.0,False,0,2026-09-22,,initial,10,P_20260922_80.00,EuropeanPut,80.0,2026-09-22
full,l1,compromise,7,11,-0.0,False,0,2026-09-22,,initial,11,BC_20260922_80.00,BinaryCall,80.0,2026-09-22
full,l1,compromise,7,12,0.0,False,0,2026-09-22,,initial,12,BP_20260922_80.00,BinaryPut,80.0,2026-09-22
full,l1,compromise,7,13,0.0,False,0,2026-09-22,,initial,13,C_20260922_85.00,EuropeanCall,85.0,2026-09-22
full,l1,compromise,7,14,0.0,False,0,2026-09-22,,initial,14,P_20260922_85.00,EuropeanPut,85.0,2026-09-22
full,l1,compromise,7,15,-0.0,False,0,2026-09-22,,initial,15,BC_20260922_85.00,BinaryCall,85.0,2026-09-22
full,l1,compromise,7,16,0.009985764607545772,True,0,2026-09-22,,initial,16,BP_20260922_85.00,BinaryPut,85.0,2026-09-22
full,l1,compromise,7,17,0.0,False,0,2026-09-22,,initial,17,C_20260922_90.00,EuropeanCall,90.0,2026-09-22
full,l1,compromise,7,18,0.0,False,0,2026-09-22,,initial,18,P_20260922_90.00,EuropeanPut,90.0,2026-09-22
full,l1,compromise,7,19,-0.0,False,0,2026-09-22,,initial,19,BC_20260922_90.00,BinaryCall,90.0,2026-09-22
full,l1,compromise,7,20,0.0,False,0,2026-09-22,,initial,20,BP_20260922_90.00,BinaryPut,90.0,2026-09-22
full,l1,compromise,7,21,0.0,False,0,2026-09-22,,initial,21,C_20260922_95.00,EuropeanCall,95.0,2026-09-22
full,l1,compromise,7,22,0.0,False,0,2026-09-22,,initial,22,P_20260922_95.00,EuropeanPut,95.0,2026-09-22
full,l1,compromise,7,23,0.0,False,0,2026-09-22,,initial,23,BC_20260922_95.00,BinaryCall,95.0,2026-09-22
full,l1,compromise,7,24,-0.0,False,0,2026-09-22,,initial,24,BP_20260922_95.00,BinaryPut,95.0,2026-09-22
full,l1,compromise,7,25,0.0,False,0,2026-09-22,,initial,25,C_20260922_100.00,EuropeanCall,100.0,2026-09-22
full,l1,compromise,7,26,0.0,False,0,2026-09-22,,initial,26,P_20260922_100.00,EuropeanPut,100.0,2026-09-22
full,l1,compromise,7,27,0.0,False,0,2026-09-22,,initial,27,BC_20260922_100.00,BinaryCall,100.0,2026-09-22
full,l1,compromise,7,28,-0.0,False,0,2026-09-22,,initial,28,BP_20260922_100.00,BinaryPut,100.0,2026-09-22
full,l1,compromise,7,29,0.0,False,0,2026-09-22,,initial,29,C_20260922_105.00,EuropeanCall,105.0,2026-09-22
full,l1,compromise,7,30,0.0,False,0,2026-09-22,,initial,30,P_20260922_105.00,EuropeanPut,105.0,2026-09-22
full,l1,compromise,7,31,0.0,False,0,2026-09-22,,initial,31,BC_20260922_105.00,BinaryCall,105.0,2026-09-22
full,l1,compromise,7,32,-0.0,False,0,2026-09-22,,initial,32,BP_20260922_105.00,BinaryPut,105.0,2026-09-22
full,l1,compromise,7,33,0.0,False,0,2026-09-22,,initial,33,C_20260922_110.00,EuropeanCall,110.0,2026-09-22
full,l1,compromise,7,34,0.0,False,0,2026-09-22,,initial,34,P_20260922_110.00,EuropeanPut,110.0,2026-09-22
full,l1,compromise,7,35,0.0,False,0,2026-09-22,,initial,35,BC_20260922_110.00,BinaryCall,110.0,2026-09-22
full,l1,compromise,7,36,-0.0,False,0,2026-09-22,,initial,36,BP_20260922_110.00,BinaryPut,110.0,2026-09-22
full,l1,compromise,7,37,0.0,False,0,2026-09-22,,initial,37,C_20260922_115.00,EuropeanCall,115.0,2026-09-22
full,l1,compromise,7,38,0.0,False,0,2026-09-22,,initial,38,P_20260922_115.00,EuropeanPut,115.0,2026-09-22
full,l1,compromise,7,39,0.0,False,0,2026-09-22,,initial,39,BC_20260922_115.00,BinaryCall,115.0,2026-09-22
full,l1,compromise,7,40,-0.0,False,0,2026-09-22,,initial,40,BP_20260922_115.00,BinaryPut,115.0,2026-09-22
full,l1,compromise,7,41,0.0,False,0,2026-09-22,,initial,41,C_20260922_120.00,EuropeanCall,120.0,2026-09-22
full,l1,compromise,7,42,0.0,False,0,2026-09-22,,initial,42,P_20260922_120.00,EuropeanPut,120.0,2026-09-22
full,l1,compromise,7,43,0.0,False,0,2026-09-22,,initial,43,BC_20260922_120.00,BinaryCall,120.0,2026-09-22
full,l1,compromise,7,44,-0.0,False,0,2026-09-22,,initial,44,BP_20260922_120.00,BinaryPut,120.0,2026-09-22
full,l1,compromise,7,45,0.0,False,0,2026-09-22,,initial,45,C_20260922_125.00,EuropeanCall,125.0,2026-09-22
full,l1,compromise,7,46,0.0,False,0,2026-09-22,,initial,46,P_20260922_125.00,EuropeanPut,125.0,2026-09-22
full,l1,compromise,7,47,0.0,False,0,2026-09-22,,initial,47,BC_20260922_125.00,BinaryCall,125.0,2026-09-22
full,l1,compromise,7,48,-0.0,False,0,2026-09-22,,initial,48,BP_20260922_125.00,BinaryPut,125.0,2026-09-22
full,l1,compromise,7,49,0.0,False,0,2026-09-22,,initial,49,C_20260922_130.00,EuropeanCall,130.0,2026-09-22
full,l1,compromise,7,50,0.0,False,0,2026-09-22,,initial,50,P_20260922_130.00,EuropeanPut,130.0,2026-09-22
full,l1,compromise,7,51,0.0,False,0,2026-09-22,,initial,51,BC_20260922_130.00,BinaryCall,130.0,2026-09-22
full,l1,compromise,7,52,-0.0,False,0,2026-09-22,,initial,52,BP_20260922_130.00,BinaryPut,130.0,2026-09-22
full,l1,compromise,7,53,-1.9984014443252818e-14,False,1,2026-12-22,2026-09-22,pooled,53,CASH_20261222,Cash,0.0,2026-12-22
full,l1,compromise,7,54,0.0,False,1,2026-12-22,2026-09-22,pooled,54,C_20261222_70.00,EuropeanCall,70.0,2026-12-22
full,l1,compromise,7,55,0.0,False,1,2026-12-22,2026-09-22,pooled,55,P_20261222_70.00,EuropeanPut,70.0,2026-12-22
full,l1,compromise,7,56,0.0,False,1,2026-12-22,2026-09-22,pooled,56,BC_20261222_70.00,BinaryCall,70.0,2026-12-22
full,l1,compromise,7,57,0.0,False,1,2026-12-22,2026-09-22,pooled,57,BP_20261222_70.00,BinaryPut,70.0,2026-12-22
full,l1,compromise,7,58,0.0,False,1,2026-12-22,2026-09-22,pooled,58,C_20261222_75.00,EuropeanCall,75.0,2026-12-22
full,l1,compromise,7,59,0.0,False,1,2026-12-22,2026-09-22,pooled,59,P_20261222_75.00,EuropeanPut,75.0,2026-12-22
full,l1,compromise,7,60,0.0,False,1,2026-12-22,2026-09-22,pooled,60,BC_20261222_75.00,BinaryCall,75.0,2026-12-22
full,l1,compromise,7,61,0.0,False,1,2026-12-22,2026-09-22,pooled,61,BP_20261222_75.00,BinaryPut,75.0,2026-12-22
full,l1,compromise,7,62,0.0,False,1,2026-12-22,2026-09-22,pooled,62,C_20261222_80.00,EuropeanCall,80.0,2026-12-22
full,l1,compromise,7,63,0.0,False,1,2026-12-22,2026-09-22,pooled,63,P_20261222_80.00,EuropeanPut,80.0,2026-12-22
full,l1,compromise,7,64,0.0,False,1,2026-12-22,2026-09-22,pooled,64,BC_20261222_80.00,BinaryCall,80.0,2026-12-22
full,l1,compromise,7,65,0.0,False,1,2026-12-22,2026-09-22,pooled,65,BP_20261222_80.00,BinaryPut,80.0,2026-12-22
full,l1,compromise,7,66,0.0,False,1,2026-12-22,2026-09-22,pooled,66,C_20261222_85.00,EuropeanCall,85.0,2026-12-22
full,l1,compromise,7,67,0.0,False,1,2026-12-22,2026-09-22,pooled,67,P_20261222_85.00,EuropeanPut,85.0,2026-12-22
full,l1,compromise,7,68,0.0,False,1,2026-12-22,2026-09-22,pooled,68,BC_20261222_85.00,BinaryCall,85.0,2026-12-22
full,l1,compromise,7,69,0.0,False,1,2026-12-22,2026-09-22,pooled,69,BP_20261222_85.00,BinaryPut,85.0,2026-12-22
full,l1,compromise,7,70,0.0,False,1,2026-12-22,2026-09-22,pooled,70,C_20261222_90.00,EuropeanCall,90.0,2026-12-22
full,l1,compromise,7,71,0.0,False,1,2026-12-22,2026-09-22,pooled,71,P_20261222_90.00,EuropeanPut,90.0,2026-12-22
full,l1,compromise,7,72,0.0,False,1,2026-12-22,2026-09-22,pooled,72,BC_20261222_90.00,BinaryCall,90.0,2026-12-22
full,l1,compromise,7,73,0.0,False,1,2026-12-22,2026-09-22,pooled,73,BP_20261222_90.00,BinaryPut,90.0,2026-12-22
full,l1,compromise,7,74,0.0,False,1,2026-12-22,2026-09-22,pooled,74,C_20261222_95.00,EuropeanCall,95.0,2026-12-22
full,l1,compromise,7,75,0.0,False,1,2026-12-22,2026-09-22,pooled,75,P_20261222_95.00,EuropeanPut,95.0,2026-12-22
full,l1,compromise,7,76,0.0,False,1,2026-12-22,2026-09-22,pooled,76,BC_20261222_95.00,BinaryCall,95.0,2026-12-22
full,l1,compromise,7,77,0.0,False,1,2026-12-22,2026-09-22,pooled,77,BP_20261222_95.00,BinaryPut,95.0,2026-12-22
full,l1,compromise,7,78,0.0,False,1,2026-12-22,2026-09-22,pooled,78,C_20261222_100.00,EuropeanCall,100.0,2026-12-22
full,l1,compromise,7,79,0.0,False,1,2026-12-22,2026-09-22,pooled,79,P_20261222_100.00,EuropeanPut,100.0,2026-12-22
full,l1,compromise,7,80,0.0,False,1,2026-12-22,2026-09-22,pooled,80,BC_20261222_100.00,BinaryCall,100.0,2026-12-22
full,l1,compromise,7,81,0.0,False,1,2026-12-22,2026-09-22,pooled,81,BP_20261222_100.00,BinaryPut,100.0,2026-12-22
full,l1,compromise,7,82,0.0,False,1,2026-12-22,2026-09-22,pooled,82,C_20261222_105.00,EuropeanCall,105.0,2026-12-22
full,l1,compromise,7,83,0.0,False,1,2026-12-22,2026-09-22,pooled,83,P_20261222_105.00,EuropeanPut,105.0,2026-12-22
full,l1,compromise,7,84,0.0,False,1,2026-12-22,2026-09-22,pooled,84,BC_20261222_105.00,BinaryCall,105.0,2026-12-22
full,l1,compromise,7,85,0.0,False,1,2026-12-22,2026-09-22,pooled,85,BP_20261222_105.00,BinaryPut,105.0,2026-12-22
full,l1,compromise,7,86,0.0,False,1,2026-12-22,2026-09-22,pooled,86,C_20261222_110.00,EuropeanCall,110.0,2026-12-22
full,l1,compromise,7,87,0.0,False,1,2026-12-22,2026-09-22,pooled,87,P_20261222_110.00,EuropeanPut,110.0,2026-12-22
full,l1,compromise,7,88,0.0,False,1,2026-12-22,2026-09-22,pooled,88,BC_20261222_110.00,BinaryCall,110.0,2026-12-22
full,l1,compromise,7,89,0.0,False,1,2026-12-22,2026-09-22,pooled,89,BP_20261222_110.00,BinaryPut,110.0,2026-12-22
full,l1,compromise,7,90,0.0,False,1,2026-12-22,2026-09-22,pooled,90,C_20261222_115.00,EuropeanCall,115.0,2026-12-22
full,l1,compromise,7,91,0.0,False,1,2026-12-22,2026-09-22,pooled,91,P_20261222_115.00,EuropeanPut,115.0,2026-12-22
full,l1,compromise,7,92,0.0,False,1,2026-12-22,2026-09-22,pooled,92,BC_20261222_115.00,BinaryCall,115.0,2026-12-22
full,l1,compromise,7,93,0.0,False,1,2026-12-22,2026-09-22,pooled,93,BP_20261222_115.00,BinaryPut,115.0,2026-12-22
full,l1,compromise,7,94,0.0,False,1,2026-12-22,2026-09-22,pooled,94,C_20261222_120.00,EuropeanCall,120.0,2026-12-22
full,l1,compromise,7,95,0.0,False,1,2026-12-22,2026-09-22,pooled,95,P_20261222_120.00,EuropeanPut,120.0,2026-12-22
full,l1,compromise,7,96,0.0,False,1,2026-12-22,2026-09-22,pooled,96,BC_20261222_120.00,BinaryCall,120.0,2026-12-22
full,l1,compromise,7,97,0.0,False,1,2026-12-22,2026-09-22,pooled,97,BP_20261222_120.00,BinaryPut,120.0,2026-12-22
full,l1,compromise,7,98,0.0,False,1,2026-12-22,2026-09-22,pooled,98,C_20261222_125.00,EuropeanCall,125.0,2026-12-22
full,l1,compromise,7,99,0.0,False,1,2026-12-22,2026-09-22,pooled,99,P_20261222_125.00,EuropeanPut,125.0,2026-12-22
full,l1,compromise,7,100,0.0,False,1,2026-12-22,2026-09-22,pooled,100,BC_20261222_125.00,BinaryCall,125.0,2026-12-22
full,l1,compromise,7,101,0.0,False,1,2026-12-22,2026-09-22,pooled,101,BP_20261222_125.00,BinaryPut,125.0,2026-12-22
full,l1,compromise,7,102,0.0,False,1,2026-12-22,2026-09-22,pooled,102,C_20261222_130.00,EuropeanCall,130.0,2026-12-22
full,l1,compromise,7,103,0.0,False,1,2026-12-22,2026-09-22,pooled,103,P_20261222_130.00,EuropeanPut,130.0,2026-12-22
full,l1,compromise,7,104,0.0,False,1,2026-12-22,2026-09-22,pooled,104,BC_20261222_130.00,BinaryCall,130.0,2026-12-22
full,l1,compromise,7,105,0.0,False,1,2026-12-22,2026-09-22,pooled,105,BP_20261222_130.00,BinaryPut,130.0,2026-12-22
full,l1,compromise,7,106,0.012530035294447258,True,2,2026-12-22,2026-09-22,barrier_clear,53,CASH_20261222,Cash,0.0,2026-12-22
full,l1,compromise,7,107,0.0,False,2,2026-12-22,2026-09-22,barrier_clear,54,C_20261222_70.00,EuropeanCall,70.0,2026-12-22
full,l1,compromise,7,108,0.0,False,2,2026-12-22,2026-09-22,barrier_clear,55,P_20261222_70.00,EuropeanPut,70.0,2026-12-22
full,l1,compromise,7,109,-0.0,False,2,2026-12-22,2026-09-22,barrier_clear,56,BC_20261222_70.00,BinaryCall,70.0,2026-12-22
full,l1,compromise,7,110,0.0,False,2,2026-12-22,2026-09-22,barrier_clear,57,BP_20261222_70.00,BinaryPut,70.0,2026-12-22
full,l1,compromise,7,111,0.0,False,2,2026-12-22,2026-09-22,barrier_clear,58,C_20261222_75.00,EuropeanCall,75.0,2026-12-22
full,l1,compromise,7,112,0.0,False,2,2026-12-22,2026-09-22,barrier_clear,59,P_20261222_75.00,EuropeanPut,75.0,2026-12-22
full,l1,compromise,7,113,0.0,False,2,2026-12-22,2026-09-22,barrier_clear,60,BC_20261222_75.00,BinaryCall,75.0,2026-12-22
full,l1,compromise,7,114,-0.0,False,2,2026-12-22,2026-09-22,barrier_clear,61,BP_20261222_75.00,BinaryPut,75.0,2026-12-22
full,l1,compromise,7,115,0.0,False,2,2026-12-22,2026-09-22,barrier_clear,62,C_20261222_80.00,EuropeanCall,80.0,2026-12-22
full,l1,compromise,7,116,-0.0,False,2,2026-12-22,2026-09-22,barrier_clear,63,P_20261222_80.00,EuropeanPut,80.0,2026-12-22
full,l1,compromise,7,117,0.0,False,2,2026-12-22,2026-09-22,barrier_clear,64,BC_20261222_80.00,BinaryCall,80.0,2026-12-22
full,l1,compromise,7,118,-0.0,False,2,2026-12-22,2026-09-22,barrier_clear,65,BP_20261222_80.00,BinaryPut,80.0,2026-12-22
full,l1,compromise,7,119,0.0,False,2,2026-12-22,2026-09-22,barrier_clear,66,C_20261222_85.00,EuropeanCall,85.0,2026-12-22
full,l1,compromise,7,120,-0.0,False,2,2026-12-22,2026-09-22,barrier_clear,67,P_20261222_85.00,EuropeanPut,85.0,2026-12-22
full,l1,compromise,7,121,0.0,False,2,2026-12-22,2026-09-22,barrier_clear,68,BC_20261222_85.00,BinaryCall,85.0,2026-12-22
full,l1,compromise,7,122,-0.0,False,2,2026-12-22,2026-09-22,barrier_clear,69,BP_20261222_85.00,BinaryPut,85.0,2026-12-22
full,l1,compromise,7,123,0.0,False,2,2026-12-22,2026-09-22,barrier_clear,70,C_20261222_90.00,EuropeanCall,90.0,2026-12-22
full,l1,compromise,7,124,-0.0,False,2,2026-12-22,2026-09-22,barrier_clear,71,P_20261222_90.00,EuropeanPut,90.0,2026-12-22
full,l1,compromise,7,125,0.0,False,2,2026-12-22,2026-09-22,barrier_clear,72,BC_20261222_90.00,BinaryCall,90.0,2026-12-22
full,l1,compromise,7,126,-0.0,False,2,2026-12-22,2026-09-22,barrier_clear,73,BP_20261222_90.00,BinaryPut,90.0,2026-12-22
full,l1,compromise,7,127,-0.0,False,2,2026-12-22,2026-09-22,barrier_clear,74,C_20261222_95.00,EuropeanCall,95.0,2026-12-22
full,l1,compromise,7,128,-0.0,False,2,2026-12-22,2026-09-22,barrier_clear,75,P_20261222_95.00,EuropeanPut,95.0,2026-12-22
full,l1,compromise,7,129,0.0,False,2,2026-12-22,2026-09-22,barrier_clear,76,BC_20261222_95.00,BinaryCall,95.0,2026-12-22
full,l1,compromise,7,130,-0.0,False,2,2026-12-22,2026-09-22,barrier_clear,77,BP_20261222_95.00,BinaryPut,95.0,2026-12-22
full,l1,compromise,7,131,-0.0,False,2,2026-12-22,2026-09-22,barrier_clear,78,C_20261222_100.00,EuropeanCall,100.0,2026-12-22
full,l1,compromise,7,132,-0.0,False,2,2026-12-22,2026-09-22,barrier_clear,79,P_20261222_100.00,EuropeanPut,100.0,2026-12-22
full,l1,compromise,7,133,-0.0,False,2,2026-12-22,2026-09-22,barrier_clear,80,BC_20261222_100.00,BinaryCall,100.0,2026-12-22
full,l1,compromise,7,134,0.0,False,2,2026-12-22,2026-09-22,barrier_clear,81,BP_20261222_100.00,BinaryPut,100.0,2026-12-22
full,l1,compromise,7,135,-0.0,False,2,2026-12-22,2026-09-22,barrier_clear,82,C_20261222_105.00,EuropeanCall,105.0,2026-12-22
full,l1,compromise,7,136,-0.0,False,2,2026-12-22,2026-09-22,barrier_clear,83,P_20261222_105.00,EuropeanPut,105.0,2026-12-22
full,l1,compromise,7,137,-0.0,False,2,2026-12-22,2026-09-22,barrier_clear,84,BC_20261222_105.00,BinaryCall,105.0,2026-12-22
full,l1,compromise,7,138,-0.0,False,2,2026-12-22,2026-09-22,barrier_clear,85,BP_20261222_105.00,BinaryPut,105.0,2026-12-22
full,l1,compromise,7,139,-0.0,False,2,2026-12-22,2026-09-22,barrier_clear,86,C_20261222_110.00,EuropeanCall,110.0,2026-12-22
full,l1,compromise,7,140,-0.0,False,2,2026-12-22,2026-09-22,barrier_clear,87,P_20261222_110.00,EuropeanPut,110.0,2026-12-22
full,l1,compromise,7,141,-0.0,False,2,2026-12-22,2026-09-22,barrier_clear,88,BC_20261222_110.00,BinaryCall,110.0,2026-12-22
full,l1,compromise,7,142,-0.0,False,2,2026-12-22,2026-09-22,barrier_clear,89,BP_20261222_110.00,BinaryPut,110.0,2026-12-22
full,l1,compromise,7,143,-0.0,False,2,2026-12-22,2026-09-22,barrier_clear,90,C_20261222_115.00,EuropeanCall,115.0,2026-12-22
full,l1,compromise,7,144,-0.0,False,2,2026-12-22,2026-09-22,barrier_clear,91,P_20261222_115.00,EuropeanPut,115.0,2026-12-22
full,l1,compromise,7,145,-0.0,False,2,2026-12-22,2026-09-22,barrier_clear,92,BC_20261222_115.00,BinaryCall,115.0,2026-12-22
full,l1,compromise,7,146,-0.0,False,2,2026-12-22,2026-09-22,barrier_clear,93,BP_20261222_115.00,BinaryPut,115.0,2026-12-22
full,l1,compromise,7,147,-0.0,False,2,2026-12-22,2026-09-22,barrier_clear,94,C_20261222_120.00,EuropeanCall,120.0,2026-12-22
full,l1,compromise,7,148,-0.0,False,2,2026-12-22,2026-09-22,barrier_clear,95,P_20261222_120.00,EuropeanPut,120.0,2026-12-22
full,l1,compromise,7,149,-0.0,False,2,2026-12-22,2026-09-22,barrier_clear,96,BC_20261222_120.00,BinaryCall,120.0,2026-12-22
full,l1,compromise,7,150,-0.0,False,2,2026-12-22,2026-09-22,barrier_clear,97,BP_20261222_120.00,BinaryPut,120.0,2026-12-22
full,l1,compromise,7,151,-0.0,False,2,2026-12-22,2026-09-22,barrier_clear,98,C_20261222_125.00,EuropeanCall,125.0,2026-12-22
full,l1,compromise,7,152,-0.0,False,2,2026-12-22,2026-09-22,barrier_clear,99,P_20261222_125.00,EuropeanPut,125.0,2026-12-22
full,l1,compromise,7,153,-0.0,False,2,2026-12-22,2026-09-22,barrier_clear,100,BC_20261222_125.00,BinaryCall,125.0,2026-12-22
full,l1,compromise,7,154,-0.0,False,2,2026-12-22,2026-09-22,barrier_clear,101,BP_20261222_125.00,BinaryPut,125.0,2026-12-22
full,l1,compromise,7,155,0.0,False,2,2026-12-22,2026-09-22,barrier_clear,102,C_20261222_130.00,EuropeanCall,130.0,2026-12-22
full,l1,compromise,7,156,-0.0,False,2,2026-12-22,2026-09-22,barrier_clear,103,P_20261222_130.00,EuropeanPut,130.0,2026-12-22
full,l1,compromise,7,157,0.0,False,2,2026-12-22,2026-09-22,barrier_clear,104,BC_20261222_130.00,BinaryCall,130.0,2026-12-22
full,l1,compromise,7,158,-0.0,False,2,2026-12-22,2026-09-22,barrier_clear,105,BP_20261222_130.00,BinaryPut,130.0,2026-12-22
full,l1,compromise,7,159,0.01668248511678525,True,3,2027-03-22,2026-12-22,pooled,106,CASH_20270322,Cash,0.0,2027-03-22
full,l1,compromise,7,160,0.0,False,3,2027-03-22,2026-12-22,pooled,107,C_20270322_70.00,EuropeanCall,70.0,2027-03-22
full,l1,compromise,7,161,-0.0,False,3,2027-03-22,2026-12-22,pooled,108,P_20270322_70.00,EuropeanPut,70.0,2027-03-22
full,l1,compromise,7,162,0.0,False,3,2027-03-22,2026-12-22,pooled,109,BC_20270322_70.00,BinaryCall,70.0,2027-03-22
full,l1,compromise,7,163,-0.0,False,3,2027-03-22,2026-12-22,pooled,110,BP_20270322_70.00,BinaryPut,70.0,2027-03-22
full,l1,compromise,7,164,0.0,False,3,2027-03-22,2026-12-22,pooled,111,C_20270322_75.00,EuropeanCall,75.0,2027-03-22
full,l1,compromise,7,165,-0.0,False,3,2027-03-22,2026-12-22,pooled,112,P_20270322_75.00,EuropeanPut,75.0,2027-03-22
full,l1,compromise,7,166,0.0,False,3,2027-03-22,2026-12-22,pooled,113,BC_20270322_75.00,BinaryCall,75.0,2027-03-22
full,l1,compromise,7,167,-0.0,False,3,2027-03-22,2026-12-22,pooled,114,BP_20270322_75.00,BinaryPut,75.0,2027-03-22
full,l1,compromise,7,168,0.0,False,3,2027-03-22,2026-12-22,pooled,115,C_20270322_80.00,EuropeanCall,80.0,2027-03-22
full,l1,compromise,7,169,-0.0,False,3,2027-03-22,2026-12-22,pooled,116,P_20270322_80.00,EuropeanPut,80.0,2027-03-22
full,l1,compromise,7,170,0.0,False,3,2027-03-22,2026-12-22,pooled,117,BC_20270322_80.00,BinaryCall,80.0,2027-03-22
full,l1,compromise,7,171,-0.0,False,3,2027-03-22,2026-12-22,pooled,118,BP_20270322_80.00,BinaryPut,80.0,2027-03-22
full,l1,compromise,7,172,0.0,False,3,2027-03-22,2026-12-22,pooled,119,C_20270322_85.00,EuropeanCall,85.0,2027-03-22
full,l1,compromise,7,173,-0.0,False,3,2027-03-22,2026-12-22,pooled,120,P_20270322_85.00,EuropeanPut,85.0,2027-03-22
full,l1,compromise,7,174,0.0,False,3,2027-03-22,2026-12-22,pooled,121,BC_20270322_85.00,BinaryCall,85.0,2027-03-22
full,l1,compromise,7,175,-0.0,False,3,2027-03-22,2026-12-22,pooled,122,BP_20270322_85.00,BinaryPut,85.0,2027-03-22
full,l1,compromise,7,176,0.0,False,3,2027-03-22,2026-12-22,pooled,123,C_20270322_90.00,EuropeanCall,90.0,2027-03-22
full,l1,compromise,7,177,-0.0,False,3,2027-03-22,2026-12-22,pooled,124,P_20270322_90.00,EuropeanPut,90.0,2027-03-22
full,l1,compromise,7,178,0.0,False,3,2027-03-22,2026-12-22,pooled,125,BC_20270322_90.00,BinaryCall,90.0,2027-03-22
full,l1,compromise,7,179,-0.0,False,3,2027-03-22,2026-12-22,pooled,126,BP_20270322_90.00,BinaryPut,90.0,2027-03-22
full,l1,compromise,7,180,0.0,False,3,2027-03-22,2026-12-22,pooled,127,C_20270322_95.00,EuropeanCall,95.0,2027-03-22
full,l1,compromise,7,181,-0.0,False,3,2027-03-22,2026-12-22,pooled,128,P_20270322_95.00,EuropeanPut,95.0,2027-03-22
full,l1,compromise,7,182,0.0,False,3,2027-03-22,2026-12-22,pooled,129,BC_20270322_95.00,BinaryCall,95.0,2027-03-22
full,l1,compromise,7,183,-0.0,False,3,2027-03-22,2026-12-22,pooled,130,BP_20270322_95.00,BinaryPut,95.0,2027-03-22
full,l1,compromise,7,184,0.0,False,3,2027-03-22,2026-12-22,pooled,131,C_20270322_100.00,EuropeanCall,100.0,2027-03-22
full,l1,compromise,7,185,-0.0,False,3,2027-03-22,2026-12-22,pooled,132,P_20270322_100.00,EuropeanPut,100.0,2027-03-22
full,l1,compromise,7,186,0.0,False,3,2027-03-22,2026-12-22,pooled,133,BC_20270322_100.00,BinaryCall,100.0,2027-03-22
full,l1,compromise,7,187,-0.0,False,3,2027-03-22,2026-12-22,pooled,134,BP_20270322_100.00,BinaryPut,100.0,2027-03-22
full,l1,compromise,7,188,0.0,False,3,2027-03-22,2026-12-22,pooled,135,C_20270322_105.00,EuropeanCall,105.0,2027-03-22
full,l1,compromise,7,189,-0.0,False,3,2027-03-22,2026-12-22,pooled,136,P_20270322_105.00,EuropeanPut,105.0,2027-03-22
full,l1,compromise,7,190,0.0,False,3,2027-03-22,2026-12-22,pooled,137,BC_20270322_105.00,BinaryCall,105.0,2027-03-22
full,l1,compromise,7,191,-0.0,False,3,2027-03-22,2026-12-22,pooled,138,BP_20270322_105.00,BinaryPut,105.0,2027-03-22
full,l1,compromise,7,192,0.0,False,3,2027-03-22,2026-12-22,pooled,139,C_20270322_110.00,EuropeanCall,110.0,2027-03-22
full,l1,compromise,7,193,-0.0,False,3,2027-03-22,2026-12-22,pooled,140,P_20270322_110.00,EuropeanPut,110.0,2027-03-22
full,l1,compromise,7,194,0.0,False,3,2027-03-22,2026-12-22,pooled,141,BC_20270322_110.00,BinaryCall,110.0,2027-03-22
full,l1,compromise,7,195,-0.0,False,3,2027-03-22,2026-12-22,pooled,142,BP_20270322_110.00,BinaryPut,110.0,2027-03-22
full,l1,compromise,7,196,0.0,False,3,2027-03-22,2026-12-22,pooled,143,C_20270322_115.00,EuropeanCall,115.0,2027-03-22
full,l1,compromise,7,197,-0.0,False,3,2027-03-22,2026-12-22,pooled,144,P_20270322_115.00,EuropeanPut,115.0,2027-03-22
full,l1,compromise,7,198,0.0,False,3,2027-03-22,2026-12-22,pooled,145,BC_20270322_115.00,BinaryCall,115.0,2027-03-22
full,l1,compromise,7,199,-0.0,False,3,2027-03-22,2026-12-22,pooled,146,BP_20270322_115.00,BinaryPut,115.0,2027-03-22
full,l1,compromise,7,200,0.0,False,3,2027-03-22,2026-12-22,pooled,147,C_20270322_120.00,EuropeanCall,120.0,2027-03-22
full,l1,compromise,7,201,-0.0,False,3,2027-03-22,2026-12-22,pooled,148,P_20270322_120.00,EuropeanPut,120.0,2027-03-22
full,l1,compromise,7,202,0.0,False,3,2027-03-22,2026-12-22,pooled,149,BC_20270322_120.00,BinaryCall,120.0,2027-03-22
full,l1,compromise,7,203,-0.0,False,3,2027-03-22,2026-12-22,pooled,150,BP_20270322_120.00,BinaryPut,120.0,2027-03-22
full,l1,compromise,7,204,0.0,False,3,2027-03-22,2026-12-22,pooled,151,C_20270322_125.00,EuropeanCall,125.0,2027-03-22
full,l1,compromise,7,205,-0.0,False,3,2027-03-22,2026-12-22,pooled,152,P_20270322_125.00,EuropeanPut,125.0,2027-03-22
full,l1,compromise,7,206,0.0,False,3,2027-03-22,2026-12-22,pooled,153,BC_20270322_125.00,BinaryCall,125.0,2027-03-22
full,l1,compromise,7,207,-0.0,False,3,2027-03-22,2026-12-22,pooled,154,BP_20270322_125.00,BinaryPut,125.0,2027-03-22
full,l1,compromise,7,208,0.0,False,3,2027-03-22,2026-12-22,pooled,155,C_20270322_130.00,EuropeanCall,130.0,2027-03-22
full,l1,compromise,7,209,-0.0,False,3,2027-03-22,2026-12-22,pooled,156,P_20270322_130.00,EuropeanPut,130.0,2027-03-22
full,l1,compromise,7,210,0.0,False,3,2027-03-22,2026-12-22,pooled,157,BC_20270322_130.00,BinaryCall,130.0,2027-03-22
full,l1,compromise,7,211,-0.0,False,3,2027-03-22,2026-12-22,pooled,158,BP_20270322_130.00,BinaryPut,130.0,2027-03-22
full,l1,compromise,7,212,0.01253421131504463,True,4,2027-03-22,2026-12-22,barrier_clear,106,CASH_20270322,Cash,0.0,2027-03-22
full,l1,compromise,7,213,0.0,False,4,2027-03-22,2026-12-22,barrier_clear,107,C_20270322_70.00,EuropeanCall,70.0,2027-03-22
full,l1,compromise,7,214,0.0,False,4,2027-03-22,2026-12-22,barrier_clear,108,P_20270322_70.00,EuropeanPut,70.0,2027-03-22
full,l1,compromise,7,215,0.0,False,4,2027-03-22,2026-12-22,barrier_clear,109,BC_20270322_70.00,BinaryCall,70.0,2027-03-22
full,l1,compromise,7,216,0.0,False,4,2027-03-22,2026-12-22,barrier_clear,110,BP_20270322_70.00,BinaryPut,70.0,2027-03-22
full,l1,compromise,7,217,0.0,False,4,2027-03-22,2026-12-22,barrier_clear,111,C_20270322_75.00,EuropeanCall,75.0,2027-03-22
full,l1,compromise,7,218,0.0,False,4,2027-03-22,2026-12-22,barrier_clear,112,P_20270322_75.00,EuropeanPut,75.0,2027-03-22
full,l1,compromise,7,219,0.0,False,4,2027-03-22,2026-12-22,barrier_clear,113,BC_20270322_75.00,BinaryCall,75.0,2027-03-22
full,l1,compromise,7,220,-0.0,False,4,2027-03-22,2026-12-22,barrier_clear,114,BP_20270322_75.00,BinaryPut,75.0,2027-03-22
full,l1,compromise,7,221,0.0,False,4,2027-03-22,2026-12-22,barrier_clear,115,C_20270322_80.00,EuropeanCall,80.0,2027-03-22
full,l1,compromise,7,222,-0.0,False,4,2027-03-22,2026-12-22,barrier_clear,116,P_20270322_80.00,EuropeanPut,80.0,2027-03-22
full,l1,compromise,7,223,0.0,False,4,2027-03-22,2026-12-22,barrier_clear,117,BC_20270322_80.00,BinaryCall,80.0,2027-03-22
full,l1,compromise,7,224,-0.0,False,4,2027-03-22,2026-12-22,barrier_clear,118,BP_20270322_80.00,BinaryPut,80.0,2027-03-22
full,l1,compromise,7,225,0.0,False,4,2027-03-22,2026-12-22,barrier_clear,119,C_20270322_85.00,EuropeanCall,85.0,2027-03-22
full,l1,compromise,7,226,-0.0,False,4,2027-03-22,2026-12-22,barrier_clear,120,P_20270322_85.00,EuropeanPut,85.0,2027-03-22
full,l1,compromise,7,227,0.0,False,4,2027-03-22,2026-12-22,barrier_clear,121,BC_20270322_85.00,BinaryCall,85.0,2027-03-22
full,l1,compromise,7,228,-0.0,False,4,2027-03-22,2026-12-22,barrier_clear,122,BP_20270322_85.00,BinaryPut,85.0,2027-03-22
full,l1,compromise,7,229,0.0,False,4,2027-03-22,2026-12-22,barrier_clear,123,C_20270322_90.00,EuropeanCall,90.0,2027-03-22
full,l1,compromise,7,230,-0.0,False,4,2027-03-22,2026-12-22,barrier_clear,124,P_20270322_90.00,EuropeanPut,90.0,2027-03-22
full,l1,compromise,7,231,0.0,False,4,2027-03-22,2026-12-22,barrier_clear,125,BC_20270322_90.00,BinaryCall,90.0,2027-03-22
full,l1,compromise,7,232,-0.0,False,4,2027-03-22,2026-12-22,barrier_clear,126,BP_20270322_90.00,BinaryPut,90.0,2027-03-22
full,l1,compromise,7,233,0.0,False,4,2027-03-22,2026-12-22,barrier_clear,127,C_20270322_95.00,EuropeanCall,95.0,2027-03-22
full,l1,compromise,7,234,-0.0,False,4,2027-03-22,2026-12-22,barrier_clear,128,P_20270322_95.00,EuropeanPut,95.0,2027-03-22
full,l1,compromise,7,235,0.0,False,4,2027-03-22,2026-12-22,barrier_clear,129,BC_20270322_95.00,BinaryCall,95.0,2027-03-22
full,l1,compromise,7,236,-0.0,False,4,2027-03-22,2026-12-22,barrier_clear,130,BP_20270322_95.00,BinaryPut,95.0,2027-03-22
full,l1,compromise,7,237,0.0,False,4,2027-03-22,2026-12-22,barrier_clear,131,C_20270322_100.00,EuropeanCall,100.0,2027-03-22
full,l1,compromise,7,238,-0.0,False,4,2027-03-22,2026-12-22,barrier_clear,132,P_20270322_100.00,EuropeanPut,100.0,2027-03-22
full,l1,compromise,7,239,0.0,False,4,2027-03-22,2026-12-22,barrier_clear,133,BC_20270322_100.00,BinaryCall,100.0,2027-03-22
full,l1,compromise,7,240,0.0,False,4,2027-03-22,2026-12-22,barrier_clear,134,BP_20270322_100.00,BinaryPut,100.0,2027-03-22
full,l1,compromise,7,241,0.0,False,4,2027-03-22,2026-12-22,barrier_clear,135,C_20270322_105.00,EuropeanCall,105.0,2027-03-22
full,l1,compromise,7,242,-0.0,False,4,2027-03-22,2026-12-22,barrier_clear,136,P_20270322_105.00,EuropeanPut,105.0,2027-03-22
full,l1,compromise,7,243,0.0,False,4,2027-03-22,2026-12-22,barrier_clear,137,BC_20270322_105.00,BinaryCall,105.0,2027-03-22
full,l1,compromise,7,244,0.0,False,4,2027-03-22,2026-12-22,barrier_clear,138,BP_20270322_105.00,BinaryPut,105.0,2027-03-22
full,l1,compromise,7,245,0.0,False,4,2027-03-22,2026-12-22,barrier_clear,139,C_20270322_110.00,EuropeanCall,110.0,2027-03-22
full,l1,compromise,7,246,-0.0,False,4,2027-03-22,2026-12-22,barrier_clear,140,P_20270322_110.00,EuropeanPut,110.0,2027-03-22
full,l1,compromise,7,247,0.0,False,4,2027-03-22,2026-12-22,barrier_clear,141,BC_20270322_110.00,BinaryCall,110.0,2027-03-22
full,l1,compromise,7,248,0.0,False,4,2027-03-22,2026-12-22,barrier_clear,142,BP_20270322_110.00,BinaryPut,110.0,2027-03-22
full,l1,compromise,7,249,0.0,False,4,2027-03-22,2026-12-22,barrier_clear,143,C_20270322_115.00,EuropeanCall,115.0,2027-03-22
full,l1,compromise,7,250,-0.0,False,4,2027-03-22,2026-12-22,barrier_clear,144,P_20270322_115.00,EuropeanPut,115.0,2027-03-22
full,l1,compromise,7,251,0.0,False,4,2027-03-22,2026-12-22,barrier_clear,145,BC_20270322_115.00,BinaryCall,115.0,2027-03-22
full,l1,compromise,7,252,0.0,False,4,2027-03-22,2026-12-22,barrier_clear,146,BP_20270322_115.00,BinaryPut,115.0,2027-03-22
full,l1,compromise,7,253,0.0,False,4,2027-03-22,2026-12-22,barrier_clear,147,C_20270322_120.00,EuropeanCall,120.0,2027-03-22
full,l1,compromise,7,254,-0.0,False,4,2027-03-22,2026-12-22,barrier_clear,148,P_20270322_120.00,EuropeanPut,120.0,2027-03-22
full,l1,compromise,7,255,0.0,False,4,2027-03-22,2026-12-22,barrier_clear,149,BC_20270322_120.00,BinaryCall,120.0,2027-03-22
full,l1,compromise,7,256,0.0,False,4,2027-03-22,2026-12-22,barrier_clear,150,BP_20270322_120.00,BinaryPut,120.0,2027-03-22
full,l1,compromise,7,257,0.0,False,4,2027-03-22,2026-12-22,barrier_clear,151,C_20270322_125.00,EuropeanCall,125.0,2027-03-22
full,l1,compromise,7,258,-0.0,False,4,2027-03-22,2026-12-22,barrier_clear,152,P_20270322_125.00,EuropeanPut,125.0,2027-03-22
full,l1,compromise,7,259,0.0,False,4,2027-03-22,2026-12-22,barrier_clear,153,BC_20270322_125.00,BinaryCall,125.0,2027-03-22
full,l1,compromise,7,260,0.0,False,4,2027-03-22,2026-12-22,barrier_clear,154,BP_20270322_125.00,BinaryPut,125.0,2027-03-22
full,l1,compromise,7,261,0.0,False,4,2027-03-22,2026-12-22,barrier_clear,155,C_20270322_130.00,EuropeanCall,130.0,2027-03-22
full,l1,compromise,7,262,-0.0,False,4,2027-03-22,2026-12-22,barrier_clear,156,P_20270322_130.00,EuropeanPut,130.0,2027-03-22
full,l1,compromise,7,263,0.0,False,4,2027-03-22,2026-12-22,barrier_clear,157,BC_20270322_130.00,BinaryCall,130.0,2027-03-22
full,l1,compromise,7,264,0.0,False,4,2027-03-22,2026-12-22,barrier_clear,158,BP_20270322_130.00,BinaryPut,130.0,2027-03-22
full,l1,compromise,7,265,-0.37314620175081836,True,5,2027-06-22,2027-03-22,pooled,159,CASH_20270622,Cash,0.0,2027-06-22
full,l1,compromise,7,266,0.2799103844870788,True,5,2027-06-22,2027-03-22,pooled,160,C_20270622_70.00,EuropeanCall,70.0,2027-06-22
full,l1,compromise,7,267,-0.16696475091695046,True,5,2027-06-22,2027-03-22,pooled,161,P_20270622_70.00,EuropeanPut,70.0,2027-06-22
full,l1,compromise,7,268,0.0,False,5,2027-06-22,2027-03-22,pooled,162,BC_20270622_70.00,BinaryCall,70.0,2027-06-22
full,l1,compromise,7,269,-0.0,False,5,2027-06-22,2027-03-22,pooled,163,BP_20270622_70.00,BinaryPut,70.0,2027-06-22
full,l1,compromise,7,270,0.0,False,5,2027-06-22,2027-03-22,pooled,164,C_20270622_75.00,EuropeanCall,75.0,2027-06-22
full,l1,compromise,7,271,-0.0,False,5,2027-06-22,2027-03-22,pooled,165,P_20270622_75.00,EuropeanPut,75.0,2027-06-22
full,l1,compromise,7,272,0.0,False,5,2027-06-22,2027-03-22,pooled,166,BC_20270622_75.00,BinaryCall,75.0,2027-06-22
full,l1,compromise,7,273,-0.0,False,5,2027-06-22,2027-03-22,pooled,167,BP_20270622_75.00,BinaryPut,75.0,2027-06-22
full,l1,compromise,7,274,0.0,False,5,2027-06-22,2027-03-22,pooled,168,C_20270622_80.00,EuropeanCall,80.0,2027-06-22
full,l1,compromise,7,275,-0.0,False,5,2027-06-22,2027-03-22,pooled,169,P_20270622_80.00,EuropeanPut,80.0,2027-06-22
full,l1,compromise,7,276,0.0,False,5,2027-06-22,2027-03-22,pooled,170,BC_20270622_80.00,BinaryCall,80.0,2027-06-22
full,l1,compromise,7,277,-0.0,False,5,2027-06-22,2027-03-22,pooled,171,BP_20270622_80.00,BinaryPut,80.0,2027-06-22
full,l1,compromise,7,278,0.0,False,5,2027-06-22,2027-03-22,pooled,172,C_20270622_85.00,EuropeanCall,85.0,2027-06-22
full,l1,compromise,7,279,-0.0,False,5,2027-06-22,2027-03-22,pooled,173,P_20270622_85.00,EuropeanPut,85.0,2027-06-22
full,l1,compromise,7,280,0.0,False,5,2027-06-22,2027-03-22,pooled,174,BC_20270622_85.00,BinaryCall,85.0,2027-06-22
full,l1,compromise,7,281,-0.0,False,5,2027-06-22,2027-03-22,pooled,175,BP_20270622_85.00,BinaryPut,85.0,2027-06-22
full,l1,compromise,7,282,0.0,False,5,2027-06-22,2027-03-22,pooled,176,C_20270622_90.00,EuropeanCall,90.0,2027-06-22
full,l1,compromise,7,283,-0.0,False,5,2027-06-22,2027-03-22,pooled,177,P_20270622_90.00,EuropeanPut,90.0,2027-06-22
full,l1,compromise,7,284,0.0,False,5,2027-06-22,2027-03-22,pooled,178,BC_20270622_90.00,BinaryCall,90.0,2027-06-22
full,l1,compromise,7,285,-0.0,False,5,2027-06-22,2027-03-22,pooled,179,BP_20270622_90.00,BinaryPut,90.0,2027-06-22
full,l1,compromise,7,286,0.0,False,5,2027-06-22,2027-03-22,pooled,180,C_20270622_95.00,EuropeanCall,95.0,2027-06-22
full,l1,compromise,7,287,-0.0,False,5,2027-06-22,2027-03-22,pooled,181,P_20270622_95.00,EuropeanPut,95.0,2027-06-22
full,l1,compromise,7,288,0.0,False,5,2027-06-22,2027-03-22,pooled,182,BC_20270622_95.00,BinaryCall,95.0,2027-06-22
full,l1,compromise,7,289,-0.0,False,5,2027-06-22,2027-03-22,pooled,183,BP_20270622_95.00,BinaryPut,95.0,2027-06-22
full,l1,compromise,7,290,0.0,False,5,2027-06-22,2027-03-22,pooled,184,C_20270622_100.00,EuropeanCall,100.0,2027-06-22
full,l1,compromise,7,291,-0.0,False,5,2027-06-22,2027-03-22,pooled,185,P_20270622_100.00,EuropeanPut,100.0,2027-06-22
full,l1,compromise,7,292,0.0,False,5,2027-06-22,2027-03-22,pooled,186,BC_20270622_100.00,BinaryCall,100.0,2027-06-22
full,l1,compromise,7,293,-0.0,False,5,2027-06-22,2027-03-22,pooled,187,BP_20270622_100.00,BinaryPut,100.0,2027-06-22
full,l1,compromise,7,294,0.0,False,5,2027-06-22,2027-03-22,pooled,188,C_20270622_105.00,EuropeanCall,105.0,2027-06-22
full,l1,compromise,7,295,-0.0,False,5,2027-06-22,2027-03-22,pooled,189,P_20270622_105.00,EuropeanPut,105.0,2027-06-22
full,l1,compromise,7,296,0.0,False,5,2027-06-22,2027-03-22,pooled,190,BC_20270622_105.00,BinaryCall,105.0,2027-06-22
full,l1,compromise,7,297,-0.0,False,5,2027-06-22,2027-03-22,pooled,191,BP_20270622_105.00,BinaryPut,105.0,2027-06-22
full,l1,compromise,7,298,0.0,False,5,2027-06-22,2027-03-22,pooled,192,C_20270622_110.00,EuropeanCall,110.0,2027-06-22
full,l1,compromise,7,299,-0.0,False,5,2027-06-22,2027-03-22,pooled,193,P_20270622_110.00,EuropeanPut,110.0,2027-06-22
full,l1,compromise,7,300,0.0,False,5,2027-06-22,2027-03-22,pooled,194,BC_20270622_110.00,BinaryCall,110.0,2027-06-22
full,l1,compromise,7,301,-0.0,False,5,2027-06-22,2027-03-22,pooled,195,BP_20270622_110.00,BinaryPut,110.0,2027-06-22
full,l1,compromise,7,302,0.0,False,5,2027-06-22,2027-03-22,pooled,196,C_20270622_115.00,EuropeanCall,115.0,2027-06-22
full,l1,compromise,7,303,-0.0,False,5,2027-06-22,2027-03-22,pooled,197,P_20270622_115.00,EuropeanPut,115.0,2027-06-22
full,l1,compromise,7,304,0.0,False,5,2027-06-22,2027-03-22,pooled,198,BC_20270622_115.00,BinaryCall,115.0,2027-06-22
full,l1,compromise,7,305,-0.0,False,5,2027-06-22,2027-03-22,pooled,199,BP_20270622_115.00,BinaryPut,115.0,2027-06-22
full,l1,compromise,7,306,0.0,False,5,2027-06-22,2027-03-22,pooled,200,C_20270622_120.00,EuropeanCall,120.0,2027-06-22
full,l1,compromise,7,307,-0.0,False,5,2027-06-22,2027-03-22,pooled,201,P_20270622_120.00,EuropeanPut,120.0,2027-06-22
full,l1,compromise,7,308,0.0,False,5,2027-06-22,2027-03-22,pooled,202,BC_20270622_120.00,BinaryCall,120.0,2027-06-22
full,l1,compromise,7,309,-0.0,False,5,2027-06-22,2027-03-22,pooled,203,BP_20270622_120.00,BinaryPut,120.0,2027-06-22
full,l1,compromise,7,310,0.0,False,5,2027-06-22,2027-03-22,pooled,204,C_20270622_125.00,EuropeanCall,125.0,2027-06-22
full,l1,compromise,7,311,-0.0,False,5,2027-06-22,2027-03-22,pooled,205,P_20270622_125.00,EuropeanPut,125.0,2027-06-22
full,l1,compromise,7,312,0.0,False,5,2027-06-22,2027-03-22,pooled,206,BC_20270622_125.00,BinaryCall,125.0,2027-06-22
full,l1,compromise,7,313,-0.0,False,5,2027-06-22,2027-03-22,pooled,207,BP_20270622_125.00,BinaryPut,125.0,2027-06-22
full,l1,compromise,7,314,0.0,False,5,2027-06-22,2027-03-22,pooled,208,C_20270622_130.00,EuropeanCall,130.0,2027-06-22
full,l1,compromise,7,315,-0.0,False,5,2027-06-22,2027-03-22,pooled,209,P_20270622_130.00,EuropeanPut,130.0,2027-06-22
full,l1,compromise,7,316,0.0,False,5,2027-06-22,2027-03-22,pooled,210,BC_20270622_130.00,BinaryCall,130.0,2027-06-22
full,l1,compromise,7,317,-0.0,False,5,2027-06-22,2027-03-22,pooled,211,BP_20270622_130.00,BinaryPut,130.0,2027-06-22
full,l1,compromise,7,318,0.00015590070996248018,True,6,2027-06-22,2027-03-22,barrier_clear,159,CASH_20270622,Cash,0.0,2027-06-22
full,l1,compromise,7,319,0.0,False,6,2027-06-22,2027-03-22,barrier_clear,160,C_20270622_70.00,EuropeanCall,70.0,2027-06-22
full,l1,compromise,7,320,-0.0,False,6,2027-06-22,2027-03-22,barrier_clear,161,P_20270622_70.00,EuropeanPut,70.0,2027-06-22
full,l1,compromise,7,321,0.0,False,6,2027-06-22,2027-03-22,barrier_clear,162,BC_20270622_70.00,BinaryCall,70.0,2027-06-22
full,l1,compromise,7,322,-0.0,False,6,2027-06-22,2027-03-22,barrier_clear,163,BP_20270622_70.00,BinaryPut,70.0,2027-06-22
full,l1,compromise,7,323,0.0,False,6,2027-06-22,2027-03-22,barrier_clear,164,C_20270622_75.00,EuropeanCall,75.0,2027-06-22
full,l1,compromise,7,324,-2.9218138735445507,True,6,2027-06-22,2027-03-22,barrier_clear,165,P_20270622_75.00,EuropeanPut,75.0,2027-06-22
full,l1,compromise,7,325,0.0,False,6,2027-06-22,2027-03-22,barrier_clear,166,BC_20270622_75.00,BinaryCall,75.0,2027-06-22
full,l1,compromise,7,326,-6.378084784377452,True,6,2027-06-22,2027-03-22,barrier_clear,167,BP_20270622_75.00,BinaryPut,75.0,2027-06-22
full,l1,compromise,7,327,0.0,False,6,2027-06-22,2027-03-22,barrier_clear,168,C_20270622_80.00,EuropeanCall,80.0,2027-06-22
full,l1,compromise,7,328,-0.6122574956813073,True,6,2027-06-22,2027-03-22,barrier_clear,169,P_20270622_80.00,EuropeanPut,80.0,2027-06-22
full,l1,compromise,7,329,0.0,False,6,2027-06-22,2027-03-22,barrier_clear,170,BC_20270622_80.00,BinaryCall,80.0,2027-06-22
full,l1,compromise,7,330,-0.0,False,6,2027-06-22,2027-03-22,barrier_clear,171,BP_20270622_80.00,BinaryPut,80.0,2027-06-22
full,l1,compromise,7,331,0.0,False,6,2027-06-22,2027-03-22,barrier_clear,172,C_20270622_85.00,EuropeanCall,85.0,2027-06-22
full,l1,compromise,7,332,-0.0,False,6,2027-06-22,2027-03-22,barrier_clear,173,P_20270622_85.00,EuropeanPut,85.0,2027-06-22
full,l1,compromise,7,333,0.0,False,6,2027-06-22,2027-03-22,barrier_clear,174,BC_20270622_85.00,BinaryCall,85.0,2027-06-22
full,l1,compromise,7,334,-0.0,False,6,2027-06-22,2027-03-22,barrier_clear,175,BP_20270622_85.00,BinaryPut,85.0,2027-06-22
full,l1,compromise,7,335,0.0,False,6,2027-06-22,2027-03-22,barrier_clear,176,C_20270622_90.00,EuropeanCall,90.0,2027-06-22
full,l1,compromise,7,336,-0.0,False,6,2027-06-22,2027-03-22,barrier_clear,177,P_20270622_90.00,EuropeanPut,90.0,2027-06-22
full,l1,compromise,7,337,0.0,False,6,2027-06-22,2027-03-22,barrier_clear,178,BC_20270622_90.00,BinaryCall,90.0,2027-06-22
full,l1,compromise,7,338,-0.0,False,6,2027-06-22,2027-03-22,barrier_clear,179,BP_20270622_90.00,BinaryPut,90.0,2027-06-22
full,l1,compromise,7,339,0.0,False,6,2027-06-22,2027-03-22,barrier_clear,180,C_20270622_95.00,EuropeanCall,95.0,2027-06-22
full,l1,compromise,7,340,-0.0,False,6,2027-06-22,2027-03-22,barrier_clear,181,P_20270622_95.00,EuropeanPut,95.0,2027-06-22
full,l1,compromise,7,341,0.0,False,6,2027-06-22,2027-03-22,barrier_clear,182,BC_20270622_95.00,BinaryCall,95.0,2027-06-22
full,l1,compromise,7,342,-0.0,False,6,2027-06-22,2027-03-22,barrier_clear,183,BP_20270622_95.00,BinaryPut,95.0,2027-06-22
full,l1,compromise,7,343,0.0,False,6,2027-06-22,2027-03-22,barrier_clear,184,C_20270622_100.00,EuropeanCall,100.0,2027-06-22
full,l1,compromise,7,344,-0.0,False,6,2027-06-22,2027-03-22,barrier_clear,185,P_20270622_100.00,EuropeanPut,100.0,2027-06-22
full,l1,compromise,7,345,0.0,False,6,2027-06-22,2027-03-22,barrier_clear,186,BC_20270622_100.00,BinaryCall,100.0,2027-06-22
full,l1,compromise,7,346,-0.0,False,6,2027-06-22,2027-03-22,barrier_clear,187,BP_20270622_100.00,BinaryPut,100.0,2027-06-22
full,l1,compromise,7,347,0.0,False,6,2027-06-22,2027-03-22,barrier_clear,188,C_20270622_105.00,EuropeanCall,105.0,2027-06-22
full,l1,compromise,7,348,-0.0,False,6,2027-06-22,2027-03-22,barrier_clear,189,P_20270622_105.00,EuropeanPut,105.0,2027-06-22
full,l1,compromise,7,349,0.0,False,6,2027-06-22,2027-03-22,barrier_clear,190,BC_20270622_105.00,BinaryCall,105.0,2027-06-22
full,l1,compromise,7,350,-0.0,False,6,2027-06-22,2027-03-22,barrier_clear,191,BP_20270622_105.00,BinaryPut,105.0,2027-06-22
full,l1,compromise,7,351,0.0,False,6,2027-06-22,2027-03-22,barrier_clear,192,C_20270622_110.00,EuropeanCall,110.0,2027-06-22
full,l1,compromise,7,352,-0.0,False,6,2027-06-22,2027-03-22,barrier_clear,193,P_20270622_110.00,EuropeanPut,110.0,2027-06-22
full,l1,compromise,7,353,0.0,False,6,2027-06-22,2027-03-22,barrier_clear,194,BC_20270622_110.00,BinaryCall,110.0,2027-06-22
full,l1,compromise,7,354,-0.0,False,6,2027-06-22,2027-03-22,barrier_clear,195,BP_20270622_110.00,BinaryPut,110.0,2027-06-22
full,l1,compromise,7,355,0.0,False,6,2027-06-22,2027-03-22,barrier_clear,196,C_20270622_115.00,EuropeanCall,115.0,2027-06-22
full,l1,compromise,7,356,-0.0,False,6,2027-06-22,2027-03-22,barrier_clear,197,P_20270622_115.00,EuropeanPut,115.0,2027-06-22
full,l1,compromise,7,357,0.0,False,6,2027-06-22,2027-03-22,barrier_clear,198,BC_20270622_115.00,BinaryCall,115.0,2027-06-22
full,l1,compromise,7,358,-0.0,False,6,2027-06-22,2027-03-22,barrier_clear,199,BP_20270622_115.00,BinaryPut,115.0,2027-06-22
full,l1,compromise,7,359,0.0,False,6,2027-06-22,2027-03-22,barrier_clear,200,C_20270622_120.00,EuropeanCall,120.0,2027-06-22
full,l1,compromise,7,360,-0.0,False,6,2027-06-22,2027-03-22,barrier_clear,201,P_20270622_120.00,EuropeanPut,120.0,2027-06-22
full,l1,compromise,7,361,0.0,False,6,2027-06-22,2027-03-22,barrier_clear,202,BC_20270622_120.00,BinaryCall,120.0,2027-06-22
full,l1,compromise,7,362,-0.0,False,6,2027-06-22,2027-03-22,barrier_clear,203,BP_20270622_120.00,BinaryPut,120.0,2027-06-22
full,l1,compromise,7,363,0.0,False,6,2027-06-22,2027-03-22,barrier_clear,204,C_20270622_125.00,EuropeanCall,125.0,2027-06-22
full,l1,compromise,7,364,-0.0,False,6,2027-06-22,2027-03-22,barrier_clear,205,P_20270622_125.00,EuropeanPut,125.0,2027-06-22
full,l1,compromise,7,365,0.0,False,6,2027-06-22,2027-03-22,barrier_clear,206,BC_20270622_125.00,BinaryCall,125.0,2027-06-22
full,l1,compromise,7,366,0.0,False,6,2027-06-22,2027-03-22,barrier_clear,207,BP_20270622_125.00,BinaryPut,125.0,2027-06-22
full,l1,compromise,7,367,0.0,False,6,2027-06-22,2027-03-22,barrier_clear,208,C_20270622_130.00,EuropeanCall,130.0,2027-06-22
full,l1,compromise,7,368,-0.0,False,6,2027-06-22,2027-03-22,barrier_clear,209,P_20270622_130.00,EuropeanPut,130.0,2027-06-22
full,l1,compromise,7,369,0.0,False,6,2027-06-22,2027-03-22,barrier_clear,210,BC_20270622_130.00,BinaryCall,130.0,2027-06-22
full,l1,compromise,7,370,0.0,False,6,2027-06-22,2027-03-22,barrier_clear,211,BP_20270622_130.00,BinaryPut,130.0,2027-06-22
full,l1,parsimony,6,0,1.019987387720895,True,0,2026-09-22,,initial,0,CASH_20260922,Cash,0.0,2026-09-22
full,l1,parsimony,6,1,-0.0,False,0,2026-09-22,,initial,1,C_20260922_70.00,EuropeanCall,70.0,2026-09-22
full,l1,parsimony,6,2,0.0,False,0,2026-09-22,,initial,2,P_20260922_70.00,EuropeanPut,70.0,2026-09-22
full,l1,parsimony,6,3,0.0,False,0,2026-09-22,,initial,3,BC_20260922_70.00,BinaryCall,70.0,2026-09-22
full,l1,parsimony,6,4,0.0,False,0,2026-09-22,,initial,4,BP_20260922_70.00,BinaryPut,70.0,2026-09-22
full,l1,parsimony,6,5,-0.0,False,0,2026-09-22,,initial,5,C_20260922_75.00,EuropeanCall,75.0,2026-09-22
full,l1,parsimony,6,6,0.0,False,0,2026-09-22,,initial,6,P_20260922_75.00,EuropeanPut,75.0,2026-09-22
full,l1,parsimony,6,7,-0.0,False,0,2026-09-22,,initial,7,BC_20260922_75.00,BinaryCall,75.0,2026-09-22
full,l1,parsimony,6,8,0.0,False,0,2026-09-22,,initial,8,BP_20260922_75.00,BinaryPut,75.0,2026-09-22
full,l1,parsimony,6,9,-0.0,False,0,2026-09-22,,initial,9,C_20260922_80.00,EuropeanCall,80.0,2026-09-22
full,l1,parsimony,6,10,0.0,False,0,2026-09-22,,initial,10,P_20260922_80.00,EuropeanPut,80.0,2026-09-22
full,l1,parsimony,6,11,-0.0,False,0,2026-09-22,,initial,11,BC_20260922_80.00,BinaryCall,80.0,2026-09-22
full,l1,parsimony,6,12,0.0,False,0,2026-09-22,,initial,12,BP_20260922_80.00,BinaryPut,80.0,2026-09-22
full,l1,parsimony,6,13,0.0,False,0,2026-09-22,,initial,13,C_20260922_85.00,EuropeanCall,85.0,2026-09-22
full,l1,parsimony,6,14,0.0,False,0,2026-09-22,,initial,14,P_20260922_85.00,EuropeanPut,85.0,2026-09-22
full,l1,parsimony,6,15,-0.0,False,0,2026-09-22,,initial,15,BC_20260922_85.00,BinaryCall,85.0,2026-09-22
full,l1,parsimony,6,16,0.0,False,0,2026-09-22,,initial,16,BP_20260922_85.00,BinaryPut,85.0,2026-09-22
full,l1,parsimony,6,17,0.0,False,0,2026-09-22,,initial,17,C_20260922_90.00,EuropeanCall,90.0,2026-09-22
full,l1,parsimony,6,18,0.0,False,0,2026-09-22,,initial,18,P_20260922_90.00,EuropeanPut,90.0,2026-09-22
full,l1,parsimony,6,19,-0.0,False,0,2026-09-22,,initial,19,BC_20260922_90.00,BinaryCall,90.0,2026-09-22
full,l1,parsimony,6,20,0.0,False,0,2026-09-22,,initial,20,BP_20260922_90.00,BinaryPut,90.0,2026-09-22
full,l1,parsimony,6,21,0.0,False,0,2026-09-22,,initial,21,C_20260922_95.00,EuropeanCall,95.0,2026-09-22
full,l1,parsimony,6,22,0.0,False,0,2026-09-22,,initial,22,P_20260922_95.00,EuropeanPut,95.0,2026-09-22
full,l1,parsimony,6,23,0.0,False,0,2026-09-22,,initial,23,BC_20260922_95.00,BinaryCall,95.0,2026-09-22
full,l1,parsimony,6,24,-0.0,False,0,2026-09-22,,initial,24,BP_20260922_95.00,BinaryPut,95.0,2026-09-22
full,l1,parsimony,6,25,0.0,False,0,2026-09-22,,initial,25,C_20260922_100.00,EuropeanCall,100.0,2026-09-22
full,l1,parsimony,6,26,0.0,False,0,2026-09-22,,initial,26,P_20260922_100.00,EuropeanPut,100.0,2026-09-22
full,l1,parsimony,6,27,0.0,False,0,2026-09-22,,initial,27,BC_20260922_100.00,BinaryCall,100.0,2026-09-22
full,l1,parsimony,6,28,0.0,False,0,2026-09-22,,initial,28,BP_20260922_100.00,BinaryPut,100.0,2026-09-22
full,l1,parsimony,6,29,0.0,False,0,2026-09-22,,initial,29,C_20260922_105.00,EuropeanCall,105.0,2026-09-22
full,l1,parsimony,6,30,0.0,False,0,2026-09-22,,initial,30,P_20260922_105.00,EuropeanPut,105.0,2026-09-22
full,l1,parsimony,6,31,0.0,False,0,2026-09-22,,initial,31,BC_20260922_105.00,BinaryCall,105.0,2026-09-22
full,l1,parsimony,6,32,0.0,False,0,2026-09-22,,initial,32,BP_20260922_105.00,BinaryPut,105.0,2026-09-22
full,l1,parsimony,6,33,0.0,False,0,2026-09-22,,initial,33,C_20260922_110.00,EuropeanCall,110.0,2026-09-22
full,l1,parsimony,6,34,0.0,False,0,2026-09-22,,initial,34,P_20260922_110.00,EuropeanPut,110.0,2026-09-22
full,l1,parsimony,6,35,0.0,False,0,2026-09-22,,initial,35,BC_20260922_110.00,BinaryCall,110.0,2026-09-22
full,l1,parsimony,6,36,0.0,False,0,2026-09-22,,initial,36,BP_20260922_110.00,BinaryPut,110.0,2026-09-22
full,l1,parsimony,6,37,0.0,False,0,2026-09-22,,initial,37,C_20260922_115.00,EuropeanCall,115.0,2026-09-22
full,l1,parsimony,6,38,0.0,False,0,2026-09-22,,initial,38,P_20260922_115.00,EuropeanPut,115.0,2026-09-22
full,l1,parsimony,6,39,0.0,False,0,2026-09-22,,initial,39,BC_20260922_115.00,BinaryCall,115.0,2026-09-22
full,l1,parsimony,6,40,0.0,False,0,2026-09-22,,initial,40,BP_20260922_115.00,BinaryPut,115.0,2026-09-22
full,l1,parsimony,6,41,0.0,False,0,2026-09-22,,initial,41,C_20260922_120.00,EuropeanCall,120.0,2026-09-22
full,l1,parsimony,6,42,0.0,False,0,2026-09-22,,initial,42,P_20260922_120.00,EuropeanPut,120.0,2026-09-22
full,l1,parsimony,6,43,0.0,False,0,2026-09-22,,initial,43,BC_20260922_120.00,BinaryCall,120.0,2026-09-22
full,l1,parsimony,6,44,0.0,False,0,2026-09-22,,initial,44,BP_20260922_120.00,BinaryPut,120.0,2026-09-22
full,l1,parsimony,6,45,0.0,False,0,2026-09-22,,initial,45,C_20260922_125.00,EuropeanCall,125.0,2026-09-22
full,l1,parsimony,6,46,0.0,False,0,2026-09-22,,initial,46,P_20260922_125.00,EuropeanPut,125.0,2026-09-22
full,l1,parsimony,6,47,0.0,False,0,2026-09-22,,initial,47,BC_20260922_125.00,BinaryCall,125.0,2026-09-22
full,l1,parsimony,6,48,0.0,False,0,2026-09-22,,initial,48,BP_20260922_125.00,BinaryPut,125.0,2026-09-22
full,l1,parsimony,6,49,0.0,False,0,2026-09-22,,initial,49,C_20260922_130.00,EuropeanCall,130.0,2026-09-22
full,l1,parsimony,6,50,0.0,False,0,2026-09-22,,initial,50,P_20260922_130.00,EuropeanPut,130.0,2026-09-22
full,l1,parsimony,6,51,0.0,False,0,2026-09-22,,initial,51,BC_20260922_130.00,BinaryCall,130.0,2026-09-22
full,l1,parsimony,6,52,0.0,False,0,2026-09-22,,initial,52,BP_20260922_130.00,BinaryPut,130.0,2026-09-22
full,l1,parsimony,6,53,-1.9984014443252818e-14,False,1,2026-12-22,2026-09-22,pooled,53,CASH_20261222,Cash,0.0,2026-12-22
full,l1,parsimony,6,54,0.0,False,1,2026-12-22,2026-09-22,pooled,54,C_20261222_70.00,EuropeanCall,70.0,2026-12-22
full,l1,parsimony,6,55,0.0,False,1,2026-12-22,2026-09-22,pooled,55,P_20261222_70.00,EuropeanPut,70.0,2026-12-22
full,l1,parsimony,6,56,0.0,False,1,2026-12-22,2026-09-22,pooled,56,BC_20261222_70.00,BinaryCall,70.0,2026-12-22
full,l1,parsimony,6,57,0.0,False,1,2026-12-22,2026-09-22,pooled,57,BP_20261222_70.00,BinaryPut,70.0,2026-12-22
full,l1,parsimony,6,58,0.0,False,1,2026-12-22,2026-09-22,pooled,58,C_20261222_75.00,EuropeanCall,75.0,2026-12-22
full,l1,parsimony,6,59,0.0,False,1,2026-12-22,2026-09-22,pooled,59,P_20261222_75.00,EuropeanPut,75.0,2026-12-22
full,l1,parsimony,6,60,0.0,False,1,2026-12-22,2026-09-22,pooled,60,BC_20261222_75.00,BinaryCall,75.0,2026-12-22
full,l1,parsimony,6,61,0.0,False,1,2026-12-22,2026-09-22,pooled,61,BP_20261222_75.00,BinaryPut,75.0,2026-12-22
full,l1,parsimony,6,62,0.0,False,1,2026-12-22,2026-09-22,pooled,62,C_20261222_80.00,EuropeanCall,80.0,2026-12-22
full,l1,parsimony,6,63,0.0,False,1,2026-12-22,2026-09-22,pooled,63,P_20261222_80.00,EuropeanPut,80.0,2026-12-22
full,l1,parsimony,6,64,0.0,False,1,2026-12-22,2026-09-22,pooled,64,BC_20261222_80.00,BinaryCall,80.0,2026-12-22
full,l1,parsimony,6,65,0.0,False,1,2026-12-22,2026-09-22,pooled,65,BP_20261222_80.00,BinaryPut,80.0,2026-12-22
full,l1,parsimony,6,66,0.0,False,1,2026-12-22,2026-09-22,pooled,66,C_20261222_85.00,EuropeanCall,85.0,2026-12-22
full,l1,parsimony,6,67,0.0,False,1,2026-12-22,2026-09-22,pooled,67,P_20261222_85.00,EuropeanPut,85.0,2026-12-22
full,l1,parsimony,6,68,0.0,False,1,2026-12-22,2026-09-22,pooled,68,BC_20261222_85.00,BinaryCall,85.0,2026-12-22
full,l1,parsimony,6,69,0.0,False,1,2026-12-22,2026-09-22,pooled,69,BP_20261222_85.00,BinaryPut,85.0,2026-12-22
full,l1,parsimony,6,70,0.0,False,1,2026-12-22,2026-09-22,pooled,70,C_20261222_90.00,EuropeanCall,90.0,2026-12-22
full,l1,parsimony,6,71,0.0,False,1,2026-12-22,2026-09-22,pooled,71,P_20261222_90.00,EuropeanPut,90.0,2026-12-22
full,l1,parsimony,6,72,0.0,False,1,2026-12-22,2026-09-22,pooled,72,BC_20261222_90.00,BinaryCall,90.0,2026-12-22
full,l1,parsimony,6,73,0.0,False,1,2026-12-22,2026-09-22,pooled,73,BP_20261222_90.00,BinaryPut,90.0,2026-12-22
full,l1,parsimony,6,74,0.0,False,1,2026-12-22,2026-09-22,pooled,74,C_20261222_95.00,EuropeanCall,95.0,2026-12-22
full,l1,parsimony,6,75,0.0,False,1,2026-12-22,2026-09-22,pooled,75,P_20261222_95.00,EuropeanPut,95.0,2026-12-22
full,l1,parsimony,6,76,0.0,False,1,2026-12-22,2026-09-22,pooled,76,BC_20261222_95.00,BinaryCall,95.0,2026-12-22
full,l1,parsimony,6,77,0.0,False,1,2026-12-22,2026-09-22,pooled,77,BP_20261222_95.00,BinaryPut,95.0,2026-12-22
full,l1,parsimony,6,78,0.0,False,1,2026-12-22,2026-09-22,pooled,78,C_20261222_100.00,EuropeanCall,100.0,2026-12-22
full,l1,parsimony,6,79,0.0,False,1,2026-12-22,2026-09-22,pooled,79,P_20261222_100.00,EuropeanPut,100.0,2026-12-22
full,l1,parsimony,6,80,0.0,False,1,2026-12-22,2026-09-22,pooled,80,BC_20261222_100.00,BinaryCall,100.0,2026-12-22
full,l1,parsimony,6,81,0.0,False,1,2026-12-22,2026-09-22,pooled,81,BP_20261222_100.00,BinaryPut,100.0,2026-12-22
full,l1,parsimony,6,82,0.0,False,1,2026-12-22,2026-09-22,pooled,82,C_20261222_105.00,EuropeanCall,105.0,2026-12-22
full,l1,parsimony,6,83,0.0,False,1,2026-12-22,2026-09-22,pooled,83,P_20261222_105.00,EuropeanPut,105.0,2026-12-22
full,l1,parsimony,6,84,0.0,False,1,2026-12-22,2026-09-22,pooled,84,BC_20261222_105.00,BinaryCall,105.0,2026-12-22
full,l1,parsimony,6,85,0.0,False,1,2026-12-22,2026-09-22,pooled,85,BP_20261222_105.00,BinaryPut,105.0,2026-12-22
full,l1,parsimony,6,86,0.0,False,1,2026-12-22,2026-09-22,pooled,86,C_20261222_110.00,EuropeanCall,110.0,2026-12-22
full,l1,parsimony,6,87,0.0,False,1,2026-12-22,2026-09-22,pooled,87,P_20261222_110.00,EuropeanPut,110.0,2026-12-22
full,l1,parsimony,6,88,0.0,False,1,2026-12-22,2026-09-22,pooled,88,BC_20261222_110.00,BinaryCall,110.0,2026-12-22
full,l1,parsimony,6,89,0.0,False,1,2026-12-22,2026-09-22,pooled,89,BP_20261222_110.00,BinaryPut,110.0,2026-12-22
full,l1,parsimony,6,90,0.0,False,1,2026-12-22,2026-09-22,pooled,90,C_20261222_115.00,EuropeanCall,115.0,2026-12-22
full,l1,parsimony,6,91,0.0,False,1,2026-12-22,2026-09-22,pooled,91,P_20261222_115.00,EuropeanPut,115.0,2026-12-22
full,l1,parsimony,6,92,0.0,False,1,2026-12-22,2026-09-22,pooled,92,BC_20261222_115.00,BinaryCall,115.0,2026-12-22
full,l1,parsimony,6,93,0.0,False,1,2026-12-22,2026-09-22,pooled,93,BP_20261222_115.00,BinaryPut,115.0,2026-12-22
full,l1,parsimony,6,94,0.0,False,1,2026-12-22,2026-09-22,pooled,94,C_20261222_120.00,EuropeanCall,120.0,2026-12-22
full,l1,parsimony,6,95,0.0,False,1,2026-12-22,2026-09-22,pooled,95,P_20261222_120.00,EuropeanPut,120.0,2026-12-22
full,l1,parsimony,6,96,0.0,False,1,2026-12-22,2026-09-22,pooled,96,BC_20261222_120.00,BinaryCall,120.0,2026-12-22
full,l1,parsimony,6,97,0.0,False,1,2026-12-22,2026-09-22,pooled,97,BP_20261222_120.00,BinaryPut,120.0,2026-12-22
full,l1,parsimony,6,98,0.0,False,1,2026-12-22,2026-09-22,pooled,98,C_20261222_125.00,EuropeanCall,125.0,2026-12-22
full,l1,parsimony,6,99,0.0,False,1,2026-12-22,2026-09-22,pooled,99,P_20261222_125.00,EuropeanPut,125.0,2026-12-22
full,l1,parsimony,6,100,0.0,False,1,2026-12-22,2026-09-22,pooled,100,BC_20261222_125.00,BinaryCall,125.0,2026-12-22
full,l1,parsimony,6,101,0.0,False,1,2026-12-22,2026-09-22,pooled,101,BP_20261222_125.00,BinaryPut,125.0,2026-12-22
full,l1,parsimony,6,102,0.0,False,1,2026-12-22,2026-09-22,pooled,102,C_20261222_130.00,EuropeanCall,130.0,2026-12-22
full,l1,parsimony,6,103,0.0,False,1,2026-12-22,2026-09-22,pooled,103,P_20261222_130.00,EuropeanPut,130.0,2026-12-22
full,l1,parsimony,6,104,0.0,False,1,2026-12-22,2026-09-22,pooled,104,BC_20261222_130.00,BinaryCall,130.0,2026-12-22
full,l1,parsimony,6,105,0.0,False,1,2026-12-22,2026-09-22,pooled,105,BP_20261222_130.00,BinaryPut,130.0,2026-12-22
full,l1,parsimony,6,106,0.012497068793436886,True,2,2026-12-22,2026-09-22,barrier_clear,53,CASH_20261222,Cash,0.0,2026-12-22
full,l1,parsimony,6,107,0.0,False,2,2026-12-22,2026-09-22,barrier_clear,54,C_20261222_70.00,EuropeanCall,70.0,2026-12-22
full,l1,parsimony,6,108,0.0,False,2,2026-12-22,2026-09-22,barrier_clear,55,P_20261222_70.00,EuropeanPut,70.0,2026-12-22
full,l1,parsimony,6,109,-0.0,False,2,2026-12-22,2026-09-22,barrier_clear,56,BC_20261222_70.00,BinaryCall,70.0,2026-12-22
full,l1,parsimony,6,110,0.0,False,2,2026-12-22,2026-09-22,barrier_clear,57,BP_20261222_70.00,BinaryPut,70.0,2026-12-22
full,l1,parsimony,6,111,0.0,False,2,2026-12-22,2026-09-22,barrier_clear,58,C_20261222_75.00,EuropeanCall,75.0,2026-12-22
full,l1,parsimony,6,112,0.0,False,2,2026-12-22,2026-09-22,barrier_clear,59,P_20261222_75.00,EuropeanPut,75.0,2026-12-22
full,l1,parsimony,6,113,0.0,False,2,2026-12-22,2026-09-22,barrier_clear,60,BC_20261222_75.00,BinaryCall,75.0,2026-12-22
full,l1,parsimony,6,114,-0.0,False,2,2026-12-22,2026-09-22,barrier_clear,61,BP_20261222_75.00,BinaryPut,75.0,2026-12-22
full,l1,parsimony,6,115,0.0,False,2,2026-12-22,2026-09-22,barrier_clear,62,C_20261222_80.00,EuropeanCall,80.0,2026-12-22
full,l1,parsimony,6,116,-0.0,False,2,2026-12-22,2026-09-22,barrier_clear,63,P_20261222_80.00,EuropeanPut,80.0,2026-12-22
full,l1,parsimony,6,117,0.0,False,2,2026-12-22,2026-09-22,barrier_clear,64,BC_20261222_80.00,BinaryCall,80.0,2026-12-22
full,l1,parsimony,6,118,-0.0,False,2,2026-12-22,2026-09-22,barrier_clear,65,BP_20261222_80.00,BinaryPut,80.0,2026-12-22
full,l1,parsimony,6,119,0.0,False,2,2026-12-22,2026-09-22,barrier_clear,66,C_20261222_85.00,EuropeanCall,85.0,2026-12-22
full,l1,parsimony,6,120,-0.0,False,2,2026-12-22,2026-09-22,barrier_clear,67,P_20261222_85.00,EuropeanPut,85.0,2026-12-22
full,l1,parsimony,6,121,0.0,False,2,2026-12-22,2026-09-22,barrier_clear,68,BC_20261222_85.00,BinaryCall,85.0,2026-12-22
full,l1,parsimony,6,122,-0.0,False,2,2026-12-22,2026-09-22,barrier_clear,69,BP_20261222_85.00,BinaryPut,85.0,2026-12-22
full,l1,parsimony,6,123,0.0,False,2,2026-12-22,2026-09-22,barrier_clear,70,C_20261222_90.00,EuropeanCall,90.0,2026-12-22
full,l1,parsimony,6,124,-0.0,False,2,2026-12-22,2026-09-22,barrier_clear,71,P_20261222_90.00,EuropeanPut,90.0,2026-12-22
full,l1,parsimony,6,125,0.0,False,2,2026-12-22,2026-09-22,barrier_clear,72,BC_20261222_90.00,BinaryCall,90.0,2026-12-22
full,l1,parsimony,6,126,-0.0,False,2,2026-12-22,2026-09-22,barrier_clear,73,BP_20261222_90.00,BinaryPut,90.0,2026-12-22
full,l1,parsimony,6,127,-0.0,False,2,2026-12-22,2026-09-22,barrier_clear,74,C_20261222_95.00,EuropeanCall,95.0,2026-12-22
full,l1,parsimony,6,128,-0.0,False,2,2026-12-22,2026-09-22,barrier_clear,75,P_20261222_95.00,EuropeanPut,95.0,2026-12-22
full,l1,parsimony,6,129,0.0,False,2,2026-12-22,2026-09-22,barrier_clear,76,BC_20261222_95.00,BinaryCall,95.0,2026-12-22
full,l1,parsimony,6,130,-0.0,False,2,2026-12-22,2026-09-22,barrier_clear,77,BP_20261222_95.00,BinaryPut,95.0,2026-12-22
full,l1,parsimony,6,131,0.0,False,2,2026-12-22,2026-09-22,barrier_clear,78,C_20261222_100.00,EuropeanCall,100.0,2026-12-22
full,l1,parsimony,6,132,-0.0,False,2,2026-12-22,2026-09-22,barrier_clear,79,P_20261222_100.00,EuropeanPut,100.0,2026-12-22
full,l1,parsimony,6,133,0.0,False,2,2026-12-22,2026-09-22,barrier_clear,80,BC_20261222_100.00,BinaryCall,100.0,2026-12-22
full,l1,parsimony,6,134,0.0,False,2,2026-12-22,2026-09-22,barrier_clear,81,BP_20261222_100.00,BinaryPut,100.0,2026-12-22
full,l1,parsimony,6,135,0.0,False,2,2026-12-22,2026-09-22,barrier_clear,82,C_20261222_105.00,EuropeanCall,105.0,2026-12-22
full,l1,parsimony,6,136,-0.0,False,2,2026-12-22,2026-09-22,barrier_clear,83,P_20261222_105.00,EuropeanPut,105.0,2026-12-22
full,l1,parsimony,6,137,0.0,False,2,2026-12-22,2026-09-22,barrier_clear,84,BC_20261222_105.00,BinaryCall,105.0,2026-12-22
full,l1,parsimony,6,138,0.0,False,2,2026-12-22,2026-09-22,barrier_clear,85,BP_20261222_105.00,BinaryPut,105.0,2026-12-22
full,l1,parsimony,6,139,0.0,False,2,2026-12-22,2026-09-22,barrier_clear,86,C_20261222_110.00,EuropeanCall,110.0,2026-12-22
full,l1,parsimony,6,140,-0.0,False,2,2026-12-22,2026-09-22,barrier_clear,87,P_20261222_110.00,EuropeanPut,110.0,2026-12-22
full,l1,parsimony,6,141,0.0,False,2,2026-12-22,2026-09-22,barrier_clear,88,BC_20261222_110.00,BinaryCall,110.0,2026-12-22
full,l1,parsimony,6,142,0.0,False,2,2026-12-22,2026-09-22,barrier_clear,89,BP_20261222_110.00,BinaryPut,110.0,2026-12-22
full,l1,parsimony,6,143,0.0,False,2,2026-12-22,2026-09-22,barrier_clear,90,C_20261222_115.00,EuropeanCall,115.0,2026-12-22
full,l1,parsimony,6,144,-0.0,False,2,2026-12-22,2026-09-22,barrier_clear,91,P_20261222_115.00,EuropeanPut,115.0,2026-12-22
full,l1,parsimony,6,145,0.0,False,2,2026-12-22,2026-09-22,barrier_clear,92,BC_20261222_115.00,BinaryCall,115.0,2026-12-22
full,l1,parsimony,6,146,0.0,False,2,2026-12-22,2026-09-22,barrier_clear,93,BP_20261222_115.00,BinaryPut,115.0,2026-12-22
full,l1,parsimony,6,147,0.0,False,2,2026-12-22,2026-09-22,barrier_clear,94,C_20261222_120.00,EuropeanCall,120.0,2026-12-22
full,l1,parsimony,6,148,-0.0,False,2,2026-12-22,2026-09-22,barrier_clear,95,P_20261222_120.00,EuropeanPut,120.0,2026-12-22
full,l1,parsimony,6,149,0.0,False,2,2026-12-22,2026-09-22,barrier_clear,96,BC_20261222_120.00,BinaryCall,120.0,2026-12-22
full,l1,parsimony,6,150,0.0,False,2,2026-12-22,2026-09-22,barrier_clear,97,BP_20261222_120.00,BinaryPut,120.0,2026-12-22
full,l1,parsimony,6,151,0.0,False,2,2026-12-22,2026-09-22,barrier_clear,98,C_20261222_125.00,EuropeanCall,125.0,2026-12-22
full,l1,parsimony,6,152,-0.0,False,2,2026-12-22,2026-09-22,barrier_clear,99,P_20261222_125.00,EuropeanPut,125.0,2026-12-22
full,l1,parsimony,6,153,0.0,False,2,2026-12-22,2026-09-22,barrier_clear,100,BC_20261222_125.00,BinaryCall,125.0,2026-12-22
full,l1,parsimony,6,154,0.0,False,2,2026-12-22,2026-09-22,barrier_clear,101,BP_20261222_125.00,BinaryPut,125.0,2026-12-22
full,l1,parsimony,6,155,0.0,False,2,2026-12-22,2026-09-22,barrier_clear,102,C_20261222_130.00,EuropeanCall,130.0,2026-12-22
full,l1,parsimony,6,156,-0.0,False,2,2026-12-22,2026-09-22,barrier_clear,103,P_20261222_130.00,EuropeanPut,130.0,2026-12-22
full,l1,parsimony,6,157,0.0,False,2,2026-12-22,2026-09-22,barrier_clear,104,BC_20261222_130.00,BinaryCall,130.0,2026-12-22
full,l1,parsimony,6,158,0.0,False,2,2026-12-22,2026-09-22,barrier_clear,105,BP_20261222_130.00,BinaryPut,130.0,2026-12-22
full,l1,parsimony,6,159,0.023087683268719097,True,3,2027-03-22,2026-12-22,pooled,106,CASH_20270322,Cash,0.0,2027-03-22
full,l1,parsimony,6,160,0.0,False,3,2027-03-22,2026-12-22,pooled,107,C_20270322_70.00,EuropeanCall,70.0,2027-03-22
full,l1,parsimony,6,161,-0.0,False,3,2027-03-22,2026-12-22,pooled,108,P_20270322_70.00,EuropeanPut,70.0,2027-03-22
full,l1,parsimony,6,162,0.0,False,3,2027-03-22,2026-12-22,pooled,109,BC_20270322_70.00,BinaryCall,70.0,2027-03-22
full,l1,parsimony,6,163,-0.0,False,3,2027-03-22,2026-12-22,pooled,110,BP_20270322_70.00,BinaryPut,70.0,2027-03-22
full,l1,parsimony,6,164,0.0,False,3,2027-03-22,2026-12-22,pooled,111,C_20270322_75.00,EuropeanCall,75.0,2027-03-22
full,l1,parsimony,6,165,-0.0,False,3,2027-03-22,2026-12-22,pooled,112,P_20270322_75.00,EuropeanPut,75.0,2027-03-22
full,l1,parsimony,6,166,0.0,False,3,2027-03-22,2026-12-22,pooled,113,BC_20270322_75.00,BinaryCall,75.0,2027-03-22
full,l1,parsimony,6,167,0.0,False,3,2027-03-22,2026-12-22,pooled,114,BP_20270322_75.00,BinaryPut,75.0,2027-03-22
full,l1,parsimony,6,168,0.0,False,3,2027-03-22,2026-12-22,pooled,115,C_20270322_80.00,EuropeanCall,80.0,2027-03-22
full,l1,parsimony,6,169,-0.0,False,3,2027-03-22,2026-12-22,pooled,116,P_20270322_80.00,EuropeanPut,80.0,2027-03-22
full,l1,parsimony,6,170,0.0,False,3,2027-03-22,2026-12-22,pooled,117,BC_20270322_80.00,BinaryCall,80.0,2027-03-22
full,l1,parsimony,6,171,0.0,False,3,2027-03-22,2026-12-22,pooled,118,BP_20270322_80.00,BinaryPut,80.0,2027-03-22
full,l1,parsimony,6,172,0.0,False,3,2027-03-22,2026-12-22,pooled,119,C_20270322_85.00,EuropeanCall,85.0,2027-03-22
full,l1,parsimony,6,173,-0.0,False,3,2027-03-22,2026-12-22,pooled,120,P_20270322_85.00,EuropeanPut,85.0,2027-03-22
full,l1,parsimony,6,174,0.0,False,3,2027-03-22,2026-12-22,pooled,121,BC_20270322_85.00,BinaryCall,85.0,2027-03-22
full,l1,parsimony,6,175,0.0,False,3,2027-03-22,2026-12-22,pooled,122,BP_20270322_85.00,BinaryPut,85.0,2027-03-22
full,l1,parsimony,6,176,0.0,False,3,2027-03-22,2026-12-22,pooled,123,C_20270322_90.00,EuropeanCall,90.0,2027-03-22
full,l1,parsimony,6,177,-0.0,False,3,2027-03-22,2026-12-22,pooled,124,P_20270322_90.00,EuropeanPut,90.0,2027-03-22
full,l1,parsimony,6,178,0.0,False,3,2027-03-22,2026-12-22,pooled,125,BC_20270322_90.00,BinaryCall,90.0,2027-03-22
full,l1,parsimony,6,179,0.0,False,3,2027-03-22,2026-12-22,pooled,126,BP_20270322_90.00,BinaryPut,90.0,2027-03-22
full,l1,parsimony,6,180,0.0,False,3,2027-03-22,2026-12-22,pooled,127,C_20270322_95.00,EuropeanCall,95.0,2027-03-22
full,l1,parsimony,6,181,-0.0,False,3,2027-03-22,2026-12-22,pooled,128,P_20270322_95.00,EuropeanPut,95.0,2027-03-22
full,l1,parsimony,6,182,0.0,False,3,2027-03-22,2026-12-22,pooled,129,BC_20270322_95.00,BinaryCall,95.0,2027-03-22
full,l1,parsimony,6,183,0.0,False,3,2027-03-22,2026-12-22,pooled,130,BP_20270322_95.00,BinaryPut,95.0,2027-03-22
full,l1,parsimony,6,184,0.0,False,3,2027-03-22,2026-12-22,pooled,131,C_20270322_100.00,EuropeanCall,100.0,2027-03-22
full,l1,parsimony,6,185,-0.0,False,3,2027-03-22,2026-12-22,pooled,132,P_20270322_100.00,EuropeanPut,100.0,2027-03-22
full,l1,parsimony,6,186,0.0,False,3,2027-03-22,2026-12-22,pooled,133,BC_20270322_100.00,BinaryCall,100.0,2027-03-22
full,l1,parsimony,6,187,0.0,False,3,2027-03-22,2026-12-22,pooled,134,BP_20270322_100.00,BinaryPut,100.0,2027-03-22
full,l1,parsimony,6,188,0.0,False,3,2027-03-22,2026-12-22,pooled,135,C_20270322_105.00,EuropeanCall,105.0,2027-03-22
full,l1,parsimony,6,189,-0.0,False,3,2027-03-22,2026-12-22,pooled,136,P_20270322_105.00,EuropeanPut,105.0,2027-03-22
full,l1,parsimony,6,190,0.0,False,3,2027-03-22,2026-12-22,pooled,137,BC_20270322_105.00,BinaryCall,105.0,2027-03-22
full,l1,parsimony,6,191,0.0,False,3,2027-03-22,2026-12-22,pooled,138,BP_20270322_105.00,BinaryPut,105.0,2027-03-22
full,l1,parsimony,6,192,0.0,False,3,2027-03-22,2026-12-22,pooled,139,C_20270322_110.00,EuropeanCall,110.0,2027-03-22
full,l1,parsimony,6,193,-0.0,False,3,2027-03-22,2026-12-22,pooled,140,P_20270322_110.00,EuropeanPut,110.0,2027-03-22
full,l1,parsimony,6,194,0.0,False,3,2027-03-22,2026-12-22,pooled,141,BC_20270322_110.00,BinaryCall,110.0,2027-03-22
full,l1,parsimony,6,195,0.0,False,3,2027-03-22,2026-12-22,pooled,142,BP_20270322_110.00,BinaryPut,110.0,2027-03-22
full,l1,parsimony,6,196,0.0,False,3,2027-03-22,2026-12-22,pooled,143,C_20270322_115.00,EuropeanCall,115.0,2027-03-22
full,l1,parsimony,6,197,-0.0,False,3,2027-03-22,2026-12-22,pooled,144,P_20270322_115.00,EuropeanPut,115.0,2027-03-22
full,l1,parsimony,6,198,0.0,False,3,2027-03-22,2026-12-22,pooled,145,BC_20270322_115.00,BinaryCall,115.0,2027-03-22
full,l1,parsimony,6,199,0.0,False,3,2027-03-22,2026-12-22,pooled,146,BP_20270322_115.00,BinaryPut,115.0,2027-03-22
full,l1,parsimony,6,200,0.0,False,3,2027-03-22,2026-12-22,pooled,147,C_20270322_120.00,EuropeanCall,120.0,2027-03-22
full,l1,parsimony,6,201,-0.0,False,3,2027-03-22,2026-12-22,pooled,148,P_20270322_120.00,EuropeanPut,120.0,2027-03-22
full,l1,parsimony,6,202,0.0,False,3,2027-03-22,2026-12-22,pooled,149,BC_20270322_120.00,BinaryCall,120.0,2027-03-22
full,l1,parsimony,6,203,0.0,False,3,2027-03-22,2026-12-22,pooled,150,BP_20270322_120.00,BinaryPut,120.0,2027-03-22
full,l1,parsimony,6,204,0.0,False,3,2027-03-22,2026-12-22,pooled,151,C_20270322_125.00,EuropeanCall,125.0,2027-03-22
full,l1,parsimony,6,205,-0.0,False,3,2027-03-22,2026-12-22,pooled,152,P_20270322_125.00,EuropeanPut,125.0,2027-03-22
full,l1,parsimony,6,206,0.0,False,3,2027-03-22,2026-12-22,pooled,153,BC_20270322_125.00,BinaryCall,125.0,2027-03-22
full,l1,parsimony,6,207,0.0,False,3,2027-03-22,2026-12-22,pooled,154,BP_20270322_125.00,BinaryPut,125.0,2027-03-22
full,l1,parsimony,6,208,0.0,False,3,2027-03-22,2026-12-22,pooled,155,C_20270322_130.00,EuropeanCall,130.0,2027-03-22
full,l1,parsimony,6,209,-0.0,False,3,2027-03-22,2026-12-22,pooled,156,P_20270322_130.00,EuropeanPut,130.0,2027-03-22
full,l1,parsimony,6,210,0.0,False,3,2027-03-22,2026-12-22,pooled,157,BC_20270322_130.00,BinaryCall,130.0,2027-03-22
full,l1,parsimony,6,211,0.0,False,3,2027-03-22,2026-12-22,pooled,158,BP_20270322_130.00,BinaryPut,130.0,2027-03-22
full,l1,parsimony,6,212,0.012548496823897762,True,4,2027-03-22,2026-12-22,barrier_clear,106,CASH_20270322,Cash,0.0,2027-03-22
full,l1,parsimony,6,213,0.0,False,4,2027-03-22,2026-12-22,barrier_clear,107,C_20270322_70.00,EuropeanCall,70.0,2027-03-22
full,l1,parsimony,6,214,0.0,False,4,2027-03-22,2026-12-22,barrier_clear,108,P_20270322_70.00,EuropeanPut,70.0,2027-03-22
full,l1,parsimony,6,215,-0.0,False,4,2027-03-22,2026-12-22,barrier_clear,109,BC_20270322_70.00,BinaryCall,70.0,2027-03-22
full,l1,parsimony,6,216,0.0,False,4,2027-03-22,2026-12-22,barrier_clear,110,BP_20270322_70.00,BinaryPut,70.0,2027-03-22
full,l1,parsimony,6,217,0.0,False,4,2027-03-22,2026-12-22,barrier_clear,111,C_20270322_75.00,EuropeanCall,75.0,2027-03-22
full,l1,parsimony,6,218,0.0,False,4,2027-03-22,2026-12-22,barrier_clear,112,P_20270322_75.00,EuropeanPut,75.0,2027-03-22
full,l1,parsimony,6,219,0.0,False,4,2027-03-22,2026-12-22,barrier_clear,113,BC_20270322_75.00,BinaryCall,75.0,2027-03-22
full,l1,parsimony,6,220,-0.0,False,4,2027-03-22,2026-12-22,barrier_clear,114,BP_20270322_75.00,BinaryPut,75.0,2027-03-22
full,l1,parsimony,6,221,0.0,False,4,2027-03-22,2026-12-22,barrier_clear,115,C_20270322_80.00,EuropeanCall,80.0,2027-03-22
full,l1,parsimony,6,222,-0.0,False,4,2027-03-22,2026-12-22,barrier_clear,116,P_20270322_80.00,EuropeanPut,80.0,2027-03-22
full,l1,parsimony,6,223,0.0,False,4,2027-03-22,2026-12-22,barrier_clear,117,BC_20270322_80.00,BinaryCall,80.0,2027-03-22
full,l1,parsimony,6,224,-0.0,False,4,2027-03-22,2026-12-22,barrier_clear,118,BP_20270322_80.00,BinaryPut,80.0,2027-03-22
full,l1,parsimony,6,225,0.0,False,4,2027-03-22,2026-12-22,barrier_clear,119,C_20270322_85.00,EuropeanCall,85.0,2027-03-22
full,l1,parsimony,6,226,-0.0,False,4,2027-03-22,2026-12-22,barrier_clear,120,P_20270322_85.00,EuropeanPut,85.0,2027-03-22
full,l1,parsimony,6,227,0.0,False,4,2027-03-22,2026-12-22,barrier_clear,121,BC_20270322_85.00,BinaryCall,85.0,2027-03-22
full,l1,parsimony,6,228,-0.0,False,4,2027-03-22,2026-12-22,barrier_clear,122,BP_20270322_85.00,BinaryPut,85.0,2027-03-22
full,l1,parsimony,6,229,0.0,False,4,2027-03-22,2026-12-22,barrier_clear,123,C_20270322_90.00,EuropeanCall,90.0,2027-03-22
full,l1,parsimony,6,230,-0.0,False,4,2027-03-22,2026-12-22,barrier_clear,124,P_20270322_90.00,EuropeanPut,90.0,2027-03-22
full,l1,parsimony,6,231,0.0,False,4,2027-03-22,2026-12-22,barrier_clear,125,BC_20270322_90.00,BinaryCall,90.0,2027-03-22
full,l1,parsimony,6,232,-0.0,False,4,2027-03-22,2026-12-22,barrier_clear,126,BP_20270322_90.00,BinaryPut,90.0,2027-03-22
full,l1,parsimony,6,233,0.0,False,4,2027-03-22,2026-12-22,barrier_clear,127,C_20270322_95.00,EuropeanCall,95.0,2027-03-22
full,l1,parsimony,6,234,-0.0,False,4,2027-03-22,2026-12-22,barrier_clear,128,P_20270322_95.00,EuropeanPut,95.0,2027-03-22
full,l1,parsimony,6,235,0.0,False,4,2027-03-22,2026-12-22,barrier_clear,129,BC_20270322_95.00,BinaryCall,95.0,2027-03-22
full,l1,parsimony,6,236,-0.0,False,4,2027-03-22,2026-12-22,barrier_clear,130,BP_20270322_95.00,BinaryPut,95.0,2027-03-22
full,l1,parsimony,6,237,0.0,False,4,2027-03-22,2026-12-22,barrier_clear,131,C_20270322_100.00,EuropeanCall,100.0,2027-03-22
full,l1,parsimony,6,238,-0.0,False,4,2027-03-22,2026-12-22,barrier_clear,132,P_20270322_100.00,EuropeanPut,100.0,2027-03-22
full,l1,parsimony,6,239,0.0,False,4,2027-03-22,2026-12-22,barrier_clear,133,BC_20270322_100.00,BinaryCall,100.0,2027-03-22
full,l1,parsimony,6,240,-0.0,False,4,2027-03-22,2026-12-22,barrier_clear,134,BP_20270322_100.00,BinaryPut,100.0,2027-03-22
full,l1,parsimony,6,241,0.0,False,4,2027-03-22,2026-12-22,barrier_clear,135,C_20270322_105.00,EuropeanCall,105.0,2027-03-22
full,l1,parsimony,6,242,-0.0,False,4,2027-03-22,2026-12-22,barrier_clear,136,P_20270322_105.00,EuropeanPut,105.0,2027-03-22
full,l1,parsimony,6,243,0.0,False,4,2027-03-22,2026-12-22,barrier_clear,137,BC_20270322_105.00,BinaryCall,105.0,2027-03-22
full,l1,parsimony,6,244,-0.0,False,4,2027-03-22,2026-12-22,barrier_clear,138,BP_20270322_105.00,BinaryPut,105.0,2027-03-22
full,l1,parsimony,6,245,0.0,False,4,2027-03-22,2026-12-22,barrier_clear,139,C_20270322_110.00,EuropeanCall,110.0,2027-03-22
full,l1,parsimony,6,246,-0.0,False,4,2027-03-22,2026-12-22,barrier_clear,140,P_20270322_110.00,EuropeanPut,110.0,2027-03-22
full,l1,parsimony,6,247,0.0,False,4,2027-03-22,2026-12-22,barrier_clear,141,BC_20270322_110.00,BinaryCall,110.0,2027-03-22
full,l1,parsimony,6,248,-0.0,False,4,2027-03-22,2026-12-22,barrier_clear,142,BP_20270322_110.00,BinaryPut,110.0,2027-03-22
full,l1,parsimony,6,249,0.0,False,4,2027-03-22,2026-12-22,barrier_clear,143,C_20270322_115.00,EuropeanCall,115.0,2027-03-22
full,l1,parsimony,6,250,-0.0,False,4,2027-03-22,2026-12-22,barrier_clear,144,P_20270322_115.00,EuropeanPut,115.0,2027-03-22
full,l1,parsimony,6,251,0.0,False,4,2027-03-22,2026-12-22,barrier_clear,145,BC_20270322_115.00,BinaryCall,115.0,2027-03-22
full,l1,parsimony,6,252,-0.0,False,4,2027-03-22,2026-12-22,barrier_clear,146,BP_20270322_115.00,BinaryPut,115.0,2027-03-22
full,l1,parsimony,6,253,0.0,False,4,2027-03-22,2026-12-22,barrier_clear,147,C_20270322_120.00,EuropeanCall,120.0,2027-03-22
full,l1,parsimony,6,254,-0.0,False,4,2027-03-22,2026-12-22,barrier_clear,148,P_20270322_120.00,EuropeanPut,120.0,2027-03-22
full,l1,parsimony,6,255,0.0,False,4,2027-03-22,2026-12-22,barrier_clear,149,BC_20270322_120.00,BinaryCall,120.0,2027-03-22
full,l1,parsimony,6,256,-0.0,False,4,2027-03-22,2026-12-22,barrier_clear,150,BP_20270322_120.00,BinaryPut,120.0,2027-03-22
full,l1,parsimony,6,257,0.0,False,4,2027-03-22,2026-12-22,barrier_clear,151,C_20270322_125.00,EuropeanCall,125.0,2027-03-22
full,l1,parsimony,6,258,-0.0,False,4,2027-03-22,2026-12-22,barrier_clear,152,P_20270322_125.00,EuropeanPut,125.0,2027-03-22
full,l1,parsimony,6,259,0.0,False,4,2027-03-22,2026-12-22,barrier_clear,153,BC_20270322_125.00,BinaryCall,125.0,2027-03-22
full,l1,parsimony,6,260,-0.0,False,4,2027-03-22,2026-12-22,barrier_clear,154,BP_20270322_125.00,BinaryPut,125.0,2027-03-22
full,l1,parsimony,6,261,0.0,False,4,2027-03-22,2026-12-22,barrier_clear,155,C_20270322_130.00,EuropeanCall,130.0,2027-03-22
full,l1,parsimony,6,262,-0.0,False,4,2027-03-22,2026-12-22,barrier_clear,156,P_20270322_130.00,EuropeanPut,130.0,2027-03-22
full,l1,parsimony,6,263,0.0,False,4,2027-03-22,2026-12-22,barrier_clear,157,BC_20270322_130.00,BinaryCall,130.0,2027-03-22
full,l1,parsimony,6,264,-0.0,False,4,2027-03-22,2026-12-22,barrier_clear,158,BP_20270322_130.00,BinaryPut,130.0,2027-03-22
full,l1,parsimony,6,265,-0.3800392280066649,True,5,2027-06-22,2027-03-22,pooled,159,CASH_20270622,Cash,0.0,2027-06-22
full,l1,parsimony,6,266,0.0,False,5,2027-06-22,2027-03-22,pooled,160,C_20270622_70.00,EuropeanCall,70.0,2027-06-22
full,l1,parsimony,6,267,-0.0,False,5,2027-06-22,2027-03-22,pooled,161,P_20270622_70.00,EuropeanPut,70.0,2027-06-22
full,l1,parsimony,6,268,0.0,False,5,2027-06-22,2027-03-22,pooled,162,BC_20270622_70.00,BinaryCall,70.0,2027-06-22
full,l1,parsimony,6,269,-0.0,False,5,2027-06-22,2027-03-22,pooled,163,BP_20270622_70.00,BinaryPut,70.0,2027-06-22
full,l1,parsimony,6,270,0.0,False,5,2027-06-22,2027-03-22,pooled,164,C_20270622_75.00,EuropeanCall,75.0,2027-06-22
full,l1,parsimony,6,271,-0.0,False,5,2027-06-22,2027-03-22,pooled,165,P_20270622_75.00,EuropeanPut,75.0,2027-06-22
full,l1,parsimony,6,272,0.0,False,5,2027-06-22,2027-03-22,pooled,166,BC_20270622_75.00,BinaryCall,75.0,2027-06-22
full,l1,parsimony,6,273,-0.0,False,5,2027-06-22,2027-03-22,pooled,167,BP_20270622_75.00,BinaryPut,75.0,2027-06-22
full,l1,parsimony,6,274,0.0,False,5,2027-06-22,2027-03-22,pooled,168,C_20270622_80.00,EuropeanCall,80.0,2027-06-22
full,l1,parsimony,6,275,-0.0,False,5,2027-06-22,2027-03-22,pooled,169,P_20270622_80.00,EuropeanPut,80.0,2027-06-22
full,l1,parsimony,6,276,0.0,False,5,2027-06-22,2027-03-22,pooled,170,BC_20270622_80.00,BinaryCall,80.0,2027-06-22
full,l1,parsimony,6,277,-0.0,False,5,2027-06-22,2027-03-22,pooled,171,BP_20270622_80.00,BinaryPut,80.0,2027-06-22
full,l1,parsimony,6,278,0.0,False,5,2027-06-22,2027-03-22,pooled,172,C_20270622_85.00,EuropeanCall,85.0,2027-06-22
full,l1,parsimony,6,279,-0.0,False,5,2027-06-22,2027-03-22,pooled,173,P_20270622_85.00,EuropeanPut,85.0,2027-06-22
full,l1,parsimony,6,280,0.0,False,5,2027-06-22,2027-03-22,pooled,174,BC_20270622_85.00,BinaryCall,85.0,2027-06-22
full,l1,parsimony,6,281,-0.0,False,5,2027-06-22,2027-03-22,pooled,175,BP_20270622_85.00,BinaryPut,85.0,2027-06-22
full,l1,parsimony,6,282,0.0,False,5,2027-06-22,2027-03-22,pooled,176,C_20270622_90.00,EuropeanCall,90.0,2027-06-22
full,l1,parsimony,6,283,-0.0,False,5,2027-06-22,2027-03-22,pooled,177,P_20270622_90.00,EuropeanPut,90.0,2027-06-22
full,l1,parsimony,6,284,0.0,False,5,2027-06-22,2027-03-22,pooled,178,BC_20270622_90.00,BinaryCall,90.0,2027-06-22
full,l1,parsimony,6,285,-0.0,False,5,2027-06-22,2027-03-22,pooled,179,BP_20270622_90.00,BinaryPut,90.0,2027-06-22
full,l1,parsimony,6,286,0.0,False,5,2027-06-22,2027-03-22,pooled,180,C_20270622_95.00,EuropeanCall,95.0,2027-06-22
full,l1,parsimony,6,287,-0.0,False,5,2027-06-22,2027-03-22,pooled,181,P_20270622_95.00,EuropeanPut,95.0,2027-06-22
full,l1,parsimony,6,288,0.0,False,5,2027-06-22,2027-03-22,pooled,182,BC_20270622_95.00,BinaryCall,95.0,2027-06-22
full,l1,parsimony,6,289,-0.0,False,5,2027-06-22,2027-03-22,pooled,183,BP_20270622_95.00,BinaryPut,95.0,2027-06-22
full,l1,parsimony,6,290,0.0,False,5,2027-06-22,2027-03-22,pooled,184,C_20270622_100.00,EuropeanCall,100.0,2027-06-22
full,l1,parsimony,6,291,-0.0,False,5,2027-06-22,2027-03-22,pooled,185,P_20270622_100.00,EuropeanPut,100.0,2027-06-22
full,l1,parsimony,6,292,0.0,False,5,2027-06-22,2027-03-22,pooled,186,BC_20270622_100.00,BinaryCall,100.0,2027-06-22
full,l1,parsimony,6,293,-0.0,False,5,2027-06-22,2027-03-22,pooled,187,BP_20270622_100.00,BinaryPut,100.0,2027-06-22
full,l1,parsimony,6,294,0.0,False,5,2027-06-22,2027-03-22,pooled,188,C_20270622_105.00,EuropeanCall,105.0,2027-06-22
full,l1,parsimony,6,295,-0.0,False,5,2027-06-22,2027-03-22,pooled,189,P_20270622_105.00,EuropeanPut,105.0,2027-06-22
full,l1,parsimony,6,296,0.0,False,5,2027-06-22,2027-03-22,pooled,190,BC_20270622_105.00,BinaryCall,105.0,2027-06-22
full,l1,parsimony,6,297,-0.0,False,5,2027-06-22,2027-03-22,pooled,191,BP_20270622_105.00,BinaryPut,105.0,2027-06-22
full,l1,parsimony,6,298,0.0,False,5,2027-06-22,2027-03-22,pooled,192,C_20270622_110.00,EuropeanCall,110.0,2027-06-22
full,l1,parsimony,6,299,-0.0,False,5,2027-06-22,2027-03-22,pooled,193,P_20270622_110.00,EuropeanPut,110.0,2027-06-22
full,l1,parsimony,6,300,0.0,False,5,2027-06-22,2027-03-22,pooled,194,BC_20270622_110.00,BinaryCall,110.0,2027-06-22
full,l1,parsimony,6,301,-0.0,False,5,2027-06-22,2027-03-22,pooled,195,BP_20270622_110.00,BinaryPut,110.0,2027-06-22
full,l1,parsimony,6,302,0.0,False,5,2027-06-22,2027-03-22,pooled,196,C_20270622_115.00,EuropeanCall,115.0,2027-06-22
full,l1,parsimony,6,303,-0.0,False,5,2027-06-22,2027-03-22,pooled,197,P_20270622_115.00,EuropeanPut,115.0,2027-06-22
full,l1,parsimony,6,304,0.0,False,5,2027-06-22,2027-03-22,pooled,198,BC_20270622_115.00,BinaryCall,115.0,2027-06-22
full,l1,parsimony,6,305,-0.0,False,5,2027-06-22,2027-03-22,pooled,199,BP_20270622_115.00,BinaryPut,115.0,2027-06-22
full,l1,parsimony,6,306,0.0,False,5,2027-06-22,2027-03-22,pooled,200,C_20270622_120.00,EuropeanCall,120.0,2027-06-22
full,l1,parsimony,6,307,-0.0,False,5,2027-06-22,2027-03-22,pooled,201,P_20270622_120.00,EuropeanPut,120.0,2027-06-22
full,l1,parsimony,6,308,0.0,False,5,2027-06-22,2027-03-22,pooled,202,BC_20270622_120.00,BinaryCall,120.0,2027-06-22
full,l1,parsimony,6,309,-0.0,False,5,2027-06-22,2027-03-22,pooled,203,BP_20270622_120.00,BinaryPut,120.0,2027-06-22
full,l1,parsimony,6,310,0.0,False,5,2027-06-22,2027-03-22,pooled,204,C_20270622_125.00,EuropeanCall,125.0,2027-06-22
full,l1,parsimony,6,311,-0.0,False,5,2027-06-22,2027-03-22,pooled,205,P_20270622_125.00,EuropeanPut,125.0,2027-06-22
full,l1,parsimony,6,312,0.0,False,5,2027-06-22,2027-03-22,pooled,206,BC_20270622_125.00,BinaryCall,125.0,2027-06-22
full,l1,parsimony,6,313,-0.0,False,5,2027-06-22,2027-03-22,pooled,207,BP_20270622_125.00,BinaryPut,125.0,2027-06-22
full,l1,parsimony,6,314,0.0,False,5,2027-06-22,2027-03-22,pooled,208,C_20270622_130.00,EuropeanCall,130.0,2027-06-22
full,l1,parsimony,6,315,-0.0,False,5,2027-06-22,2027-03-22,pooled,209,P_20270622_130.00,EuropeanPut,130.0,2027-06-22
full,l1,parsimony,6,316,0.0,False,5,2027-06-22,2027-03-22,pooled,210,BC_20270622_130.00,BinaryCall,130.0,2027-06-22
full,l1,parsimony,6,317,-0.0,False,5,2027-06-22,2027-03-22,pooled,211,BP_20270622_130.00,BinaryPut,130.0,2027-06-22
full,l1,parsimony,6,318,-0.0018040875113677917,True,6,2027-06-22,2027-03-22,barrier_clear,159,CASH_20270622,Cash,0.0,2027-06-22
full,l1,parsimony,6,319,0.0,False,6,2027-06-22,2027-03-22,barrier_clear,160,C_20270622_70.00,EuropeanCall,70.0,2027-06-22
full,l1,parsimony,6,320,-0.0,False,6,2027-06-22,2027-03-22,barrier_clear,161,P_20270622_70.00,EuropeanPut,70.0,2027-06-22
full,l1,parsimony,6,321,0.0,False,6,2027-06-22,2027-03-22,barrier_clear,162,BC_20270622_70.00,BinaryCall,70.0,2027-06-22
full,l1,parsimony,6,322,-0.0,False,6,2027-06-22,2027-03-22,barrier_clear,163,BP_20270622_70.00,BinaryPut,70.0,2027-06-22
full,l1,parsimony,6,323,0.0,False,6,2027-06-22,2027-03-22,barrier_clear,164,C_20270622_75.00,EuropeanCall,75.0,2027-06-22
full,l1,parsimony,6,324,-2.840825754448987,True,6,2027-06-22,2027-03-22,barrier_clear,165,P_20270622_75.00,EuropeanPut,75.0,2027-06-22
full,l1,parsimony,6,325,0.0,False,6,2027-06-22,2027-03-22,barrier_clear,166,BC_20270622_75.00,BinaryCall,75.0,2027-06-22
full,l1,parsimony,6,326,-5.938817651544533,True,6,2027-06-22,2027-03-22,barrier_clear,167,BP_20270622_75.00,BinaryPut,75.0,2027-06-22
full,l1,parsimony,6,327,0.0,False,6,2027-06-22,2027-03-22,barrier_clear,168,C_20270622_80.00,EuropeanCall,80.0,2027-06-22
full,l1,parsimony,6,328,-0.5560159922769049,True,6,2027-06-22,2027-03-22,barrier_clear,169,P_20270622_80.00,EuropeanPut,80.0,2027-06-22
full,l1,parsimony,6,329,0.0,False,6,2027-06-22,2027-03-22,barrier_clear,170,BC_20270622_80.00,BinaryCall,80.0,2027-06-22
full,l1,parsimony,6,330,-0.0,False,6,2027-06-22,2027-03-22,barrier_clear,171,BP_20270622_80.00,BinaryPut,80.0,2027-06-22
full,l1,parsimony,6,331,0.0,False,6,2027-06-22,2027-03-22,barrier_clear,172,C_20270622_85.00,EuropeanCall,85.0,2027-06-22
full,l1,parsimony,6,332,-0.0,False,6,2027-06-22,2027-03-22,barrier_clear,173,P_20270622_85.00,EuropeanPut,85.0,2027-06-22
full,l1,parsimony,6,333,0.0,False,6,2027-06-22,2027-03-22,barrier_clear,174,BC_20270622_85.00,BinaryCall,85.0,2027-06-22
full,l1,parsimony,6,334,-0.0,False,6,2027-06-22,2027-03-22,barrier_clear,175,BP_20270622_85.00,BinaryPut,85.0,2027-06-22
full,l1,parsimony,6,335,0.0,False,6,2027-06-22,2027-03-22,barrier_clear,176,C_20270622_90.00,EuropeanCall,90.0,2027-06-22
full,l1,parsimony,6,336,-0.0,False,6,2027-06-22,2027-03-22,barrier_clear,177,P_20270622_90.00,EuropeanPut,90.0,2027-06-22
full,l1,parsimony,6,337,0.0,False,6,2027-06-22,2027-03-22,barrier_clear,178,BC_20270622_90.00,BinaryCall,90.0,2027-06-22
full,l1,parsimony,6,338,-0.0,False,6,2027-06-22,2027-03-22,barrier_clear,179,BP_20270622_90.00,BinaryPut,90.0,2027-06-22
full,l1,parsimony,6,339,0.0,False,6,2027-06-22,2027-03-22,barrier_clear,180,C_20270622_95.00,EuropeanCall,95.0,2027-06-22
full,l1,parsimony,6,340,-0.0,False,6,2027-06-22,2027-03-22,barrier_clear,181,P_20270622_95.00,EuropeanPut,95.0,2027-06-22
full,l1,parsimony,6,341,0.0,False,6,2027-06-22,2027-03-22,barrier_clear,182,BC_20270622_95.00,BinaryCall,95.0,2027-06-22
full,l1,parsimony,6,342,-0.0,False,6,2027-06-22,2027-03-22,barrier_clear,183,BP_20270622_95.00,BinaryPut,95.0,2027-06-22
full,l1,parsimony,6,343,0.0,False,6,2027-06-22,2027-03-22,barrier_clear,184,C_20270622_100.00,EuropeanCall,100.0,2027-06-22
full,l1,parsimony,6,344,-0.0,False,6,2027-06-22,2027-03-22,barrier_clear,185,P_20270622_100.00,EuropeanPut,100.0,2027-06-22
full,l1,parsimony,6,345,0.0,False,6,2027-06-22,2027-03-22,barrier_clear,186,BC_20270622_100.00,BinaryCall,100.0,2027-06-22
full,l1,parsimony,6,346,-0.0,False,6,2027-06-22,2027-03-22,barrier_clear,187,BP_20270622_100.00,BinaryPut,100.0,2027-06-22
full,l1,parsimony,6,347,0.0,False,6,2027-06-22,2027-03-22,barrier_clear,188,C_20270622_105.00,EuropeanCall,105.0,2027-06-22
full,l1,parsimony,6,348,-0.0,False,6,2027-06-22,2027-03-22,barrier_clear,189,P_20270622_105.00,EuropeanPut,105.0,2027-06-22
full,l1,parsimony,6,349,0.0,False,6,2027-06-22,2027-03-22,barrier_clear,190,BC_20270622_105.00,BinaryCall,105.0,2027-06-22
full,l1,parsimony,6,350,-0.0,False,6,2027-06-22,2027-03-22,barrier_clear,191,BP_20270622_105.00,BinaryPut,105.0,2027-06-22
full,l1,parsimony,6,351,0.0,False,6,2027-06-22,2027-03-22,barrier_clear,192,C_20270622_110.00,EuropeanCall,110.0,2027-06-22
full,l1,parsimony,6,352,-0.0,False,6,2027-06-22,2027-03-22,barrier_clear,193,P_20270622_110.00,EuropeanPut,110.0,2027-06-22
full,l1,parsimony,6,353,0.0,False,6,2027-06-22,2027-03-22,barrier_clear,194,BC_20270622_110.00,BinaryCall,110.0,2027-06-22
full,l1,parsimony,6,354,-0.0,False,6,2027-06-22,2027-03-22,barrier_clear,195,BP_20270622_110.00,BinaryPut,110.0,2027-06-22
full,l1,parsimony,6,355,0.0,False,6,2027-06-22,2027-03-22,barrier_clear,196,C_20270622_115.00,EuropeanCall,115.0,2027-06-22
full,l1,parsimony,6,356,-0.0,False,6,2027-06-22,2027-03-22,barrier_clear,197,P_20270622_115.00,EuropeanPut,115.0,2027-06-22
full,l1,parsimony,6,357,0.0,False,6,2027-06-22,2027-03-22,barrier_clear,198,BC_20270622_115.00,BinaryCall,115.0,2027-06-22
full,l1,parsimony,6,358,-0.0,False,6,2027-06-22,2027-03-22,barrier_clear,199,BP_20270622_115.00,BinaryPut,115.0,2027-06-22
full,l1,parsimony,6,359,0.0,False,6,2027-06-22,2027-03-22,barrier_clear,200,C_20270622_120.00,EuropeanCall,120.0,2027-06-22
full,l1,parsimony,6,360,-0.0,False,6,2027-06-22,2027-03-22,barrier_clear,201,P_20270622_120.00,EuropeanPut,120.0,2027-06-22
full,l1,parsimony,6,361,0.0,False,6,2027-06-22,2027-03-22,barrier_clear,202,BC_20270622_120.00,BinaryCall,120.0,2027-06-22
full,l1,parsimony,6,362,-0.0,False,6,2027-06-22,2027-03-22,barrier_clear,203,BP_20270622_120.00,BinaryPut,120.0,2027-06-22
full,l1,parsimony,6,363,0.0,False,6,2027-06-22,2027-03-22,barrier_clear,204,C_20270622_125.00,EuropeanCall,125.0,2027-06-22
full,l1,parsimony,6,364,-0.0,False,6,2027-06-22,2027-03-22,barrier_clear,205,P_20270622_125.00,EuropeanPut,125.0,2027-06-22
full,l1,parsimony,6,365,0.0,False,6,2027-06-22,2027-03-22,barrier_clear,206,BC_20270622_125.00,BinaryCall,125.0,2027-06-22
full,l1,parsimony,6,366,-0.0,False,6,2027-06-22,2027-03-22,barrier_clear,207,BP_20270622_125.00,BinaryPut,125.0,2027-06-22
full,l1,parsimony,6,367,0.0,False,6,2027-06-22,2027-03-22,barrier_clear,208,C_20270622_130.00,EuropeanCall,130.0,2027-06-22
full,l1,parsimony,6,368,-0.0,False,6,2027-06-22,2027-03-22,barrier_clear,209,P_20270622_130.00,EuropeanPut,130.0,2027-06-22
full,l1,parsimony,6,369,0.0,False,6,2027-06-22,2027-03-22,barrier_clear,210,BC_20270622_130.00,BinaryCall,130.0,2027-06-22
full,l1,parsimony,6,370,-0.0,False,6,2027-06-22,2027-03-22,barrier_clear,211,BP_20270622_130.00,BinaryPut,130.0,2027-06-22
full,elastic_net,performance,12,0,1.0200021044050798,True,0,2026-09-22,,initial,0,CASH_20260922,Cash,0.0,2026-09-22
full,elastic_net,performance,12,1,0.0,False,0,2026-09-22,,initial,1,C_20260922_70.00,EuropeanCall,70.0,2026-09-22
full,elastic_net,performance,12,2,0.0,False,0,2026-09-22,,initial,2,P_20260922_70.00,EuropeanPut,70.0,2026-09-22
full,elastic_net,performance,12,3,0.0,False,0,2026-09-22,,initial,3,BC_20260922_70.00,BinaryCall,70.0,2026-09-22
full,elastic_net,performance,12,4,0.0,False,0,2026-09-22,,initial,4,BP_20260922_70.00,BinaryPut,70.0,2026-09-22
full,elastic_net,performance,12,5,0.0,False,0,2026-09-22,,initial,5,C_20260922_75.00,EuropeanCall,75.0,2026-09-22
full,elastic_net,performance,12,6,-0.0,False,0,2026-09-22,,initial,6,P_20260922_75.00,EuropeanPut,75.0,2026-09-22
full,elastic_net,performance,12,7,0.0,False,0,2026-09-22,,initial,7,BC_20260922_75.00,BinaryCall,75.0,2026-09-22
full,elastic_net,performance,12,8,-0.0,False,0,2026-09-22,,initial,8,BP_20260922_75.00,BinaryPut,75.0,2026-09-22
full,elastic_net,performance,12,9,0.0,False,0,2026-09-22,,initial,9,C_20260922_80.00,EuropeanCall,80.0,2026-09-22
full,elastic_net,performance,12,10,-0.0,False,0,2026-09-22,,initial,10,P_20260922_80.00,EuropeanPut,80.0,2026-09-22
full,elastic_net,performance,12,11,0.0,False,0,2026-09-22,,initial,11,BC_20260922_80.00,BinaryCall,80.0,2026-09-22
full,elastic_net,performance,12,12,-0.0,False,0,2026-09-22,,initial,12,BP_20260922_80.00,BinaryPut,80.0,2026-09-22
full,elastic_net,performance,12,13,0.0,False,0,2026-09-22,,initial,13,C_20260922_85.00,EuropeanCall,85.0,2026-09-22
full,elastic_net,performance,12,14,-0.0,False,0,2026-09-22,,initial,14,P_20260922_85.00,EuropeanPut,85.0,2026-09-22
full,elastic_net,performance,12,15,-0.0,False,0,2026-09-22,,initial,15,BC_20260922_85.00,BinaryCall,85.0,2026-09-22
full,elastic_net,performance,12,16,5.762599358744761,True,0,2026-09-22,,initial,16,BP_20260922_85.00,BinaryPut,85.0,2026-09-22
full,elastic_net,performance,12,17,0.0,False,0,2026-09-22,,initial,17,C_20260922_90.00,EuropeanCall,90.0,2026-09-22
full,elastic_net,performance,12,18,-0.0,False,0,2026-09-22,,initial,18,P_20260922_90.00,EuropeanPut,90.0,2026-09-22
full,elastic_net,performance,12,19,0.0,False,0,2026-09-22,,initial,19,BC_20260922_90.00,BinaryCall,90.0,2026-09-22
full,elastic_net,performance,12,20,-0.0,False,0,2026-09-22,,initial,20,BP_20260922_90.00,BinaryPut,90.0,2026-09-22
full,elastic_net,performance,12,21,0.0,False,0,2026-09-22,,initial,21,C_20260922_95.00,EuropeanCall,95.0,2026-09-22
full,elastic_net,performance,12,22,-0.0,False,0,2026-09-22,,initial,22,P_20260922_95.00,EuropeanPut,95.0,2026-09-22
full,elastic_net,performance,12,23,0.0,False,0,2026-09-22,,initial,23,BC_20260922_95.00,BinaryCall,95.0,2026-09-22
full,elastic_net,performance,12,24,-0.0,False,0,2026-09-22,,initial,24,BP_20260922_95.00,BinaryPut,95.0,2026-09-22
full,elastic_net,performance,12,25,-0.0,False,0,2026-09-22,,initial,25,C_20260922_100.00,EuropeanCall,100.0,2026-09-22
full,elastic_net,performance,12,26,-0.0,False,0,2026-09-22,,initial,26,P_20260922_100.00,EuropeanPut,100.0,2026-09-22
full,elastic_net,performance,12,27,-0.0,False,0,2026-09-22,,initial,27,BC_20260922_100.00,BinaryCall,100.0,2026-09-22
full,elastic_net,performance,12,28,0.0,False,0,2026-09-22,,initial,28,BP_20260922_100.00,BinaryPut,100.0,2026-09-22
full,elastic_net,performance,12,29,-0.0,False,0,2026-09-22,,initial,29,C_20260922_105.00,EuropeanCall,105.0,2026-09-22
full,elastic_net,performance,12,30,-0.0,False,0,2026-09-22,,initial,30,P_20260922_105.00,EuropeanPut,105.0,2026-09-22
full,elastic_net,performance,12,31,-0.0,False,0,2026-09-22,,initial,31,BC_20260922_105.00,BinaryCall,105.0,2026-09-22
full,elastic_net,performance,12,32,0.0,False,0,2026-09-22,,initial,32,BP_20260922_105.00,BinaryPut,105.0,2026-09-22
full,elastic_net,performance,12,33,-0.0,False,0,2026-09-22,,initial,33,C_20260922_110.00,EuropeanCall,110.0,2026-09-22
full,elastic_net,performance,12,34,-0.0,False,0,2026-09-22,,initial,34,P_20260922_110.00,EuropeanPut,110.0,2026-09-22
full,elastic_net,performance,12,35,-0.0,False,0,2026-09-22,,initial,35,BC_20260922_110.00,BinaryCall,110.0,2026-09-22
full,elastic_net,performance,12,36,0.0,False,0,2026-09-22,,initial,36,BP_20260922_110.00,BinaryPut,110.0,2026-09-22
full,elastic_net,performance,12,37,-0.0,False,0,2026-09-22,,initial,37,C_20260922_115.00,EuropeanCall,115.0,2026-09-22
full,elastic_net,performance,12,38,-0.0,False,0,2026-09-22,,initial,38,P_20260922_115.00,EuropeanPut,115.0,2026-09-22
full,elastic_net,performance,12,39,-0.0,False,0,2026-09-22,,initial,39,BC_20260922_115.00,BinaryCall,115.0,2026-09-22
full,elastic_net,performance,12,40,0.0,False,0,2026-09-22,,initial,40,BP_20260922_115.00,BinaryPut,115.0,2026-09-22
full,elastic_net,performance,12,41,-0.0,False,0,2026-09-22,,initial,41,C_20260922_120.00,EuropeanCall,120.0,2026-09-22
full,elastic_net,performance,12,42,-0.0,False,0,2026-09-22,,initial,42,P_20260922_120.00,EuropeanPut,120.0,2026-09-22
full,elastic_net,performance,12,43,-0.0,False,0,2026-09-22,,initial,43,BC_20260922_120.00,BinaryCall,120.0,2026-09-22
full,elastic_net,performance,12,44,0.0,False,0,2026-09-22,,initial,44,BP_20260922_120.00,BinaryPut,120.0,2026-09-22
full,elastic_net,performance,12,45,-0.0,False,0,2026-09-22,,initial,45,C_20260922_125.00,EuropeanCall,125.0,2026-09-22
full,elastic_net,performance,12,46,-0.0,False,0,2026-09-22,,initial,46,P_20260922_125.00,EuropeanPut,125.0,2026-09-22
full,elastic_net,performance,12,47,-0.0,False,0,2026-09-22,,initial,47,BC_20260922_125.00,BinaryCall,125.0,2026-09-22
full,elastic_net,performance,12,48,0.0,False,0,2026-09-22,,initial,48,BP_20260922_125.00,BinaryPut,125.0,2026-09-22
full,elastic_net,performance,12,49,0.0,False,0,2026-09-22,,initial,49,C_20260922_130.00,EuropeanCall,130.0,2026-09-22
full,elastic_net,performance,12,50,-0.0,False,0,2026-09-22,,initial,50,P_20260922_130.00,EuropeanPut,130.0,2026-09-22
full,elastic_net,performance,12,51,0.0,False,0,2026-09-22,,initial,51,BC_20260922_130.00,BinaryCall,130.0,2026-09-22
full,elastic_net,performance,12,52,0.0,False,0,2026-09-22,,initial,52,BP_20260922_130.00,BinaryPut,130.0,2026-09-22
full,elastic_net,performance,12,53,-1.9984014443252818e-14,False,1,2026-12-22,2026-09-22,pooled,53,CASH_20261222,Cash,0.0,2026-12-22
full,elastic_net,performance,12,54,0.0,False,1,2026-12-22,2026-09-22,pooled,54,C_20261222_70.00,EuropeanCall,70.0,2026-12-22
full,elastic_net,performance,12,55,0.0,False,1,2026-12-22,2026-09-22,pooled,55,P_20261222_70.00,EuropeanPut,70.0,2026-12-22
full,elastic_net,performance,12,56,0.0,False,1,2026-12-22,2026-09-22,pooled,56,BC_20261222_70.00,BinaryCall,70.0,2026-12-22
full,elastic_net,performance,12,57,0.0,False,1,2026-12-22,2026-09-22,pooled,57,BP_20261222_70.00,BinaryPut,70.0,2026-12-22
full,elastic_net,performance,12,58,0.0,False,1,2026-12-22,2026-09-22,pooled,58,C_20261222_75.00,EuropeanCall,75.0,2026-12-22
full,elastic_net,performance,12,59,0.0,False,1,2026-12-22,2026-09-22,pooled,59,P_20261222_75.00,EuropeanPut,75.0,2026-12-22
full,elastic_net,performance,12,60,0.0,False,1,2026-12-22,2026-09-22,pooled,60,BC_20261222_75.00,BinaryCall,75.0,2026-12-22
full,elastic_net,performance,12,61,0.0,False,1,2026-12-22,2026-09-22,pooled,61,BP_20261222_75.00,BinaryPut,75.0,2026-12-22
full,elastic_net,performance,12,62,0.0,False,1,2026-12-22,2026-09-22,pooled,62,C_20261222_80.00,EuropeanCall,80.0,2026-12-22
full,elastic_net,performance,12,63,0.0,False,1,2026-12-22,2026-09-22,pooled,63,P_20261222_80.00,EuropeanPut,80.0,2026-12-22
full,elastic_net,performance,12,64,0.0,False,1,2026-12-22,2026-09-22,pooled,64,BC_20261222_80.00,BinaryCall,80.0,2026-12-22
full,elastic_net,performance,12,65,0.0,False,1,2026-12-22,2026-09-22,pooled,65,BP_20261222_80.00,BinaryPut,80.0,2026-12-22
full,elastic_net,performance,12,66,0.0,False,1,2026-12-22,2026-09-22,pooled,66,C_20261222_85.00,EuropeanCall,85.0,2026-12-22
full,elastic_net,performance,12,67,0.0,False,1,2026-12-22,2026-09-22,pooled,67,P_20261222_85.00,EuropeanPut,85.0,2026-12-22
full,elastic_net,performance,12,68,0.0,False,1,2026-12-22,2026-09-22,pooled,68,BC_20261222_85.00,BinaryCall,85.0,2026-12-22
full,elastic_net,performance,12,69,0.0,False,1,2026-12-22,2026-09-22,pooled,69,BP_20261222_85.00,BinaryPut,85.0,2026-12-22
full,elastic_net,performance,12,70,0.0,False,1,2026-12-22,2026-09-22,pooled,70,C_20261222_90.00,EuropeanCall,90.0,2026-12-22
full,elastic_net,performance,12,71,0.0,False,1,2026-12-22,2026-09-22,pooled,71,P_20261222_90.00,EuropeanPut,90.0,2026-12-22
full,elastic_net,performance,12,72,0.0,False,1,2026-12-22,2026-09-22,pooled,72,BC_20261222_90.00,BinaryCall,90.0,2026-12-22
full,elastic_net,performance,12,73,0.0,False,1,2026-12-22,2026-09-22,pooled,73,BP_20261222_90.00,BinaryPut,90.0,2026-12-22
full,elastic_net,performance,12,74,0.0,False,1,2026-12-22,2026-09-22,pooled,74,C_20261222_95.00,EuropeanCall,95.0,2026-12-22
full,elastic_net,performance,12,75,0.0,False,1,2026-12-22,2026-09-22,pooled,75,P_20261222_95.00,EuropeanPut,95.0,2026-12-22
full,elastic_net,performance,12,76,0.0,False,1,2026-12-22,2026-09-22,pooled,76,BC_20261222_95.00,BinaryCall,95.0,2026-12-22
full,elastic_net,performance,12,77,0.0,False,1,2026-12-22,2026-09-22,pooled,77,BP_20261222_95.00,BinaryPut,95.0,2026-12-22
full,elastic_net,performance,12,78,0.0,False,1,2026-12-22,2026-09-22,pooled,78,C_20261222_100.00,EuropeanCall,100.0,2026-12-22
full,elastic_net,performance,12,79,0.0,False,1,2026-12-22,2026-09-22,pooled,79,P_20261222_100.00,EuropeanPut,100.0,2026-12-22
full,elastic_net,performance,12,80,0.0,False,1,2026-12-22,2026-09-22,pooled,80,BC_20261222_100.00,BinaryCall,100.0,2026-12-22
full,elastic_net,performance,12,81,0.0,False,1,2026-12-22,2026-09-22,pooled,81,BP_20261222_100.00,BinaryPut,100.0,2026-12-22
full,elastic_net,performance,12,82,0.0,False,1,2026-12-22,2026-09-22,pooled,82,C_20261222_105.00,EuropeanCall,105.0,2026-12-22
full,elastic_net,performance,12,83,0.0,False,1,2026-12-22,2026-09-22,pooled,83,P_20261222_105.00,EuropeanPut,105.0,2026-12-22
full,elastic_net,performance,12,84,0.0,False,1,2026-12-22,2026-09-22,pooled,84,BC_20261222_105.00,BinaryCall,105.0,2026-12-22
full,elastic_net,performance,12,85,0.0,False,1,2026-12-22,2026-09-22,pooled,85,BP_20261222_105.00,BinaryPut,105.0,2026-12-22
full,elastic_net,performance,12,86,0.0,False,1,2026-12-22,2026-09-22,pooled,86,C_20261222_110.00,EuropeanCall,110.0,2026-12-22
full,elastic_net,performance,12,87,0.0,False,1,2026-12-22,2026-09-22,pooled,87,P_20261222_110.00,EuropeanPut,110.0,2026-12-22
full,elastic_net,performance,12,88,0.0,False,1,2026-12-22,2026-09-22,pooled,88,BC_20261222_110.00,BinaryCall,110.0,2026-12-22
full,elastic_net,performance,12,89,0.0,False,1,2026-12-22,2026-09-22,pooled,89,BP_20261222_110.00,BinaryPut,110.0,2026-12-22
full,elastic_net,performance,12,90,0.0,False,1,2026-12-22,2026-09-22,pooled,90,C_20261222_115.00,EuropeanCall,115.0,2026-12-22
full,elastic_net,performance,12,91,0.0,False,1,2026-12-22,2026-09-22,pooled,91,P_20261222_115.00,EuropeanPut,115.0,2026-12-22
full,elastic_net,performance,12,92,0.0,False,1,2026-12-22,2026-09-22,pooled,92,BC_20261222_115.00,BinaryCall,115.0,2026-12-22
full,elastic_net,performance,12,93,0.0,False,1,2026-12-22,2026-09-22,pooled,93,BP_20261222_115.00,BinaryPut,115.0,2026-12-22
full,elastic_net,performance,12,94,0.0,False,1,2026-12-22,2026-09-22,pooled,94,C_20261222_120.00,EuropeanCall,120.0,2026-12-22
full,elastic_net,performance,12,95,0.0,False,1,2026-12-22,2026-09-22,pooled,95,P_20261222_120.00,EuropeanPut,120.0,2026-12-22
full,elastic_net,performance,12,96,0.0,False,1,2026-12-22,2026-09-22,pooled,96,BC_20261222_120.00,BinaryCall,120.0,2026-12-22
full,elastic_net,performance,12,97,0.0,False,1,2026-12-22,2026-09-22,pooled,97,BP_20261222_120.00,BinaryPut,120.0,2026-12-22
full,elastic_net,performance,12,98,0.0,False,1,2026-12-22,2026-09-22,pooled,98,C_20261222_125.00,EuropeanCall,125.0,2026-12-22
full,elastic_net,performance,12,99,0.0,False,1,2026-12-22,2026-09-22,pooled,99,P_20261222_125.00,EuropeanPut,125.0,2026-12-22
full,elastic_net,performance,12,100,0.0,False,1,2026-12-22,2026-09-22,pooled,100,BC_20261222_125.00,BinaryCall,125.0,2026-12-22
full,elastic_net,performance,12,101,0.0,False,1,2026-12-22,2026-09-22,pooled,101,BP_20261222_125.00,BinaryPut,125.0,2026-12-22
full,elastic_net,performance,12,102,0.0,False,1,2026-12-22,2026-09-22,pooled,102,C_20261222_130.00,EuropeanCall,130.0,2026-12-22
full,elastic_net,performance,12,103,0.0,False,1,2026-12-22,2026-09-22,pooled,103,P_20261222_130.00,EuropeanPut,130.0,2026-12-22
full,elastic_net,performance,12,104,0.0,False,1,2026-12-22,2026-09-22,pooled,104,BC_20261222_130.00,BinaryCall,130.0,2026-12-22
full,elastic_net,performance,12,105,0.0,False,1,2026-12-22,2026-09-22,pooled,105,BP_20261222_130.00,BinaryPut,130.0,2026-12-22
full,elastic_net,performance,12,106,0.012498022073737442,True,2,2026-12-22,2026-09-22,barrier_clear,53,CASH_20261222,Cash,0.0,2026-12-22
full,elastic_net,performance,12,107,0.0,False,2,2026-12-22,2026-09-22,barrier_clear,54,C_20261222_70.00,EuropeanCall,70.0,2026-12-22
full,elastic_net,performance,12,108,1.4686768612900358,True,2,2026-12-22,2026-09-22,barrier_clear,55,P_20261222_70.00,EuropeanPut,70.0,2026-12-22
full,elastic_net,performance,12,109,-0.0,False,2,2026-12-22,2026-09-22,barrier_clear,56,BC_20261222_70.00,BinaryCall,70.0,2026-12-22
full,elastic_net,performance,12,110,0.0,False,2,2026-12-22,2026-09-22,barrier_clear,57,BP_20261222_70.00,BinaryPut,70.0,2026-12-22
full,elastic_net,performance,12,111,0.0,False,2,2026-12-22,2026-09-22,barrier_clear,58,C_20261222_75.00,EuropeanCall,75.0,2026-12-22
full,elastic_net,performance,12,112,-0.0,False,2,2026-12-22,2026-09-22,barrier_clear,59,P_20261222_75.00,EuropeanPut,75.0,2026-12-22
full,elastic_net,performance,12,113,0.0,False,2,2026-12-22,2026-09-22,barrier_clear,60,BC_20261222_75.00,BinaryCall,75.0,2026-12-22
full,elastic_net,performance,12,114,-1.038822729278076,True,2,2026-12-22,2026-09-22,barrier_clear,61,BP_20261222_75.00,BinaryPut,75.0,2026-12-22
full,elastic_net,performance,12,115,0.0,False,2,2026-12-22,2026-09-22,barrier_clear,62,C_20261222_80.00,EuropeanCall,80.0,2026-12-22
full,elastic_net,performance,12,116,-0.0,False,2,2026-12-22,2026-09-22,barrier_clear,63,P_20261222_80.00,EuropeanPut,80.0,2026-12-22
full,elastic_net,performance,12,117,0.0,False,2,2026-12-22,2026-09-22,barrier_clear,64,BC_20261222_80.00,BinaryCall,80.0,2026-12-22
full,elastic_net,performance,12,118,-0.7194619137565124,True,2,2026-12-22,2026-09-22,barrier_clear,65,BP_20261222_80.00,BinaryPut,80.0,2026-12-22
full,elastic_net,performance,12,119,0.0,False,2,2026-12-22,2026-09-22,barrier_clear,66,C_20261222_85.00,EuropeanCall,85.0,2026-12-22
full,elastic_net,performance,12,120,-0.0,False,2,2026-12-22,2026-09-22,barrier_clear,67,P_20261222_85.00,EuropeanPut,85.0,2026-12-22
full,elastic_net,performance,12,121,0.0,False,2,2026-12-22,2026-09-22,barrier_clear,68,BC_20261222_85.00,BinaryCall,85.0,2026-12-22
full,elastic_net,performance,12,122,-0.5761741229300947,True,2,2026-12-22,2026-09-22,barrier_clear,69,BP_20261222_85.00,BinaryPut,85.0,2026-12-22
full,elastic_net,performance,12,123,-0.0,False,2,2026-12-22,2026-09-22,barrier_clear,70,C_20261222_90.00,EuropeanCall,90.0,2026-12-22
full,elastic_net,performance,12,124,-0.017076148118602027,True,2,2026-12-22,2026-09-22,barrier_clear,71,P_20261222_90.00,EuropeanPut,90.0,2026-12-22
full,elastic_net,performance,12,125,0.0,False,2,2026-12-22,2026-09-22,barrier_clear,72,BC_20261222_90.00,BinaryCall,90.0,2026-12-22
full,elastic_net,performance,12,126,-0.0,False,2,2026-12-22,2026-09-22,barrier_clear,73,BP_20261222_90.00,BinaryPut,90.0,2026-12-22
full,elastic_net,performance,12,127,-0.0,False,2,2026-12-22,2026-09-22,barrier_clear,74,C_20261222_95.00,EuropeanCall,95.0,2026-12-22
full,elastic_net,performance,12,128,-0.0,False,2,2026-12-22,2026-09-22,barrier_clear,75,P_20261222_95.00,EuropeanPut,95.0,2026-12-22
full,elastic_net,performance,12,129,-0.0,False,2,2026-12-22,2026-09-22,barrier_clear,76,BC_20261222_95.00,BinaryCall,95.0,2026-12-22
full,elastic_net,performance,12,130,0.0,False,2,2026-12-22,2026-09-22,barrier_clear,77,BP_20261222_95.00,BinaryPut,95.0,2026-12-22
full,elastic_net,performance,12,131,-0.0,False,2,2026-12-22,2026-09-22,barrier_clear,78,C_20261222_100.00,EuropeanCall,100.0,2026-12-22
full,elastic_net,performance,12,132,-0.0,False,2,2026-12-22,2026-09-22,barrier_clear,79,P_20261222_100.00,EuropeanPut,100.0,2026-12-22
full,elastic_net,performance,12,133,-0.0,False,2,2026-12-22,2026-09-22,barrier_clear,80,BC_20261222_100.00,BinaryCall,100.0,2026-12-22
full,elastic_net,performance,12,134,0.0,False,2,2026-12-22,2026-09-22,barrier_clear,81,BP_20261222_100.00,BinaryPut,100.0,2026-12-22
full,elastic_net,performance,12,135,-0.0,False,2,2026-12-22,2026-09-22,barrier_clear,82,C_20261222_105.00,EuropeanCall,105.0,2026-12-22
full,elastic_net,performance,12,136,-0.0,False,2,2026-12-22,2026-09-22,barrier_clear,83,P_20261222_105.00,EuropeanPut,105.0,2026-12-22
full,elastic_net,performance,12,137,-0.0,False,2,2026-12-22,2026-09-22,barrier_clear,84,BC_20261222_105.00,BinaryCall,105.0,2026-12-22
full,elastic_net,performance,12,138,0.0,False,2,2026-12-22,2026-09-22,barrier_clear,85,BP_20261222_105.00,BinaryPut,105.0,2026-12-22
full,elastic_net,performance,12,139,-0.0,False,2,2026-12-22,2026-09-22,barrier_clear,86,C_20261222_110.00,EuropeanCall,110.0,2026-12-22
full,elastic_net,performance,12,140,-0.0,False,2,2026-12-22,2026-09-22,barrier_clear,87,P_20261222_110.00,EuropeanPut,110.0,2026-12-22
full,elastic_net,performance,12,141,-0.0,False,2,2026-12-22,2026-09-22,barrier_clear,88,BC_20261222_110.00,BinaryCall,110.0,2026-12-22
full,elastic_net,performance,12,142,0.0,False,2,2026-12-22,2026-09-22,barrier_clear,89,BP_20261222_110.00,BinaryPut,110.0,2026-12-22
full,elastic_net,performance,12,143,-0.0,False,2,2026-12-22,2026-09-22,barrier_clear,90,C_20261222_115.00,EuropeanCall,115.0,2026-12-22
full,elastic_net,performance,12,144,-0.0,False,2,2026-12-22,2026-09-22,barrier_clear,91,P_20261222_115.00,EuropeanPut,115.0,2026-12-22
full,elastic_net,performance,12,145,-0.0,False,2,2026-12-22,2026-09-22,barrier_clear,92,BC_20261222_115.00,BinaryCall,115.0,2026-12-22
full,elastic_net,performance,12,146,0.0,False,2,2026-12-22,2026-09-22,barrier_clear,93,BP_20261222_115.00,BinaryPut,115.0,2026-12-22
full,elastic_net,performance,12,147,-0.0,False,2,2026-12-22,2026-09-22,barrier_clear,94,C_20261222_120.00,EuropeanCall,120.0,2026-12-22
full,elastic_net,performance,12,148,-0.0,False,2,2026-12-22,2026-09-22,barrier_clear,95,P_20261222_120.00,EuropeanPut,120.0,2026-12-22
full,elastic_net,performance,12,149,-0.0,False,2,2026-12-22,2026-09-22,barrier_clear,96,BC_20261222_120.00,BinaryCall,120.0,2026-12-22
full,elastic_net,performance,12,150,0.0,False,2,2026-12-22,2026-09-22,barrier_clear,97,BP_20261222_120.00,BinaryPut,120.0,2026-12-22
full,elastic_net,performance,12,151,-0.0,False,2,2026-12-22,2026-09-22,barrier_clear,98,C_20261222_125.00,EuropeanCall,125.0,2026-12-22
full,elastic_net,performance,12,152,-0.0,False,2,2026-12-22,2026-09-22,barrier_clear,99,P_20261222_125.00,EuropeanPut,125.0,2026-12-22
full,elastic_net,performance,12,153,-0.0,False,2,2026-12-22,2026-09-22,barrier_clear,100,BC_20261222_125.00,BinaryCall,125.0,2026-12-22
full,elastic_net,performance,12,154,0.0,False,2,2026-12-22,2026-09-22,barrier_clear,101,BP_20261222_125.00,BinaryPut,125.0,2026-12-22
full,elastic_net,performance,12,155,0.0,False,2,2026-12-22,2026-09-22,barrier_clear,102,C_20261222_130.00,EuropeanCall,130.0,2026-12-22
full,elastic_net,performance,12,156,-0.0,False,2,2026-12-22,2026-09-22,barrier_clear,103,P_20261222_130.00,EuropeanPut,130.0,2026-12-22
full,elastic_net,performance,12,157,0.0,False,2,2026-12-22,2026-09-22,barrier_clear,104,BC_20261222_130.00,BinaryCall,130.0,2026-12-22
full,elastic_net,performance,12,158,0.0,False,2,2026-12-22,2026-09-22,barrier_clear,105,BP_20261222_130.00,BinaryPut,130.0,2026-12-22
full,elastic_net,performance,12,159,-0.055906441206904176,True,3,2027-03-22,2026-12-22,pooled,106,CASH_20270322,Cash,0.0,2027-03-22
full,elastic_net,performance,12,160,0.7311402697549179,True,3,2027-03-22,2026-12-22,pooled,107,C_20270322_70.00,EuropeanCall,70.0,2027-03-22
full,elastic_net,performance,12,161,-0.29879331407242327,True,3,2027-03-22,2026-12-22,pooled,108,P_20270322_70.00,EuropeanPut,70.0,2027-03-22
full,elastic_net,performance,12,162,0.9955148691673338,True,3,2027-03-22,2026-12-22,pooled,109,BC_20270322_70.00,BinaryCall,70.0,2027-03-22
full,elastic_net,performance,12,163,-0.0,False,3,2027-03-22,2026-12-22,pooled,110,BP_20270322_70.00,BinaryPut,70.0,2027-03-22
full,elastic_net,performance,12,164,0.0,False,3,2027-03-22,2026-12-22,pooled,111,C_20270322_75.00,EuropeanCall,75.0,2027-03-22
full,elastic_net,performance,12,165,-0.0,False,3,2027-03-22,2026-12-22,pooled,112,P_20270322_75.00,EuropeanPut,75.0,2027-03-22
full,elastic_net,performance,12,166,0.0,False,3,2027-03-22,2026-12-22,pooled,113,BC_20270322_75.00,BinaryCall,75.0,2027-03-22
full,elastic_net,performance,12,167,0.0,False,3,2027-03-22,2026-12-22,pooled,114,BP_20270322_75.00,BinaryPut,75.0,2027-03-22
full,elastic_net,performance,12,168,0.0,False,3,2027-03-22,2026-12-22,pooled,115,C_20270322_80.00,EuropeanCall,80.0,2027-03-22
full,elastic_net,performance,12,169,-0.0,False,3,2027-03-22,2026-12-22,pooled,116,P_20270322_80.00,EuropeanPut,80.0,2027-03-22
full,elastic_net,performance,12,170,0.0,False,3,2027-03-22,2026-12-22,pooled,117,BC_20270322_80.00,BinaryCall,80.0,2027-03-22
full,elastic_net,performance,12,171,0.0,False,3,2027-03-22,2026-12-22,pooled,118,BP_20270322_80.00,BinaryPut,80.0,2027-03-22
full,elastic_net,performance,12,172,0.0,False,3,2027-03-22,2026-12-22,pooled,119,C_20270322_85.00,EuropeanCall,85.0,2027-03-22
full,elastic_net,performance,12,173,-0.0,False,3,2027-03-22,2026-12-22,pooled,120,P_20270322_85.00,EuropeanPut,85.0,2027-03-22
full,elastic_net,performance,12,174,0.0,False,3,2027-03-22,2026-12-22,pooled,121,BC_20270322_85.00,BinaryCall,85.0,2027-03-22
full,elastic_net,performance,12,175,0.0,False,3,2027-03-22,2026-12-22,pooled,122,BP_20270322_85.00,BinaryPut,85.0,2027-03-22
full,elastic_net,performance,12,176,0.0,False,3,2027-03-22,2026-12-22,pooled,123,C_20270322_90.00,EuropeanCall,90.0,2027-03-22
full,elastic_net,performance,12,177,-0.0,False,3,2027-03-22,2026-12-22,pooled,124,P_20270322_90.00,EuropeanPut,90.0,2027-03-22
full,elastic_net,performance,12,178,0.0,False,3,2027-03-22,2026-12-22,pooled,125,BC_20270322_90.00,BinaryCall,90.0,2027-03-22
full,elastic_net,performance,12,179,0.0,False,3,2027-03-22,2026-12-22,pooled,126,BP_20270322_90.00,BinaryPut,90.0,2027-03-22
full,elastic_net,performance,12,180,0.0,False,3,2027-03-22,2026-12-22,pooled,127,C_20270322_95.00,EuropeanCall,95.0,2027-03-22
full,elastic_net,performance,12,181,-0.0,False,3,2027-03-22,2026-12-22,pooled,128,P_20270322_95.00,EuropeanPut,95.0,2027-03-22
full,elastic_net,performance,12,182,0.0,False,3,2027-03-22,2026-12-22,pooled,129,BC_20270322_95.00,BinaryCall,95.0,2027-03-22
full,elastic_net,performance,12,183,0.0,False,3,2027-03-22,2026-12-22,pooled,130,BP_20270322_95.00,BinaryPut,95.0,2027-03-22
full,elastic_net,performance,12,184,0.0,False,3,2027-03-22,2026-12-22,pooled,131,C_20270322_100.00,EuropeanCall,100.0,2027-03-22
full,elastic_net,performance,12,185,-0.0,False,3,2027-03-22,2026-12-22,pooled,132,P_20270322_100.00,EuropeanPut,100.0,2027-03-22
full,elastic_net,performance,12,186,0.0,False,3,2027-03-22,2026-12-22,pooled,133,BC_20270322_100.00,BinaryCall,100.0,2027-03-22
full,elastic_net,performance,12,187,0.0,False,3,2027-03-22,2026-12-22,pooled,134,BP_20270322_100.00,BinaryPut,100.0,2027-03-22
full,elastic_net,performance,12,188,0.0,False,3,2027-03-22,2026-12-22,pooled,135,C_20270322_105.00,EuropeanCall,105.0,2027-03-22
full,elastic_net,performance,12,189,-0.0,False,3,2027-03-22,2026-12-22,pooled,136,P_20270322_105.00,EuropeanPut,105.0,2027-03-22
full,elastic_net,performance,12,190,0.0,False,3,2027-03-22,2026-12-22,pooled,137,BC_20270322_105.00,BinaryCall,105.0,2027-03-22
full,elastic_net,performance,12,191,0.0,False,3,2027-03-22,2026-12-22,pooled,138,BP_20270322_105.00,BinaryPut,105.0,2027-03-22
full,elastic_net,performance,12,192,0.0,False,3,2027-03-22,2026-12-22,pooled,139,C_20270322_110.00,EuropeanCall,110.0,2027-03-22
full,elastic_net,performance,12,193,-0.0,False,3,2027-03-22,2026-12-22,pooled,140,P_20270322_110.00,EuropeanPut,110.0,2027-03-22
full,elastic_net,performance,12,194,0.0,False,3,2027-03-22,2026-12-22,pooled,141,BC_20270322_110.00,BinaryCall,110.0,2027-03-22
full,elastic_net,performance,12,195,0.0,False,3,2027-03-22,2026-12-22,pooled,142,BP_20270322_110.00,BinaryPut,110.0,2027-03-22
full,elastic_net,performance,12,196,0.0,False,3,2027-03-22,2026-12-22,pooled,143,C_20270322_115.00,EuropeanCall,115.0,2027-03-22
full,elastic_net,performance,12,197,-0.0,False,3,2027-03-22,2026-12-22,pooled,144,P_20270322_115.00,EuropeanPut,115.0,2027-03-22
full,elastic_net,performance,12,198,0.0,False,3,2027-03-22,2026-12-22,pooled,145,BC_20270322_115.00,BinaryCall,115.0,2027-03-22
full,elastic_net,performance,12,199,0.0,False,3,2027-03-22,2026-12-22,pooled,146,BP_20270322_115.00,BinaryPut,115.0,2027-03-22
full,elastic_net,performance,12,200,0.0,False,3,2027-03-22,2026-12-22,pooled,147,C_20270322_120.00,EuropeanCall,120.0,2027-03-22
full,elastic_net,performance,12,201,-0.0,False,3,2027-03-22,2026-12-22,pooled,148,P_20270322_120.00,EuropeanPut,120.0,2027-03-22
full,elastic_net,performance,12,202,0.0,False,3,2027-03-22,2026-12-22,pooled,149,BC_20270322_120.00,BinaryCall,120.0,2027-03-22
full,elastic_net,performance,12,203,0.0,False,3,2027-03-22,2026-12-22,pooled,150,BP_20270322_120.00,BinaryPut,120.0,2027-03-22
full,elastic_net,performance,12,204,0.0,False,3,2027-03-22,2026-12-22,pooled,151,C_20270322_125.00,EuropeanCall,125.0,2027-03-22
full,elastic_net,performance,12,205,-0.0,False,3,2027-03-22,2026-12-22,pooled,152,P_20270322_125.00,EuropeanPut,125.0,2027-03-22
full,elastic_net,performance,12,206,0.0,False,3,2027-03-22,2026-12-22,pooled,153,BC_20270322_125.00,BinaryCall,125.0,2027-03-22
full,elastic_net,performance,12,207,0.0,False,3,2027-03-22,2026-12-22,pooled,154,BP_20270322_125.00,BinaryPut,125.0,2027-03-22
full,elastic_net,performance,12,208,0.0,False,3,2027-03-22,2026-12-22,pooled,155,C_20270322_130.00,EuropeanCall,130.0,2027-03-22
full,elastic_net,performance,12,209,-0.0,False,3,2027-03-22,2026-12-22,pooled,156,P_20270322_130.00,EuropeanPut,130.0,2027-03-22
full,elastic_net,performance,12,210,0.0,False,3,2027-03-22,2026-12-22,pooled,157,BC_20270322_130.00,BinaryCall,130.0,2027-03-22
full,elastic_net,performance,12,211,0.0,False,3,2027-03-22,2026-12-22,pooled,158,BP_20270322_130.00,BinaryPut,130.0,2027-03-22
full,elastic_net,performance,12,212,0.013020968556688302,True,4,2027-03-22,2026-12-22,barrier_clear,106,CASH_20270322,Cash,0.0,2027-03-22
full,elastic_net,performance,12,213,0.0,False,4,2027-03-22,2026-12-22,barrier_clear,107,C_20270322_70.00,EuropeanCall,70.0,2027-03-22
full,elastic_net,performance,12,214,0.0,False,4,2027-03-22,2026-12-22,barrier_clear,108,P_20270322_70.00,EuropeanPut,70.0,2027-03-22
full,elastic_net,performance,12,215,0.0,False,4,2027-03-22,2026-12-22,barrier_clear,109,BC_20270322_70.00,BinaryCall,70.0,2027-03-22
full,elastic_net,performance,12,216,0.0,False,4,2027-03-22,2026-12-22,barrier_clear,110,BP_20270322_70.00,BinaryPut,70.0,2027-03-22
full,elastic_net,performance,12,217,0.0,False,4,2027-03-22,2026-12-22,barrier_clear,111,C_20270322_75.00,EuropeanCall,75.0,2027-03-22
full,elastic_net,performance,12,218,0.0,False,4,2027-03-22,2026-12-22,barrier_clear,112,P_20270322_75.00,EuropeanPut,75.0,2027-03-22
full,elastic_net,performance,12,219,0.0,False,4,2027-03-22,2026-12-22,barrier_clear,113,BC_20270322_75.00,BinaryCall,75.0,2027-03-22
full,elastic_net,performance,12,220,-1.823151997243903,True,4,2027-03-22,2026-12-22,barrier_clear,114,BP_20270322_75.00,BinaryPut,75.0,2027-03-22
full,elastic_net,performance,12,221,0.0,False,4,2027-03-22,2026-12-22,barrier_clear,115,C_20270322_80.00,EuropeanCall,80.0,2027-03-22
full,elastic_net,performance,12,222,-0.2852746024791731,True,4,2027-03-22,2026-12-22,barrier_clear,116,P_20270322_80.00,EuropeanPut,80.0,2027-03-22
full,elastic_net,performance,12,223,0.0,False,4,2027-03-22,2026-12-22,barrier_clear,117,BC_20270322_80.00,BinaryCall,80.0,2027-03-22
full,elastic_net,performance,12,224,-1.0122602369942482,True,4,2027-03-22,2026-12-22,barrier_clear,118,BP_20270322_80.00,BinaryPut,80.0,2027-03-22
full,elastic_net,performance,12,225,0.0,False,4,2027-03-22,2026-12-22,barrier_clear,119,C_20270322_85.00,EuropeanCall,85.0,2027-03-22
full,elastic_net,performance,12,226,-0.04259297544511735,True,4,2027-03-22,2026-12-22,barrier_clear,120,P_20270322_85.00,EuropeanPut,85.0,2027-03-22
full,elastic_net,performance,12,227,0.0,False,4,2027-03-22,2026-12-22,barrier_clear,121,BC_20270322_85.00,BinaryCall,85.0,2027-03-22
full,elastic_net,performance,12,228,-0.0,False,4,2027-03-22,2026-12-22,barrier_clear,122,BP_20270322_85.00,BinaryPut,85.0,2027-03-22
full,elastic_net,performance,12,229,0.0,False,4,2027-03-22,2026-12-22,barrier_clear,123,C_20270322_90.00,EuropeanCall,90.0,2027-03-22
full,elastic_net,performance,12,230,-0.0,False,4,2027-03-22,2026-12-22,barrier_clear,124,P_20270322_90.00,EuropeanPut,90.0,2027-03-22
full,elastic_net,performance,12,231,0.0,False,4,2027-03-22,2026-12-22,barrier_clear,125,BC_20270322_90.00,BinaryCall,90.0,2027-03-22
full,elastic_net,performance,12,232,-0.0,False,4,2027-03-22,2026-12-22,barrier_clear,126,BP_20270322_90.00,BinaryPut,90.0,2027-03-22
full,elastic_net,performance,12,233,-0.0,False,4,2027-03-22,2026-12-22,barrier_clear,127,C_20270322_95.00,EuropeanCall,95.0,2027-03-22
full,elastic_net,performance,12,234,-0.0,False,4,2027-03-22,2026-12-22,barrier_clear,128,P_20270322_95.00,EuropeanPut,95.0,2027-03-22
full,elastic_net,performance,12,235,0.0,False,4,2027-03-22,2026-12-22,barrier_clear,129,BC_20270322_95.00,BinaryCall,95.0,2027-03-22
full,elastic_net,performance,12,236,-0.0,False,4,2027-03-22,2026-12-22,barrier_clear,130,BP_20270322_95.00,BinaryPut,95.0,2027-03-22
full,elastic_net,performance,12,237,-0.0,False,4,2027-03-22,2026-12-22,barrier_clear,131,C_20270322_100.00,EuropeanCall,100.0,2027-03-22
full,elastic_net,performance,12,238,-0.0,False,4,2027-03-22,2026-12-22,barrier_clear,132,P_20270322_100.00,EuropeanPut,100.0,2027-03-22
full,elastic_net,performance,12,239,0.0,False,4,2027-03-22,2026-12-22,barrier_clear,133,BC_20270322_100.00,BinaryCall,100.0,2027-03-22
full,elastic_net,performance,12,240,-0.0,False,4,2027-03-22,2026-12-22,barrier_clear,134,BP_20270322_100.00,BinaryPut,100.0,2027-03-22
full,elastic_net,performance,12,241,-0.0,False,4,2027-03-22,2026-12-22,barrier_clear,135,C_20270322_105.00,EuropeanCall,105.0,2027-03-22
full,elastic_net,performance,12,242,-0.0,False,4,2027-03-22,2026-12-22,barrier_clear,136,P_20270322_105.00,EuropeanPut,105.0,2027-03-22
full,elastic_net,performance,12,243,-0.0,False,4,2027-03-22,2026-12-22,barrier_clear,137,BC_20270322_105.00,BinaryCall,105.0,2027-03-22
full,elastic_net,performance,12,244,0.0,False,4,2027-03-22,2026-12-22,barrier_clear,138,BP_20270322_105.00,BinaryPut,105.0,2027-03-22
full,elastic_net,performance,12,245,-0.0,False,4,2027-03-22,2026-12-22,barrier_clear,139,C_20270322_110.00,EuropeanCall,110.0,2027-03-22
full,elastic_net,performance,12,246,-0.0,False,4,2027-03-22,2026-12-22,barrier_clear,140,P_20270322_110.00,EuropeanPut,110.0,2027-03-22
full,elastic_net,performance,12,247,-0.0,False,4,2027-03-22,2026-12-22,barrier_clear,141,BC_20270322_110.00,BinaryCall,110.0,2027-03-22
full,elastic_net,performance,12,248,0.0,False,4,2027-03-22,2026-12-22,barrier_clear,142,BP_20270322_110.00,BinaryPut,110.0,2027-03-22
full,elastic_net,performance,12,249,-0.0,False,4,2027-03-22,2026-12-22,barrier_clear,143,C_20270322_115.00,EuropeanCall,115.0,2027-03-22
full,elastic_net,performance,12,250,-0.0,False,4,2027-03-22,2026-12-22,barrier_clear,144,P_20270322_115.00,EuropeanPut,115.0,2027-03-22
full,elastic_net,performance,12,251,-0.0,False,4,2027-03-22,2026-12-22,barrier_clear,145,BC_20270322_115.00,BinaryCall,115.0,2027-03-22
full,elastic_net,performance,12,252,0.0,False,4,2027-03-22,2026-12-22,barrier_clear,146,BP_20270322_115.00,BinaryPut,115.0,2027-03-22
full,elastic_net,performance,12,253,-0.0,False,4,2027-03-22,2026-12-22,barrier_clear,147,C_20270322_120.00,EuropeanCall,120.0,2027-03-22
full,elastic_net,performance,12,254,-0.0,False,4,2027-03-22,2026-12-22,barrier_clear,148,P_20270322_120.00,EuropeanPut,120.0,2027-03-22
full,elastic_net,performance,12,255,-0.0,False,4,2027-03-22,2026-12-22,barrier_clear,149,BC_20270322_120.00,BinaryCall,120.0,2027-03-22
full,elastic_net,performance,12,256,0.0,False,4,2027-03-22,2026-12-22,barrier_clear,150,BP_20270322_120.00,BinaryPut,120.0,2027-03-22
full,elastic_net,performance,12,257,-0.0,False,4,2027-03-22,2026-12-22,barrier_clear,151,C_20270322_125.00,EuropeanCall,125.0,2027-03-22
full,elastic_net,performance,12,258,-0.0,False,4,2027-03-22,2026-12-22,barrier_clear,152,P_20270322_125.00,EuropeanPut,125.0,2027-03-22
full,elastic_net,performance,12,259,-0.0,False,4,2027-03-22,2026-12-22,barrier_clear,153,BC_20270322_125.00,BinaryCall,125.0,2027-03-22
full,elastic_net,performance,12,260,0.0,False,4,2027-03-22,2026-12-22,barrier_clear,154,BP_20270322_125.00,BinaryPut,125.0,2027-03-22
full,elastic_net,performance,12,261,-0.0,False,4,2027-03-22,2026-12-22,barrier_clear,155,C_20270322_130.00,EuropeanCall,130.0,2027-03-22
full,elastic_net,performance,12,262,-0.0,False,4,2027-03-22,2026-12-22,barrier_clear,156,P_20270322_130.00,EuropeanPut,130.0,2027-03-22
full,elastic_net,performance,12,263,-0.0,False,4,2027-03-22,2026-12-22,barrier_clear,157,BC_20270322_130.00,BinaryCall,130.0,2027-03-22
full,elastic_net,performance,12,264,0.0,False,4,2027-03-22,2026-12-22,barrier_clear,158,BP_20270322_130.00,BinaryPut,130.0,2027-03-22
full,elastic_net,performance,12,265,-0.29821456880631847,True,5,2027-06-22,2027-03-22,pooled,159,CASH_20270622,Cash,0.0,2027-06-22
full,elastic_net,performance,12,266,0.040637809705160774,True,5,2027-06-22,2027-03-22,pooled,160,C_20270622_70.00,EuropeanCall,70.0,2027-06-22
full,elastic_net,performance,12,267,-0.25348159287662375,True,5,2027-06-22,2027-03-22,pooled,161,P_20270622_70.00,EuropeanPut,70.0,2027-06-22
full,elastic_net,performance,12,268,0.0,False,5,2027-06-22,2027-03-22,pooled,162,BC_20270622_70.00,BinaryCall,70.0,2027-06-22
full,elastic_net,performance,12,269,-0.0,False,5,2027-06-22,2027-03-22,pooled,163,BP_20270622_70.00,BinaryPut,70.0,2027-06-22
full,elastic_net,performance,12,270,0.401289814855643,True,5,2027-06-22,2027-03-22,pooled,164,C_20270622_75.00,EuropeanCall,75.0,2027-06-22
full,elastic_net,performance,12,271,-0.0,False,5,2027-06-22,2027-03-22,pooled,165,P_20270622_75.00,EuropeanPut,75.0,2027-06-22
full,elastic_net,performance,12,272,1.003071130916494,True,5,2027-06-22,2027-03-22,pooled,166,BC_20270622_75.00,BinaryCall,75.0,2027-06-22
full,elastic_net,performance,12,273,-0.0,False,5,2027-06-22,2027-03-22,pooled,167,BP_20270622_75.00,BinaryPut,75.0,2027-06-22
full,elastic_net,performance,12,274,0.0,False,5,2027-06-22,2027-03-22,pooled,168,C_20270622_80.00,EuropeanCall,80.0,2027-06-22
full,elastic_net,performance,12,275,-0.0,False,5,2027-06-22,2027-03-22,pooled,169,P_20270622_80.00,EuropeanPut,80.0,2027-06-22
full,elastic_net,performance,12,276,0.0,False,5,2027-06-22,2027-03-22,pooled,170,BC_20270622_80.00,BinaryCall,80.0,2027-06-22
full,elastic_net,performance,12,277,-0.0,False,5,2027-06-22,2027-03-22,pooled,171,BP_20270622_80.00,BinaryPut,80.0,2027-06-22
full,elastic_net,performance,12,278,0.0,False,5,2027-06-22,2027-03-22,pooled,172,C_20270622_85.00,EuropeanCall,85.0,2027-06-22
full,elastic_net,performance,12,279,-0.0,False,5,2027-06-22,2027-03-22,pooled,173,P_20270622_85.00,EuropeanPut,85.0,2027-06-22
full,elastic_net,performance,12,280,0.0,False,5,2027-06-22,2027-03-22,pooled,174,BC_20270622_85.00,BinaryCall,85.0,2027-06-22
full,elastic_net,performance,12,281,-0.0,False,5,2027-06-22,2027-03-22,pooled,175,BP_20270622_85.00,BinaryPut,85.0,2027-06-22
full,elastic_net,performance,12,282,0.0,False,5,2027-06-22,2027-03-22,pooled,176,C_20270622_90.00,EuropeanCall,90.0,2027-06-22
full,elastic_net,performance,12,283,-0.0,False,5,2027-06-22,2027-03-22,pooled,177,P_20270622_90.00,EuropeanPut,90.0,2027-06-22
full,elastic_net,performance,12,284,0.0,False,5,2027-06-22,2027-03-22,pooled,178,BC_20270622_90.00,BinaryCall,90.0,2027-06-22
full,elastic_net,performance,12,285,-0.0,False,5,2027-06-22,2027-03-22,pooled,179,BP_20270622_90.00,BinaryPut,90.0,2027-06-22
full,elastic_net,performance,12,286,0.0,False,5,2027-06-22,2027-03-22,pooled,180,C_20270622_95.00,EuropeanCall,95.0,2027-06-22
full,elastic_net,performance,12,287,-0.0,False,5,2027-06-22,2027-03-22,pooled,181,P_20270622_95.00,EuropeanPut,95.0,2027-06-22
full,elastic_net,performance,12,288,0.0,False,5,2027-06-22,2027-03-22,pooled,182,BC_20270622_95.00,BinaryCall,95.0,2027-06-22
full,elastic_net,performance,12,289,-0.0,False,5,2027-06-22,2027-03-22,pooled,183,BP_20270622_95.00,BinaryPut,95.0,2027-06-22
full,elastic_net,performance,12,290,0.0,False,5,2027-06-22,2027-03-22,pooled,184,C_20270622_100.00,EuropeanCall,100.0,2027-06-22
full,elastic_net,performance,12,291,-0.0,False,5,2027-06-22,2027-03-22,pooled,185,P_20270622_100.00,EuropeanPut,100.0,2027-06-22
full,elastic_net,performance,12,292,0.0,False,5,2027-06-22,2027-03-22,pooled,186,BC_20270622_100.00,BinaryCall,100.0,2027-06-22
full,elastic_net,performance,12,293,-0.0,False,5,2027-06-22,2027-03-22,pooled,187,BP_20270622_100.00,BinaryPut,100.0,2027-06-22
full,elastic_net,performance,12,294,0.0,False,5,2027-06-22,2027-03-22,pooled,188,C_20270622_105.00,EuropeanCall,105.0,2027-06-22
full,elastic_net,performance,12,295,-0.0,False,5,2027-06-22,2027-03-22,pooled,189,P_20270622_105.00,EuropeanPut,105.0,2027-06-22
full,elastic_net,performance,12,296,0.0,False,5,2027-06-22,2027-03-22,pooled,190,BC_20270622_105.00,BinaryCall,105.0,2027-06-22
full,elastic_net,performance,12,297,-0.0,False,5,2027-06-22,2027-03-22,pooled,191,BP_20270622_105.00,BinaryPut,105.0,2027-06-22
full,elastic_net,performance,12,298,0.0,False,5,2027-06-22,2027-03-22,pooled,192,C_20270622_110.00,EuropeanCall,110.0,2027-06-22
full,elastic_net,performance,12,299,-0.0,False,5,2027-06-22,2027-03-22,pooled,193,P_20270622_110.00,EuropeanPut,110.0,2027-06-22
full,elastic_net,performance,12,300,0.0,False,5,2027-06-22,2027-03-22,pooled,194,BC_20270622_110.00,BinaryCall,110.0,2027-06-22
full,elastic_net,performance,12,301,-0.0,False,5,2027-06-22,2027-03-22,pooled,195,BP_20270622_110.00,BinaryPut,110.0,2027-06-22
full,elastic_net,performance,12,302,0.0,False,5,2027-06-22,2027-03-22,pooled,196,C_20270622_115.00,EuropeanCall,115.0,2027-06-22
full,elastic_net,performance,12,303,-0.0,False,5,2027-06-22,2027-03-22,pooled,197,P_20270622_115.00,EuropeanPut,115.0,2027-06-22
full,elastic_net,performance,12,304,0.0,False,5,2027-06-22,2027-03-22,pooled,198,BC_20270622_115.00,BinaryCall,115.0,2027-06-22
full,elastic_net,performance,12,305,-0.0,False,5,2027-06-22,2027-03-22,pooled,199,BP_20270622_115.00,BinaryPut,115.0,2027-06-22
full,elastic_net,performance,12,306,0.0,False,5,2027-06-22,2027-03-22,pooled,200,C_20270622_120.00,EuropeanCall,120.0,2027-06-22
full,elastic_net,performance,12,307,-0.0,False,5,2027-06-22,2027-03-22,pooled,201,P_20270622_120.00,EuropeanPut,120.0,2027-06-22
full,elastic_net,performance,12,308,0.0,False,5,2027-06-22,2027-03-22,pooled,202,BC_20270622_120.00,BinaryCall,120.0,2027-06-22
full,elastic_net,performance,12,309,-0.0,False,5,2027-06-22,2027-03-22,pooled,203,BP_20270622_120.00,BinaryPut,120.0,2027-06-22
full,elastic_net,performance,12,310,0.0,False,5,2027-06-22,2027-03-22,pooled,204,C_20270622_125.00,EuropeanCall,125.0,2027-06-22
full,elastic_net,performance,12,311,-0.0,False,5,2027-06-22,2027-03-22,pooled,205,P_20270622_125.00,EuropeanPut,125.0,2027-06-22
full,elastic_net,performance,12,312,0.0,False,5,2027-06-22,2027-03-22,pooled,206,BC_20270622_125.00,BinaryCall,125.0,2027-06-22
full,elastic_net,performance,12,313,-0.0,False,5,2027-06-22,2027-03-22,pooled,207,BP_20270622_125.00,BinaryPut,125.0,2027-06-22
full,elastic_net,performance,12,314,0.0,False,5,2027-06-22,2027-03-22,pooled,208,C_20270622_130.00,EuropeanCall,130.0,2027-06-22
full,elastic_net,performance,12,315,-0.0,False,5,2027-06-22,2027-03-22,pooled,209,P_20270622_130.00,EuropeanPut,130.0,2027-06-22
full,elastic_net,performance,12,316,0.0,False,5,2027-06-22,2027-03-22,pooled,210,BC_20270622_130.00,BinaryCall,130.0,2027-06-22
full,elastic_net,performance,12,317,-0.0,False,5,2027-06-22,2027-03-22,pooled,211,BP_20270622_130.00,BinaryPut,130.0,2027-06-22
full,elastic_net,performance,12,318,0.012026759607876544,True,6,2027-06-22,2027-03-22,barrier_clear,159,CASH_20270622,Cash,0.0,2027-06-22
full,elastic_net,performance,12,319,0.0,False,6,2027-06-22,2027-03-22,barrier_clear,160,C_20270622_70.00,EuropeanCall,70.0,2027-06-22
full,elastic_net,performance,12,320,-0.0,False,6,2027-06-22,2027-03-22,barrier_clear,161,P_20270622_70.00,EuropeanPut,70.0,2027-06-22
full,elastic_net,performance,12,321,0.0,False,6,2027-06-22,2027-03-22,barrier_clear,162,BC_20270622_70.00,BinaryCall,70.0,2027-06-22
full,elastic_net,performance,12,322,-2.749803498500057,True,6,2027-06-22,2027-03-22,barrier_clear,163,BP_20270622_70.00,BinaryPut,70.0,2027-06-22
full,elastic_net,performance,12,323,0.0,False,6,2027-06-22,2027-03-22,barrier_clear,164,C_20270622_75.00,EuropeanCall,75.0,2027-06-22
full,elastic_net,performance,12,324,-2.346872393765149,True,6,2027-06-22,2027-03-22,barrier_clear,165,P_20270622_75.00,EuropeanPut,75.0,2027-06-22
full,elastic_net,performance,12,325,0.0,False,6,2027-06-22,2027-03-22,barrier_clear,166,BC_20270622_75.00,BinaryCall,75.0,2027-06-22
full,elastic_net,performance,12,326,-4.98889290975255,True,6,2027-06-22,2027-03-22,barrier_clear,167,BP_20270622_75.00,BinaryPut,75.0,2027-06-22
full,elastic_net,performance,12,327,0.0,False,6,2027-06-22,2027-03-22,barrier_clear,168,C_20270622_80.00,EuropeanCall,80.0,2027-06-22
full,elastic_net,performance,12,328,-0.6080391164474982,True,6,2027-06-22,2027-03-22,barrier_clear,169,P_20270622_80.00,EuropeanPut,80.0,2027-06-22
full,elastic_net,performance,12,329,0.0,False,6,2027-06-22,2027-03-22,barrier_clear,170,BC_20270622_80.00,BinaryCall,80.0,2027-06-22
full,elastic_net,performance,12,330,-0.8433950254411691,True,6,2027-06-22,2027-03-22,barrier_clear,171,BP_20270622_80.00,BinaryPut,80.0,2027-06-22
full,elastic_net,performance,12,331,0.0,False,6,2027-06-22,2027-03-22,barrier_clear,172,C_20270622_85.00,EuropeanCall,85.0,2027-06-22
full,elastic_net,performance,12,332,-0.1362132181179652,True,6,2027-06-22,2027-03-22,barrier_clear,173,P_20270622_85.00,EuropeanPut,85.0,2027-06-22
full,elastic_net,performance,12,333,0.0,False,6,2027-06-22,2027-03-22,barrier_clear,174,BC_20270622_85.00,BinaryCall,85.0,2027-06-22
full,elastic_net,performance,12,334,-0.0,False,6,2027-06-22,2027-03-22,barrier_clear,175,BP_20270622_85.00,BinaryPut,85.0,2027-06-22
full,elastic_net,performance,12,335,0.0,False,6,2027-06-22,2027-03-22,barrier_clear,176,C_20270622_90.00,EuropeanCall,90.0,2027-06-22
full,elastic_net,performance,12,336,-0.0,False,6,2027-06-22,2027-03-22,barrier_clear,177,P_20270622_90.00,EuropeanPut,90.0,2027-06-22
full,elastic_net,performance,12,337,0.0,False,6,2027-06-22,2027-03-22,barrier_clear,178,BC_20270622_90.00,BinaryCall,90.0,2027-06-22
full,elastic_net,performance,12,338,-0.0,False,6,2027-06-22,2027-03-22,barrier_clear,179,BP_20270622_90.00,BinaryPut,90.0,2027-06-22
full,elastic_net,performance,12,339,-0.0,False,6,2027-06-22,2027-03-22,barrier_clear,180,C_20270622_95.00,EuropeanCall,95.0,2027-06-22
full,elastic_net,performance,12,340,-0.0,False,6,2027-06-22,2027-03-22,barrier_clear,181,P_20270622_95.00,EuropeanPut,95.0,2027-06-22
full,elastic_net,performance,12,341,0.0,False,6,2027-06-22,2027-03-22,barrier_clear,182,BC_20270622_95.00,BinaryCall,95.0,2027-06-22
full,elastic_net,performance,12,342,-0.0,False,6,2027-06-22,2027-03-22,barrier_clear,183,BP_20270622_95.00,BinaryPut,95.0,2027-06-22
full,elastic_net,performance,12,343,0.0,False,6,2027-06-22,2027-03-22,barrier_clear,184,C_20270622_100.00,EuropeanCall,100.0,2027-06-22
full,elastic_net,performance,12,344,-0.0,False,6,2027-06-22,2027-03-22,barrier_clear,185,P_20270622_100.00,EuropeanPut,100.0,2027-06-22
full,elastic_net,performance,12,345,0.0,False,6,2027-06-22,2027-03-22,barrier_clear,186,BC_20270622_100.00,BinaryCall,100.0,2027-06-22
full,elastic_net,performance,12,346,-0.0,False,6,2027-06-22,2027-03-22,barrier_clear,187,BP_20270622_100.00,BinaryPut,100.0,2027-06-22
full,elastic_net,performance,12,347,-0.0,False,6,2027-06-22,2027-03-22,barrier_clear,188,C_20270622_105.00,EuropeanCall,105.0,2027-06-22
full,elastic_net,performance,12,348,-0.0,False,6,2027-06-22,2027-03-22,barrier_clear,189,P_20270622_105.00,EuropeanPut,105.0,2027-06-22
full,elastic_net,performance,12,349,0.0,False,6,2027-06-22,2027-03-22,barrier_clear,190,BC_20270622_105.00,BinaryCall,105.0,2027-06-22
full,elastic_net,performance,12,350,-0.0,False,6,2027-06-22,2027-03-22,barrier_clear,191,BP_20270622_105.00,BinaryPut,105.0,2027-06-22
full,elastic_net,performance,12,351,-0.0,False,6,2027-06-22,2027-03-22,barrier_clear,192,C_20270622_110.00,EuropeanCall,110.0,2027-06-22
full,elastic_net,performance,12,352,-0.0,False,6,2027-06-22,2027-03-22,barrier_clear,193,P_20270622_110.00,EuropeanPut,110.0,2027-06-22
full,elastic_net,performance,12,353,-0.0,False,6,2027-06-22,2027-03-22,barrier_clear,194,BC_20270622_110.00,BinaryCall,110.0,2027-06-22
full,elastic_net,performance,12,354,-0.0,False,6,2027-06-22,2027-03-22,barrier_clear,195,BP_20270622_110.00,BinaryPut,110.0,2027-06-22
full,elastic_net,performance,12,355,-0.0,False,6,2027-06-22,2027-03-22,barrier_clear,196,C_20270622_115.00,EuropeanCall,115.0,2027-06-22
full,elastic_net,performance,12,356,-0.0,False,6,2027-06-22,2027-03-22,barrier_clear,197,P_20270622_115.00,EuropeanPut,115.0,2027-06-22
full,elastic_net,performance,12,357,-0.0,False,6,2027-06-22,2027-03-22,barrier_clear,198,BC_20270622_115.00,BinaryCall,115.0,2027-06-22
full,elastic_net,performance,12,358,-0.0,False,6,2027-06-22,2027-03-22,barrier_clear,199,BP_20270622_115.00,BinaryPut,115.0,2027-06-22
full,elastic_net,performance,12,359,-0.0,False,6,2027-06-22,2027-03-22,barrier_clear,200,C_20270622_120.00,EuropeanCall,120.0,2027-06-22
full,elastic_net,performance,12,360,-0.0,False,6,2027-06-22,2027-03-22,barrier_clear,201,P_20270622_120.00,EuropeanPut,120.0,2027-06-22
full,elastic_net,performance,12,361,-0.0,False,6,2027-06-22,2027-03-22,barrier_clear,202,BC_20270622_120.00,BinaryCall,120.0,2027-06-22
full,elastic_net,performance,12,362,-0.0,False,6,2027-06-22,2027-03-22,barrier_clear,203,BP_20270622_120.00,BinaryPut,120.0,2027-06-22
full,elastic_net,performance,12,363,0.0,False,6,2027-06-22,2027-03-22,barrier_clear,204,C_20270622_125.00,EuropeanCall,125.0,2027-06-22
full,elastic_net,performance,12,364,-0.0,False,6,2027-06-22,2027-03-22,barrier_clear,205,P_20270622_125.00,EuropeanPut,125.0,2027-06-22
full,elastic_net,performance,12,365,0.0,False,6,2027-06-22,2027-03-22,barrier_clear,206,BC_20270622_125.00,BinaryCall,125.0,2027-06-22
full,elastic_net,performance,12,366,-0.0,False,6,2027-06-22,2027-03-22,barrier_clear,207,BP_20270622_125.00,BinaryPut,125.0,2027-06-22
full,elastic_net,performance,12,367,0.0,False,6,2027-06-22,2027-03-22,barrier_clear,208,C_20270622_130.00,EuropeanCall,130.0,2027-06-22
full,elastic_net,performance,12,368,-0.0,False,6,2027-06-22,2027-03-22,barrier_clear,209,P_20270622_130.00,EuropeanPut,130.0,2027-06-22
full,elastic_net,performance,12,369,0.0,False,6,2027-06-22,2027-03-22,barrier_clear,210,BC_20270622_130.00,BinaryCall,130.0,2027-06-22
full,elastic_net,performance,12,370,-0.0,False,6,2027-06-22,2027-03-22,barrier_clear,211,BP_20270622_130.00,BinaryPut,130.0,2027-06-22
full,elastic_net,compromise,8,0,1.0200181546339449,True,0,2026-09-22,,initial,0,CASH_20260922,Cash,0.0,2026-09-22
full,elastic_net,compromise,8,1,0.0,False,0,2026-09-22,,initial,1,C_20260922_70.00,EuropeanCall,70.0,2026-09-22
full,elastic_net,compromise,8,2,0.0,False,0,2026-09-22,,initial,2,P_20260922_70.00,EuropeanPut,70.0,2026-09-22
full,elastic_net,compromise,8,3,0.0,False,0,2026-09-22,,initial,3,BC_20260922_70.00,BinaryCall,70.0,2026-09-22
full,elastic_net,compromise,8,4,0.0,False,0,2026-09-22,,initial,4,BP_20260922_70.00,BinaryPut,70.0,2026-09-22
full,elastic_net,compromise,8,5,0.0,False,0,2026-09-22,,initial,5,C_20260922_75.00,EuropeanCall,75.0,2026-09-22
full,elastic_net,compromise,8,6,0.0,False,0,2026-09-22,,initial,6,P_20260922_75.00,EuropeanPut,75.0,2026-09-22
full,elastic_net,compromise,8,7,0.0,False,0,2026-09-22,,initial,7,BC_20260922_75.00,BinaryCall,75.0,2026-09-22
full,elastic_net,compromise,8,8,0.0,False,0,2026-09-22,,initial,8,BP_20260922_75.00,BinaryPut,75.0,2026-09-22
full,elastic_net,compromise,8,9,0.0,False,0,2026-09-22,,initial,9,C_20260922_80.00,EuropeanCall,80.0,2026-09-22
full,elastic_net,compromise,8,10,0.0,False,0,2026-09-22,,initial,10,P_20260922_80.00,EuropeanPut,80.0,2026-09-22
full,elastic_net,compromise,8,11,0.0,False,0,2026-09-22,,initial,11,BC_20260922_80.00,BinaryCall,80.0,2026-09-22
full,elastic_net,compromise,8,12,0.0,False,0,2026-09-22,,initial,12,BP_20260922_80.00,BinaryPut,80.0,2026-09-22
full,elastic_net,compromise,8,13,0.0,False,0,2026-09-22,,initial,13,C_20260922_85.00,EuropeanCall,85.0,2026-09-22
full,elastic_net,compromise,8,14,0.0,False,0,2026-09-22,,initial,14,P_20260922_85.00,EuropeanPut,85.0,2026-09-22
full,elastic_net,compromise,8,15,-0.0,False,0,2026-09-22,,initial,15,BC_20260922_85.00,BinaryCall,85.0,2026-09-22
full,elastic_net,compromise,8,16,1.5372833351229305,True,0,2026-09-22,,initial,16,BP_20260922_85.00,BinaryPut,85.0,2026-09-22
full,elastic_net,compromise,8,17,0.0,False,0,2026-09-22,,initial,17,C_20260922_90.00,EuropeanCall,90.0,2026-09-22
full,elastic_net,compromise,8,18,0.0,False,0,2026-09-22,,initial,18,P_20260922_90.00,EuropeanPut,90.0,2026-09-22
full,elastic_net,compromise,8,19,-0.0,False,0,2026-09-22,,initial,19,BC_20260922_90.00,BinaryCall,90.0,2026-09-22
full,elastic_net,compromise,8,20,0.0,False,0,2026-09-22,,initial,20,BP_20260922_90.00,BinaryPut,90.0,2026-09-22
full,elastic_net,compromise,8,21,0.0,False,0,2026-09-22,,initial,21,C_20260922_95.00,EuropeanCall,95.0,2026-09-22
full,elastic_net,compromise,8,22,0.0,False,0,2026-09-22,,initial,22,P_20260922_95.00,EuropeanPut,95.0,2026-09-22
full,elastic_net,compromise,8,23,0.0,False,0,2026-09-22,,initial,23,BC_20260922_95.00,BinaryCall,95.0,2026-09-22
full,elastic_net,compromise,8,24,-0.0,False,0,2026-09-22,,initial,24,BP_20260922_95.00,BinaryPut,95.0,2026-09-22
full,elastic_net,compromise,8,25,-0.0,False,0,2026-09-22,,initial,25,C_20260922_100.00,EuropeanCall,100.0,2026-09-22
full,elastic_net,compromise,8,26,-0.0,False,0,2026-09-22,,initial,26,P_20260922_100.00,EuropeanPut,100.0,2026-09-22
full,elastic_net,compromise,8,27,-0.0,False,0,2026-09-22,,initial,27,BC_20260922_100.00,BinaryCall,100.0,2026-09-22
full,elastic_net,compromise,8,28,0.0,False,0,2026-09-22,,initial,28,BP_20260922_100.00,BinaryPut,100.0,2026-09-22
full,elastic_net,compromise,8,29,-0.0,False,0,2026-09-22,,initial,29,C_20260922_105.00,EuropeanCall,105.0,2026-09-22
full,elastic_net,compromise,8,30,-0.0,False,0,2026-09-22,,initial,30,P_20260922_105.00,EuropeanPut,105.0,2026-09-22
full,elastic_net,compromise,8,31,-0.0,False,0,2026-09-22,,initial,31,BC_20260922_105.00,BinaryCall,105.0,2026-09-22
full,elastic_net,compromise,8,32,0.0,False,0,2026-09-22,,initial,32,BP_20260922_105.00,BinaryPut,105.0,2026-09-22
full,elastic_net,compromise,8,33,-0.0,False,0,2026-09-22,,initial,33,C_20260922_110.00,EuropeanCall,110.0,2026-09-22
full,elastic_net,compromise,8,34,-0.0,False,0,2026-09-22,,initial,34,P_20260922_110.00,EuropeanPut,110.0,2026-09-22
full,elastic_net,compromise,8,35,-0.0,False,0,2026-09-22,,initial,35,BC_20260922_110.00,BinaryCall,110.0,2026-09-22
full,elastic_net,compromise,8,36,0.0,False,0,2026-09-22,,initial,36,BP_20260922_110.00,BinaryPut,110.0,2026-09-22
full,elastic_net,compromise,8,37,-0.0,False,0,2026-09-22,,initial,37,C_20260922_115.00,EuropeanCall,115.0,2026-09-22
full,elastic_net,compromise,8,38,-0.0,False,0,2026-09-22,,initial,38,P_20260922_115.00,EuropeanPut,115.0,2026-09-22
full,elastic_net,compromise,8,39,-0.0,False,0,2026-09-22,,initial,39,BC_20260922_115.00,BinaryCall,115.0,2026-09-22
full,elastic_net,compromise,8,40,0.0,False,0,2026-09-22,,initial,40,BP_20260922_115.00,BinaryPut,115.0,2026-09-22
full,elastic_net,compromise,8,41,-0.0,False,0,2026-09-22,,initial,41,C_20260922_120.00,EuropeanCall,120.0,2026-09-22
full,elastic_net,compromise,8,42,-0.0,False,0,2026-09-22,,initial,42,P_20260922_120.00,EuropeanPut,120.0,2026-09-22
full,elastic_net,compromise,8,43,-0.0,False,0,2026-09-22,,initial,43,BC_20260922_120.00,BinaryCall,120.0,2026-09-22
full,elastic_net,compromise,8,44,0.0,False,0,2026-09-22,,initial,44,BP_20260922_120.00,BinaryPut,120.0,2026-09-22
full,elastic_net,compromise,8,45,-0.0,False,0,2026-09-22,,initial,45,C_20260922_125.00,EuropeanCall,125.0,2026-09-22
full,elastic_net,compromise,8,46,-0.0,False,0,2026-09-22,,initial,46,P_20260922_125.00,EuropeanPut,125.0,2026-09-22
full,elastic_net,compromise,8,47,-0.0,False,0,2026-09-22,,initial,47,BC_20260922_125.00,BinaryCall,125.0,2026-09-22
full,elastic_net,compromise,8,48,0.0,False,0,2026-09-22,,initial,48,BP_20260922_125.00,BinaryPut,125.0,2026-09-22
full,elastic_net,compromise,8,49,0.0,False,0,2026-09-22,,initial,49,C_20260922_130.00,EuropeanCall,130.0,2026-09-22
full,elastic_net,compromise,8,50,-0.0,False,0,2026-09-22,,initial,50,P_20260922_130.00,EuropeanPut,130.0,2026-09-22
full,elastic_net,compromise,8,51,0.0,False,0,2026-09-22,,initial,51,BC_20260922_130.00,BinaryCall,130.0,2026-09-22
full,elastic_net,compromise,8,52,0.0,False,0,2026-09-22,,initial,52,BP_20260922_130.00,BinaryPut,130.0,2026-09-22
full,elastic_net,compromise,8,53,-1.9984014443252818e-14,False,1,2026-12-22,2026-09-22,pooled,53,CASH_20261222,Cash,0.0,2026-12-22
full,elastic_net,compromise,8,54,0.0,False,1,2026-12-22,2026-09-22,pooled,54,C_20261222_70.00,EuropeanCall,70.0,2026-12-22
full,elastic_net,compromise,8,55,0.0,False,1,2026-12-22,2026-09-22,pooled,55,P_20261222_70.00,EuropeanPut,70.0,2026-12-22
full,elastic_net,compromise,8,56,0.0,False,1,2026-12-22,2026-09-22,pooled,56,BC_20261222_70.00,BinaryCall,70.0,2026-12-22
full,elastic_net,compromise,8,57,0.0,False,1,2026-12-22,2026-09-22,pooled,57,BP_20261222_70.00,BinaryPut,70.0,2026-12-22
full,elastic_net,compromise,8,58,0.0,False,1,2026-12-22,2026-09-22,pooled,58,C_20261222_75.00,EuropeanCall,75.0,2026-12-22
full,elastic_net,compromise,8,59,0.0,False,1,2026-12-22,2026-09-22,pooled,59,P_20261222_75.00,EuropeanPut,75.0,2026-12-22
full,elastic_net,compromise,8,60,0.0,False,1,2026-12-22,2026-09-22,pooled,60,BC_20261222_75.00,BinaryCall,75.0,2026-12-22
full,elastic_net,compromise,8,61,0.0,False,1,2026-12-22,2026-09-22,pooled,61,BP_20261222_75.00,BinaryPut,75.0,2026-12-22
full,elastic_net,compromise,8,62,0.0,False,1,2026-12-22,2026-09-22,pooled,62,C_20261222_80.00,EuropeanCall,80.0,2026-12-22
full,elastic_net,compromise,8,63,0.0,False,1,2026-12-22,2026-09-22,pooled,63,P_20261222_80.00,EuropeanPut,80.0,2026-12-22
full,elastic_net,compromise,8,64,0.0,False,1,2026-12-22,2026-09-22,pooled,64,BC_20261222_80.00,BinaryCall,80.0,2026-12-22
full,elastic_net,compromise,8,65,0.0,False,1,2026-12-22,2026-09-22,pooled,65,BP_20261222_80.00,BinaryPut,80.0,2026-12-22
full,elastic_net,compromise,8,66,0.0,False,1,2026-12-22,2026-09-22,pooled,66,C_20261222_85.00,EuropeanCall,85.0,2026-12-22
full,elastic_net,compromise,8,67,0.0,False,1,2026-12-22,2026-09-22,pooled,67,P_20261222_85.00,EuropeanPut,85.0,2026-12-22
full,elastic_net,compromise,8,68,0.0,False,1,2026-12-22,2026-09-22,pooled,68,BC_20261222_85.00,BinaryCall,85.0,2026-12-22
full,elastic_net,compromise,8,69,0.0,False,1,2026-12-22,2026-09-22,pooled,69,BP_20261222_85.00,BinaryPut,85.0,2026-12-22
full,elastic_net,compromise,8,70,0.0,False,1,2026-12-22,2026-09-22,pooled,70,C_20261222_90.00,EuropeanCall,90.0,2026-12-22
full,elastic_net,compromise,8,71,0.0,False,1,2026-12-22,2026-09-22,pooled,71,P_20261222_90.00,EuropeanPut,90.0,2026-12-22
full,elastic_net,compromise,8,72,0.0,False,1,2026-12-22,2026-09-22,pooled,72,BC_20261222_90.00,BinaryCall,90.0,2026-12-22
full,elastic_net,compromise,8,73,0.0,False,1,2026-12-22,2026-09-22,pooled,73,BP_20261222_90.00,BinaryPut,90.0,2026-12-22
full,elastic_net,compromise,8,74,0.0,False,1,2026-12-22,2026-09-22,pooled,74,C_20261222_95.00,EuropeanCall,95.0,2026-12-22
full,elastic_net,compromise,8,75,0.0,False,1,2026-12-22,2026-09-22,pooled,75,P_20261222_95.00,EuropeanPut,95.0,2026-12-22
full,elastic_net,compromise,8,76,0.0,False,1,2026-12-22,2026-09-22,pooled,76,BC_20261222_95.00,BinaryCall,95.0,2026-12-22
full,elastic_net,compromise,8,77,0.0,False,1,2026-12-22,2026-09-22,pooled,77,BP_20261222_95.00,BinaryPut,95.0,2026-12-22
full,elastic_net,compromise,8,78,0.0,False,1,2026-12-22,2026-09-22,pooled,78,C_20261222_100.00,EuropeanCall,100.0,2026-12-22
full,elastic_net,compromise,8,79,0.0,False,1,2026-12-22,2026-09-22,pooled,79,P_20261222_100.00,EuropeanPut,100.0,2026-12-22
full,elastic_net,compromise,8,80,0.0,False,1,2026-12-22,2026-09-22,pooled,80,BC_20261222_100.00,BinaryCall,100.0,2026-12-22
full,elastic_net,compromise,8,81,0.0,False,1,2026-12-22,2026-09-22,pooled,81,BP_20261222_100.00,BinaryPut,100.0,2026-12-22
full,elastic_net,compromise,8,82,0.0,False,1,2026-12-22,2026-09-22,pooled,82,C_20261222_105.00,EuropeanCall,105.0,2026-12-22
full,elastic_net,compromise,8,83,0.0,False,1,2026-12-22,2026-09-22,pooled,83,P_20261222_105.00,EuropeanPut,105.0,2026-12-22
full,elastic_net,compromise,8,84,0.0,False,1,2026-12-22,2026-09-22,pooled,84,BC_20261222_105.00,BinaryCall,105.0,2026-12-22
full,elastic_net,compromise,8,85,0.0,False,1,2026-12-22,2026-09-22,pooled,85,BP_20261222_105.00,BinaryPut,105.0,2026-12-22
full,elastic_net,compromise,8,86,0.0,False,1,2026-12-22,2026-09-22,pooled,86,C_20261222_110.00,EuropeanCall,110.0,2026-12-22
full,elastic_net,compromise,8,87,0.0,False,1,2026-12-22,2026-09-22,pooled,87,P_20261222_110.00,EuropeanPut,110.0,2026-12-22
full,elastic_net,compromise,8,88,0.0,False,1,2026-12-22,2026-09-22,pooled,88,BC_20261222_110.00,BinaryCall,110.0,2026-12-22
full,elastic_net,compromise,8,89,0.0,False,1,2026-12-22,2026-09-22,pooled,89,BP_20261222_110.00,BinaryPut,110.0,2026-12-22
full,elastic_net,compromise,8,90,0.0,False,1,2026-12-22,2026-09-22,pooled,90,C_20261222_115.00,EuropeanCall,115.0,2026-12-22
full,elastic_net,compromise,8,91,0.0,False,1,2026-12-22,2026-09-22,pooled,91,P_20261222_115.00,EuropeanPut,115.0,2026-12-22
full,elastic_net,compromise,8,92,0.0,False,1,2026-12-22,2026-09-22,pooled,92,BC_20261222_115.00,BinaryCall,115.0,2026-12-22
full,elastic_net,compromise,8,93,0.0,False,1,2026-12-22,2026-09-22,pooled,93,BP_20261222_115.00,BinaryPut,115.0,2026-12-22
full,elastic_net,compromise,8,94,0.0,False,1,2026-12-22,2026-09-22,pooled,94,C_20261222_120.00,EuropeanCall,120.0,2026-12-22
full,elastic_net,compromise,8,95,0.0,False,1,2026-12-22,2026-09-22,pooled,95,P_20261222_120.00,EuropeanPut,120.0,2026-12-22
full,elastic_net,compromise,8,96,0.0,False,1,2026-12-22,2026-09-22,pooled,96,BC_20261222_120.00,BinaryCall,120.0,2026-12-22
full,elastic_net,compromise,8,97,0.0,False,1,2026-12-22,2026-09-22,pooled,97,BP_20261222_120.00,BinaryPut,120.0,2026-12-22
full,elastic_net,compromise,8,98,0.0,False,1,2026-12-22,2026-09-22,pooled,98,C_20261222_125.00,EuropeanCall,125.0,2026-12-22
full,elastic_net,compromise,8,99,0.0,False,1,2026-12-22,2026-09-22,pooled,99,P_20261222_125.00,EuropeanPut,125.0,2026-12-22
full,elastic_net,compromise,8,100,0.0,False,1,2026-12-22,2026-09-22,pooled,100,BC_20261222_125.00,BinaryCall,125.0,2026-12-22
full,elastic_net,compromise,8,101,0.0,False,1,2026-12-22,2026-09-22,pooled,101,BP_20261222_125.00,BinaryPut,125.0,2026-12-22
full,elastic_net,compromise,8,102,0.0,False,1,2026-12-22,2026-09-22,pooled,102,C_20261222_130.00,EuropeanCall,130.0,2026-12-22
full,elastic_net,compromise,8,103,0.0,False,1,2026-12-22,2026-09-22,pooled,103,P_20261222_130.00,EuropeanPut,130.0,2026-12-22
full,elastic_net,compromise,8,104,0.0,False,1,2026-12-22,2026-09-22,pooled,104,BC_20261222_130.00,BinaryCall,130.0,2026-12-22
full,elastic_net,compromise,8,105,0.0,False,1,2026-12-22,2026-09-22,pooled,105,BP_20261222_130.00,BinaryPut,130.0,2026-12-22
full,elastic_net,compromise,8,106,0.012323524140606968,True,2,2026-12-22,2026-09-22,barrier_clear,53,CASH_20261222,Cash,0.0,2026-12-22
full,elastic_net,compromise,8,107,0.0,False,2,2026-12-22,2026-09-22,barrier_clear,54,C_20261222_70.00,EuropeanCall,70.0,2026-12-22
full,elastic_net,compromise,8,108,0.0,False,2,2026-12-22,2026-09-22,barrier_clear,55,P_20261222_70.00,EuropeanPut,70.0,2026-12-22
full,elastic_net,compromise,8,109,-0.0,False,2,2026-12-22,2026-09-22,barrier_clear,56,BC_20261222_70.00,BinaryCall,70.0,2026-12-22
full,elastic_net,compromise,8,110,0.0,False,2,2026-12-22,2026-09-22,barrier_clear,57,BP_20261222_70.00,BinaryPut,70.0,2026-12-22
full,elastic_net,compromise,8,111,0.0,False,2,2026-12-22,2026-09-22,barrier_clear,58,C_20261222_75.00,EuropeanCall,75.0,2026-12-22
full,elastic_net,compromise,8,112,0.0,False,2,2026-12-22,2026-09-22,barrier_clear,59,P_20261222_75.00,EuropeanPut,75.0,2026-12-22
full,elastic_net,compromise,8,113,0.0,False,2,2026-12-22,2026-09-22,barrier_clear,60,BC_20261222_75.00,BinaryCall,75.0,2026-12-22
full,elastic_net,compromise,8,114,-0.0,False,2,2026-12-22,2026-09-22,barrier_clear,61,BP_20261222_75.00,BinaryPut,75.0,2026-12-22
full,elastic_net,compromise,8,115,0.0,False,2,2026-12-22,2026-09-22,barrier_clear,62,C_20261222_80.00,EuropeanCall,80.0,2026-12-22
full,elastic_net,compromise,8,116,-0.0,False,2,2026-12-22,2026-09-22,barrier_clear,63,P_20261222_80.00,EuropeanPut,80.0,2026-12-22
full,elastic_net,compromise,8,117,0.0,False,2,2026-12-22,2026-09-22,barrier_clear,64,BC_20261222_80.00,BinaryCall,80.0,2026-12-22
full,elastic_net,compromise,8,118,-0.0,False,2,2026-12-22,2026-09-22,barrier_clear,65,BP_20261222_80.00,BinaryPut,80.0,2026-12-22
full,elastic_net,compromise,8,119,0.0,False,2,2026-12-22,2026-09-22,barrier_clear,66,C_20261222_85.00,EuropeanCall,85.0,2026-12-22
full,elastic_net,compromise,8,120,-0.0,False,2,2026-12-22,2026-09-22,barrier_clear,67,P_20261222_85.00,EuropeanPut,85.0,2026-12-22
full,elastic_net,compromise,8,121,0.0,False,2,2026-12-22,2026-09-22,barrier_clear,68,BC_20261222_85.00,BinaryCall,85.0,2026-12-22
full,elastic_net,compromise,8,122,-0.0,False,2,2026-12-22,2026-09-22,barrier_clear,69,BP_20261222_85.00,BinaryPut,85.0,2026-12-22
full,elastic_net,compromise,8,123,0.0,False,2,2026-12-22,2026-09-22,barrier_clear,70,C_20261222_90.00,EuropeanCall,90.0,2026-12-22
full,elastic_net,compromise,8,124,-0.0,False,2,2026-12-22,2026-09-22,barrier_clear,71,P_20261222_90.00,EuropeanPut,90.0,2026-12-22
full,elastic_net,compromise,8,125,0.0,False,2,2026-12-22,2026-09-22,barrier_clear,72,BC_20261222_90.00,BinaryCall,90.0,2026-12-22
full,elastic_net,compromise,8,126,-0.0,False,2,2026-12-22,2026-09-22,barrier_clear,73,BP_20261222_90.00,BinaryPut,90.0,2026-12-22
full,elastic_net,compromise,8,127,-0.0,False,2,2026-12-22,2026-09-22,barrier_clear,74,C_20261222_95.00,EuropeanCall,95.0,2026-12-22
full,elastic_net,compromise,8,128,-0.0,False,2,2026-12-22,2026-09-22,barrier_clear,75,P_20261222_95.00,EuropeanPut,95.0,2026-12-22
full,elastic_net,compromise,8,129,-0.0,False,2,2026-12-22,2026-09-22,barrier_clear,76,BC_20261222_95.00,BinaryCall,95.0,2026-12-22
full,elastic_net,compromise,8,130,0.0,False,2,2026-12-22,2026-09-22,barrier_clear,77,BP_20261222_95.00,BinaryPut,95.0,2026-12-22
full,elastic_net,compromise,8,131,0.0,False,2,2026-12-22,2026-09-22,barrier_clear,78,C_20261222_100.00,EuropeanCall,100.0,2026-12-22
full,elastic_net,compromise,8,132,-0.0,False,2,2026-12-22,2026-09-22,barrier_clear,79,P_20261222_100.00,EuropeanPut,100.0,2026-12-22
full,elastic_net,compromise,8,133,0.0,False,2,2026-12-22,2026-09-22,barrier_clear,80,BC_20261222_100.00,BinaryCall,100.0,2026-12-22
full,elastic_net,compromise,8,134,-0.0,False,2,2026-12-22,2026-09-22,barrier_clear,81,BP_20261222_100.00,BinaryPut,100.0,2026-12-22
full,elastic_net,compromise,8,135,0.0,False,2,2026-12-22,2026-09-22,barrier_clear,82,C_20261222_105.00,EuropeanCall,105.0,2026-12-22
full,elastic_net,compromise,8,136,-0.0,False,2,2026-12-22,2026-09-22,barrier_clear,83,P_20261222_105.00,EuropeanPut,105.0,2026-12-22
full,elastic_net,compromise,8,137,0.0,False,2,2026-12-22,2026-09-22,barrier_clear,84,BC_20261222_105.00,BinaryCall,105.0,2026-12-22
full,elastic_net,compromise,8,138,0.0,False,2,2026-12-22,2026-09-22,barrier_clear,85,BP_20261222_105.00,BinaryPut,105.0,2026-12-22
full,elastic_net,compromise,8,139,0.0,False,2,2026-12-22,2026-09-22,barrier_clear,86,C_20261222_110.00,EuropeanCall,110.0,2026-12-22
full,elastic_net,compromise,8,140,-0.0,False,2,2026-12-22,2026-09-22,barrier_clear,87,P_20261222_110.00,EuropeanPut,110.0,2026-12-22
full,elastic_net,compromise,8,141,0.0,False,2,2026-12-22,2026-09-22,barrier_clear,88,BC_20261222_110.00,BinaryCall,110.0,2026-12-22
full,elastic_net,compromise,8,142,0.0,False,2,2026-12-22,2026-09-22,barrier_clear,89,BP_20261222_110.00,BinaryPut,110.0,2026-12-22
full,elastic_net,compromise,8,143,0.0,False,2,2026-12-22,2026-09-22,barrier_clear,90,C_20261222_115.00,EuropeanCall,115.0,2026-12-22
full,elastic_net,compromise,8,144,-0.0,False,2,2026-12-22,2026-09-22,barrier_clear,91,P_20261222_115.00,EuropeanPut,115.0,2026-12-22
full,elastic_net,compromise,8,145,0.0,False,2,2026-12-22,2026-09-22,barrier_clear,92,BC_20261222_115.00,BinaryCall,115.0,2026-12-22
full,elastic_net,compromise,8,146,0.0,False,2,2026-12-22,2026-09-22,barrier_clear,93,BP_20261222_115.00,BinaryPut,115.0,2026-12-22
full,elastic_net,compromise,8,147,0.0,False,2,2026-12-22,2026-09-22,barrier_clear,94,C_20261222_120.00,EuropeanCall,120.0,2026-12-22
full,elastic_net,compromise,8,148,-0.0,False,2,2026-12-22,2026-09-22,barrier_clear,95,P_20261222_120.00,EuropeanPut,120.0,2026-12-22
full,elastic_net,compromise,8,149,0.0,False,2,2026-12-22,2026-09-22,barrier_clear,96,BC_20261222_120.00,BinaryCall,120.0,2026-12-22
full,elastic_net,compromise,8,150,0.0,False,2,2026-12-22,2026-09-22,barrier_clear,97,BP_20261222_120.00,BinaryPut,120.0,2026-12-22
full,elastic_net,compromise,8,151,0.0,False,2,2026-12-22,2026-09-22,barrier_clear,98,C_20261222_125.00,EuropeanCall,125.0,2026-12-22
full,elastic_net,compromise,8,152,-0.0,False,2,2026-12-22,2026-09-22,barrier_clear,99,P_20261222_125.00,EuropeanPut,125.0,2026-12-22
full,elastic_net,compromise,8,153,0.0,False,2,2026-12-22,2026-09-22,barrier_clear,100,BC_20261222_125.00,BinaryCall,125.0,2026-12-22
full,elastic_net,compromise,8,154,0.0,False,2,2026-12-22,2026-09-22,barrier_clear,101,BP_20261222_125.00,BinaryPut,125.0,2026-12-22
full,elastic_net,compromise,8,155,0.0,False,2,2026-12-22,2026-09-22,barrier_clear,102,C_20261222_130.00,EuropeanCall,130.0,2026-12-22
full,elastic_net,compromise,8,156,-0.0,False,2,2026-12-22,2026-09-22,barrier_clear,103,P_20261222_130.00,EuropeanPut,130.0,2026-12-22
full,elastic_net,compromise,8,157,0.0,False,2,2026-12-22,2026-09-22,barrier_clear,104,BC_20261222_130.00,BinaryCall,130.0,2026-12-22
full,elastic_net,compromise,8,158,0.0,False,2,2026-12-22,2026-09-22,barrier_clear,105,BP_20261222_130.00,BinaryPut,130.0,2026-12-22
full,elastic_net,compromise,8,159,-0.014588908897823832,True,3,2027-03-22,2026-12-22,pooled,106,CASH_20270322,Cash,0.0,2027-03-22
full,elastic_net,compromise,8,160,0.4735277981542529,True,3,2027-03-22,2026-12-22,pooled,107,C_20270322_70.00,EuropeanCall,70.0,2027-03-22
full,elastic_net,compromise,8,161,-0.0,False,3,2027-03-22,2026-12-22,pooled,108,P_20270322_70.00,EuropeanPut,70.0,2027-03-22
full,elastic_net,compromise,8,162,0.644751743991128,True,3,2027-03-22,2026-12-22,pooled,109,BC_20270322_70.00,BinaryCall,70.0,2027-03-22
full,elastic_net,compromise,8,163,-0.0,False,3,2027-03-22,2026-12-22,pooled,110,BP_20270322_70.00,BinaryPut,70.0,2027-03-22
full,elastic_net,compromise,8,164,0.0,False,3,2027-03-22,2026-12-22,pooled,111,C_20270322_75.00,EuropeanCall,75.0,2027-03-22
full,elastic_net,compromise,8,165,-0.0,False,3,2027-03-22,2026-12-22,pooled,112,P_20270322_75.00,EuropeanPut,75.0,2027-03-22
full,elastic_net,compromise,8,166,0.0,False,3,2027-03-22,2026-12-22,pooled,113,BC_20270322_75.00,BinaryCall,75.0,2027-03-22
full,elastic_net,compromise,8,167,0.0,False,3,2027-03-22,2026-12-22,pooled,114,BP_20270322_75.00,BinaryPut,75.0,2027-03-22
full,elastic_net,compromise,8,168,0.0,False,3,2027-03-22,2026-12-22,pooled,115,C_20270322_80.00,EuropeanCall,80.0,2027-03-22
full,elastic_net,compromise,8,169,-0.0,False,3,2027-03-22,2026-12-22,pooled,116,P_20270322_80.00,EuropeanPut,80.0,2027-03-22
full,elastic_net,compromise,8,170,0.0,False,3,2027-03-22,2026-12-22,pooled,117,BC_20270322_80.00,BinaryCall,80.0,2027-03-22
full,elastic_net,compromise,8,171,0.0,False,3,2027-03-22,2026-12-22,pooled,118,BP_20270322_80.00,BinaryPut,80.0,2027-03-22
full,elastic_net,compromise,8,172,0.0,False,3,2027-03-22,2026-12-22,pooled,119,C_20270322_85.00,EuropeanCall,85.0,2027-03-22
full,elastic_net,compromise,8,173,-0.0,False,3,2027-03-22,2026-12-22,pooled,120,P_20270322_85.00,EuropeanPut,85.0,2027-03-22
full,elastic_net,compromise,8,174,0.0,False,3,2027-03-22,2026-12-22,pooled,121,BC_20270322_85.00,BinaryCall,85.0,2027-03-22
full,elastic_net,compromise,8,175,0.0,False,3,2027-03-22,2026-12-22,pooled,122,BP_20270322_85.00,BinaryPut,85.0,2027-03-22
full,elastic_net,compromise,8,176,0.0,False,3,2027-03-22,2026-12-22,pooled,123,C_20270322_90.00,EuropeanCall,90.0,2027-03-22
full,elastic_net,compromise,8,177,-0.0,False,3,2027-03-22,2026-12-22,pooled,124,P_20270322_90.00,EuropeanPut,90.0,2027-03-22
full,elastic_net,compromise,8,178,0.0,False,3,2027-03-22,2026-12-22,pooled,125,BC_20270322_90.00,BinaryCall,90.0,2027-03-22
full,elastic_net,compromise,8,179,0.0,False,3,2027-03-22,2026-12-22,pooled,126,BP_20270322_90.00,BinaryPut,90.0,2027-03-22
full,elastic_net,compromise,8,180,0.0,False,3,2027-03-22,2026-12-22,pooled,127,C_20270322_95.00,EuropeanCall,95.0,2027-03-22
full,elastic_net,compromise,8,181,-0.0,False,3,2027-03-22,2026-12-22,pooled,128,P_20270322_95.00,EuropeanPut,95.0,2027-03-22
full,elastic_net,compromise,8,182,0.0,False,3,2027-03-22,2026-12-22,pooled,129,BC_20270322_95.00,BinaryCall,95.0,2027-03-22
full,elastic_net,compromise,8,183,0.0,False,3,2027-03-22,2026-12-22,pooled,130,BP_20270322_95.00,BinaryPut,95.0,2027-03-22
full,elastic_net,compromise,8,184,0.0,False,3,2027-03-22,2026-12-22,pooled,131,C_20270322_100.00,EuropeanCall,100.0,2027-03-22
full,elastic_net,compromise,8,185,-0.0,False,3,2027-03-22,2026-12-22,pooled,132,P_20270322_100.00,EuropeanPut,100.0,2027-03-22
full,elastic_net,compromise,8,186,0.0,False,3,2027-03-22,2026-12-22,pooled,133,BC_20270322_100.00,BinaryCall,100.0,2027-03-22
full,elastic_net,compromise,8,187,0.0,False,3,2027-03-22,2026-12-22,pooled,134,BP_20270322_100.00,BinaryPut,100.0,2027-03-22
full,elastic_net,compromise,8,188,0.0,False,3,2027-03-22,2026-12-22,pooled,135,C_20270322_105.00,EuropeanCall,105.0,2027-03-22
full,elastic_net,compromise,8,189,-0.0,False,3,2027-03-22,2026-12-22,pooled,136,P_20270322_105.00,EuropeanPut,105.0,2027-03-22
full,elastic_net,compromise,8,190,0.0,False,3,2027-03-22,2026-12-22,pooled,137,BC_20270322_105.00,BinaryCall,105.0,2027-03-22
full,elastic_net,compromise,8,191,0.0,False,3,2027-03-22,2026-12-22,pooled,138,BP_20270322_105.00,BinaryPut,105.0,2027-03-22
full,elastic_net,compromise,8,192,0.0,False,3,2027-03-22,2026-12-22,pooled,139,C_20270322_110.00,EuropeanCall,110.0,2027-03-22
full,elastic_net,compromise,8,193,-0.0,False,3,2027-03-22,2026-12-22,pooled,140,P_20270322_110.00,EuropeanPut,110.0,2027-03-22
full,elastic_net,compromise,8,194,0.0,False,3,2027-03-22,2026-12-22,pooled,141,BC_20270322_110.00,BinaryCall,110.0,2027-03-22
full,elastic_net,compromise,8,195,0.0,False,3,2027-03-22,2026-12-22,pooled,142,BP_20270322_110.00,BinaryPut,110.0,2027-03-22
full,elastic_net,compromise,8,196,0.0,False,3,2027-03-22,2026-12-22,pooled,143,C_20270322_115.00,EuropeanCall,115.0,2027-03-22
full,elastic_net,compromise,8,197,-0.0,False,3,2027-03-22,2026-12-22,pooled,144,P_20270322_115.00,EuropeanPut,115.0,2027-03-22
full,elastic_net,compromise,8,198,0.0,False,3,2027-03-22,2026-12-22,pooled,145,BC_20270322_115.00,BinaryCall,115.0,2027-03-22
full,elastic_net,compromise,8,199,0.0,False,3,2027-03-22,2026-12-22,pooled,146,BP_20270322_115.00,BinaryPut,115.0,2027-03-22
full,elastic_net,compromise,8,200,0.0,False,3,2027-03-22,2026-12-22,pooled,147,C_20270322_120.00,EuropeanCall,120.0,2027-03-22
full,elastic_net,compromise,8,201,-0.0,False,3,2027-03-22,2026-12-22,pooled,148,P_20270322_120.00,EuropeanPut,120.0,2027-03-22
full,elastic_net,compromise,8,202,0.0,False,3,2027-03-22,2026-12-22,pooled,149,BC_20270322_120.00,BinaryCall,120.0,2027-03-22
full,elastic_net,compromise,8,203,0.0,False,3,2027-03-22,2026-12-22,pooled,150,BP_20270322_120.00,BinaryPut,120.0,2027-03-22
full,elastic_net,compromise,8,204,0.0,False,3,2027-03-22,2026-12-22,pooled,151,C_20270322_125.00,EuropeanCall,125.0,2027-03-22
full,elastic_net,compromise,8,205,-0.0,False,3,2027-03-22,2026-12-22,pooled,152,P_20270322_125.00,EuropeanPut,125.0,2027-03-22
full,elastic_net,compromise,8,206,0.0,False,3,2027-03-22,2026-12-22,pooled,153,BC_20270322_125.00,BinaryCall,125.0,2027-03-22
full,elastic_net,compromise,8,207,0.0,False,3,2027-03-22,2026-12-22,pooled,154,BP_20270322_125.00,BinaryPut,125.0,2027-03-22
full,elastic_net,compromise,8,208,0.0,False,3,2027-03-22,2026-12-22,pooled,155,C_20270322_130.00,EuropeanCall,130.0,2027-03-22
full,elastic_net,compromise,8,209,-0.0,False,3,2027-03-22,2026-12-22,pooled,156,P_20270322_130.00,EuropeanPut,130.0,2027-03-22
full,elastic_net,compromise,8,210,0.0,False,3,2027-03-22,2026-12-22,pooled,157,BC_20270322_130.00,BinaryCall,130.0,2027-03-22
full,elastic_net,compromise,8,211,0.0,False,3,2027-03-22,2026-12-22,pooled,158,BP_20270322_130.00,BinaryPut,130.0,2027-03-22
full,elastic_net,compromise,8,212,0.012808330036373649,True,4,2027-03-22,2026-12-22,barrier_clear,106,CASH_20270322,Cash,0.0,2027-03-22
full,elastic_net,compromise,8,213,0.0,False,4,2027-03-22,2026-12-22,barrier_clear,107,C_20270322_70.00,EuropeanCall,70.0,2027-03-22
full,elastic_net,compromise,8,214,0.0,False,4,2027-03-22,2026-12-22,barrier_clear,108,P_20270322_70.00,EuropeanPut,70.0,2027-03-22
full,elastic_net,compromise,8,215,-0.0,False,4,2027-03-22,2026-12-22,barrier_clear,109,BC_20270322_70.00,BinaryCall,70.0,2027-03-22
full,elastic_net,compromise,8,216,0.0,False,4,2027-03-22,2026-12-22,barrier_clear,110,BP_20270322_70.00,BinaryPut,70.0,2027-03-22
full,elastic_net,compromise,8,217,0.0,False,4,2027-03-22,2026-12-22,barrier_clear,111,C_20270322_75.00,EuropeanCall,75.0,2027-03-22
full,elastic_net,compromise,8,218,0.0,False,4,2027-03-22,2026-12-22,barrier_clear,112,P_20270322_75.00,EuropeanPut,75.0,2027-03-22
full,elastic_net,compromise,8,219,0.0,False,4,2027-03-22,2026-12-22,barrier_clear,113,BC_20270322_75.00,BinaryCall,75.0,2027-03-22
full,elastic_net,compromise,8,220,-0.0,False,4,2027-03-22,2026-12-22,barrier_clear,114,BP_20270322_75.00,BinaryPut,75.0,2027-03-22
full,elastic_net,compromise,8,221,0.0,False,4,2027-03-22,2026-12-22,barrier_clear,115,C_20270322_80.00,EuropeanCall,80.0,2027-03-22
full,elastic_net,compromise,8,222,-0.12378009506997958,True,4,2027-03-22,2026-12-22,barrier_clear,116,P_20270322_80.00,EuropeanPut,80.0,2027-03-22
full,elastic_net,compromise,8,223,0.0,False,4,2027-03-22,2026-12-22,barrier_clear,117,BC_20270322_80.00,BinaryCall,80.0,2027-03-22
full,elastic_net,compromise,8,224,-0.6852611405348158,True,4,2027-03-22,2026-12-22,barrier_clear,118,BP_20270322_80.00,BinaryPut,80.0,2027-03-22
full,elastic_net,compromise,8,225,0.0,False,4,2027-03-22,2026-12-22,barrier_clear,119,C_20270322_85.00,EuropeanCall,85.0,2027-03-22
full,elastic_net,compromise,8,226,-0.020289630504311804,True,4,2027-03-22,2026-12-22,barrier_clear,120,P_20270322_85.00,EuropeanPut,85.0,2027-03-22
full,elastic_net,compromise,8,227,0.0,False,4,2027-03-22,2026-12-22,barrier_clear,121,BC_20270322_85.00,BinaryCall,85.0,2027-03-22
full,elastic_net,compromise,8,228,-0.0,False,4,2027-03-22,2026-12-22,barrier_clear,122,BP_20270322_85.00,BinaryPut,85.0,2027-03-22
full,elastic_net,compromise,8,229,0.0,False,4,2027-03-22,2026-12-22,barrier_clear,123,C_20270322_90.00,EuropeanCall,90.0,2027-03-22
full,elastic_net,compromise,8,230,-0.0,False,4,2027-03-22,2026-12-22,barrier_clear,124,P_20270322_90.00,EuropeanPut,90.0,2027-03-22
full,elastic_net,compromise,8,231,0.0,False,4,2027-03-22,2026-12-22,barrier_clear,125,BC_20270322_90.00,BinaryCall,90.0,2027-03-22
full,elastic_net,compromise,8,232,-0.0,False,4,2027-03-22,2026-12-22,barrier_clear,126,BP_20270322_90.00,BinaryPut,90.0,2027-03-22
full,elastic_net,compromise,8,233,0.0,False,4,2027-03-22,2026-12-22,barrier_clear,127,C_20270322_95.00,EuropeanCall,95.0,2027-03-22
full,elastic_net,compromise,8,234,-0.0,False,4,2027-03-22,2026-12-22,barrier_clear,128,P_20270322_95.00,EuropeanPut,95.0,2027-03-22
full,elastic_net,compromise,8,235,0.0,False,4,2027-03-22,2026-12-22,barrier_clear,129,BC_20270322_95.00,BinaryCall,95.0,2027-03-22
full,elastic_net,compromise,8,236,-0.0,False,4,2027-03-22,2026-12-22,barrier_clear,130,BP_20270322_95.00,BinaryPut,95.0,2027-03-22
full,elastic_net,compromise,8,237,-0.0,False,4,2027-03-22,2026-12-22,barrier_clear,131,C_20270322_100.00,EuropeanCall,100.0,2027-03-22
full,elastic_net,compromise,8,238,-0.0,False,4,2027-03-22,2026-12-22,barrier_clear,132,P_20270322_100.00,EuropeanPut,100.0,2027-03-22
full,elastic_net,compromise,8,239,-0.0,False,4,2027-03-22,2026-12-22,barrier_clear,133,BC_20270322_100.00,BinaryCall,100.0,2027-03-22
full,elastic_net,compromise,8,240,-0.0,False,4,2027-03-22,2026-12-22,barrier_clear,134,BP_20270322_100.00,BinaryPut,100.0,2027-03-22
full,elastic_net,compromise,8,241,-0.0,False,4,2027-03-22,2026-12-22,barrier_clear,135,C_20270322_105.00,EuropeanCall,105.0,2027-03-22
full,elastic_net,compromise,8,242,-0.0,False,4,2027-03-22,2026-12-22,barrier_clear,136,P_20270322_105.00,EuropeanPut,105.0,2027-03-22
full,elastic_net,compromise,8,243,-0.0,False,4,2027-03-22,2026-12-22,barrier_clear,137,BC_20270322_105.00,BinaryCall,105.0,2027-03-22
full,elastic_net,compromise,8,244,-0.0,False,4,2027-03-22,2026-12-22,barrier_clear,138,BP_20270322_105.00,BinaryPut,105.0,2027-03-22
full,elastic_net,compromise,8,245,-0.0,False,4,2027-03-22,2026-12-22,barrier_clear,139,C_20270322_110.00,EuropeanCall,110.0,2027-03-22
full,elastic_net,compromise,8,246,-0.0,False,4,2027-03-22,2026-12-22,barrier_clear,140,P_20270322_110.00,EuropeanPut,110.0,2027-03-22
full,elastic_net,compromise,8,247,-0.0,False,4,2027-03-22,2026-12-22,barrier_clear,141,BC_20270322_110.00,BinaryCall,110.0,2027-03-22
full,elastic_net,compromise,8,248,-0.0,False,4,2027-03-22,2026-12-22,barrier_clear,142,BP_20270322_110.00,BinaryPut,110.0,2027-03-22
full,elastic_net,compromise,8,249,-0.0,False,4,2027-03-22,2026-12-22,barrier_clear,143,C_20270322_115.00,EuropeanCall,115.0,2027-03-22
full,elastic_net,compromise,8,250,-0.0,False,4,2027-03-22,2026-12-22,barrier_clear,144,P_20270322_115.00,EuropeanPut,115.0,2027-03-22
full,elastic_net,compromise,8,251,-0.0,False,4,2027-03-22,2026-12-22,barrier_clear,145,BC_20270322_115.00,BinaryCall,115.0,2027-03-22
full,elastic_net,compromise,8,252,-0.0,False,4,2027-03-22,2026-12-22,barrier_clear,146,BP_20270322_115.00,BinaryPut,115.0,2027-03-22
full,elastic_net,compromise,8,253,-0.0,False,4,2027-03-22,2026-12-22,barrier_clear,147,C_20270322_120.00,EuropeanCall,120.0,2027-03-22
full,elastic_net,compromise,8,254,-0.0,False,4,2027-03-22,2026-12-22,barrier_clear,148,P_20270322_120.00,EuropeanPut,120.0,2027-03-22
full,elastic_net,compromise,8,255,-0.0,False,4,2027-03-22,2026-12-22,barrier_clear,149,BC_20270322_120.00,BinaryCall,120.0,2027-03-22
full,elastic_net,compromise,8,256,-0.0,False,4,2027-03-22,2026-12-22,barrier_clear,150,BP_20270322_120.00,BinaryPut,120.0,2027-03-22
full,elastic_net,compromise,8,257,-0.0,False,4,2027-03-22,2026-12-22,barrier_clear,151,C_20270322_125.00,EuropeanCall,125.0,2027-03-22
full,elastic_net,compromise,8,258,-0.0,False,4,2027-03-22,2026-12-22,barrier_clear,152,P_20270322_125.00,EuropeanPut,125.0,2027-03-22
full,elastic_net,compromise,8,259,-0.0,False,4,2027-03-22,2026-12-22,barrier_clear,153,BC_20270322_125.00,BinaryCall,125.0,2027-03-22
full,elastic_net,compromise,8,260,-0.0,False,4,2027-03-22,2026-12-22,barrier_clear,154,BP_20270322_125.00,BinaryPut,125.0,2027-03-22
full,elastic_net,compromise,8,261,-0.0,False,4,2027-03-22,2026-12-22,barrier_clear,155,C_20270322_130.00,EuropeanCall,130.0,2027-03-22
full,elastic_net,compromise,8,262,-0.0,False,4,2027-03-22,2026-12-22,barrier_clear,156,P_20270322_130.00,EuropeanPut,130.0,2027-03-22
full,elastic_net,compromise,8,263,-0.0,False,4,2027-03-22,2026-12-22,barrier_clear,157,BC_20270322_130.00,BinaryCall,130.0,2027-03-22
full,elastic_net,compromise,8,264,-0.0,False,4,2027-03-22,2026-12-22,barrier_clear,158,BP_20270322_130.00,BinaryPut,130.0,2027-03-22
full,elastic_net,compromise,8,265,-0.3522837051658215,True,5,2027-06-22,2027-03-22,pooled,159,CASH_20270622,Cash,0.0,2027-06-22
full,elastic_net,compromise,8,266,0.08236807921185835,True,5,2027-06-22,2027-03-22,pooled,160,C_20270622_70.00,EuropeanCall,70.0,2027-06-22
full,elastic_net,compromise,8,267,-0.15723048926524716,True,5,2027-06-22,2027-03-22,pooled,161,P_20270622_70.00,EuropeanPut,70.0,2027-06-22
full,elastic_net,compromise,8,268,0.0,False,5,2027-06-22,2027-03-22,pooled,162,BC_20270622_70.00,BinaryCall,70.0,2027-06-22
full,elastic_net,compromise,8,269,-0.0,False,5,2027-06-22,2027-03-22,pooled,163,BP_20270622_70.00,BinaryPut,70.0,2027-06-22
full,elastic_net,compromise,8,270,0.25989798443740053,True,5,2027-06-22,2027-03-22,pooled,164,C_20270622_75.00,EuropeanCall,75.0,2027-06-22
full,elastic_net,compromise,8,271,-0.0,False,5,2027-06-22,2027-03-22,pooled,165,P_20270622_75.00,EuropeanPut,75.0,2027-06-22
full,elastic_net,compromise,8,272,0.6496456065457872,True,5,2027-06-22,2027-03-22,pooled,166,BC_20270622_75.00,BinaryCall,75.0,2027-06-22
full,elastic_net,compromise,8,273,-0.0,False,5,2027-06-22,2027-03-22,pooled,167,BP_20270622_75.00,BinaryPut,75.0,2027-06-22
full,elastic_net,compromise,8,274,0.0,False,5,2027-06-22,2027-03-22,pooled,168,C_20270622_80.00,EuropeanCall,80.0,2027-06-22
full,elastic_net,compromise,8,275,-0.0,False,5,2027-06-22,2027-03-22,pooled,169,P_20270622_80.00,EuropeanPut,80.0,2027-06-22
full,elastic_net,compromise,8,276,0.0,False,5,2027-06-22,2027-03-22,pooled,170,BC_20270622_80.00,BinaryCall,80.0,2027-06-22
full,elastic_net,compromise,8,277,-0.0,False,5,2027-06-22,2027-03-22,pooled,171,BP_20270622_80.00,BinaryPut,80.0,2027-06-22
full,elastic_net,compromise,8,278,0.0,False,5,2027-06-22,2027-03-22,pooled,172,C_20270622_85.00,EuropeanCall,85.0,2027-06-22
full,elastic_net,compromise,8,279,-0.0,False,5,2027-06-22,2027-03-22,pooled,173,P_20270622_85.00,EuropeanPut,85.0,2027-06-22
full,elastic_net,compromise,8,280,0.0,False,5,2027-06-22,2027-03-22,pooled,174,BC_20270622_85.00,BinaryCall,85.0,2027-06-22
full,elastic_net,compromise,8,281,-0.0,False,5,2027-06-22,2027-03-22,pooled,175,BP_20270622_85.00,BinaryPut,85.0,2027-06-22
full,elastic_net,compromise,8,282,0.0,False,5,2027-06-22,2027-03-22,pooled,176,C_20270622_90.00,EuropeanCall,90.0,2027-06-22
full,elastic_net,compromise,8,283,-0.0,False,5,2027-06-22,2027-03-22,pooled,177,P_20270622_90.00,EuropeanPut,90.0,2027-06-22
full,elastic_net,compromise,8,284,0.0,False,5,2027-06-22,2027-03-22,pooled,178,BC_20270622_90.00,BinaryCall,90.0,2027-06-22
full,elastic_net,compromise,8,285,-0.0,False,5,2027-06-22,2027-03-22,pooled,179,BP_20270622_90.00,BinaryPut,90.0,2027-06-22
full,elastic_net,compromise,8,286,0.0,False,5,2027-06-22,2027-03-22,pooled,180,C_20270622_95.00,EuropeanCall,95.0,2027-06-22
full,elastic_net,compromise,8,287,-0.0,False,5,2027-06-22,2027-03-22,pooled,181,P_20270622_95.00,EuropeanPut,95.0,2027-06-22
full,elastic_net,compromise,8,288,0.0,False,5,2027-06-22,2027-03-22,pooled,182,BC_20270622_95.00,BinaryCall,95.0,2027-06-22
full,elastic_net,compromise,8,289,-0.0,False,5,2027-06-22,2027-03-22,pooled,183,BP_20270622_95.00,BinaryPut,95.0,2027-06-22
full,elastic_net,compromise,8,290,0.0,False,5,2027-06-22,2027-03-22,pooled,184,C_20270622_100.00,EuropeanCall,100.0,2027-06-22
full,elastic_net,compromise,8,291,-0.0,False,5,2027-06-22,2027-03-22,pooled,185,P_20270622_100.00,EuropeanPut,100.0,2027-06-22
full,elastic_net,compromise,8,292,0.0,False,5,2027-06-22,2027-03-22,pooled,186,BC_20270622_100.00,BinaryCall,100.0,2027-06-22
full,elastic_net,compromise,8,293,-0.0,False,5,2027-06-22,2027-03-22,pooled,187,BP_20270622_100.00,BinaryPut,100.0,2027-06-22
full,elastic_net,compromise,8,294,0.0,False,5,2027-06-22,2027-03-22,pooled,188,C_20270622_105.00,EuropeanCall,105.0,2027-06-22
full,elastic_net,compromise,8,295,-0.0,False,5,2027-06-22,2027-03-22,pooled,189,P_20270622_105.00,EuropeanPut,105.0,2027-06-22
full,elastic_net,compromise,8,296,0.0,False,5,2027-06-22,2027-03-22,pooled,190,BC_20270622_105.00,BinaryCall,105.0,2027-06-22
full,elastic_net,compromise,8,297,-0.0,False,5,2027-06-22,2027-03-22,pooled,191,BP_20270622_105.00,BinaryPut,105.0,2027-06-22
full,elastic_net,compromise,8,298,0.0,False,5,2027-06-22,2027-03-22,pooled,192,C_20270622_110.00,EuropeanCall,110.0,2027-06-22
full,elastic_net,compromise,8,299,-0.0,False,5,2027-06-22,2027-03-22,pooled,193,P_20270622_110.00,EuropeanPut,110.0,2027-06-22
full,elastic_net,compromise,8,300,0.0,False,5,2027-06-22,2027-03-22,pooled,194,BC_20270622_110.00,BinaryCall,110.0,2027-06-22
full,elastic_net,compromise,8,301,-0.0,False,5,2027-06-22,2027-03-22,pooled,195,BP_20270622_110.00,BinaryPut,110.0,2027-06-22
full,elastic_net,compromise,8,302,0.0,False,5,2027-06-22,2027-03-22,pooled,196,C_20270622_115.00,EuropeanCall,115.0,2027-06-22
full,elastic_net,compromise,8,303,-0.0,False,5,2027-06-22,2027-03-22,pooled,197,P_20270622_115.00,EuropeanPut,115.0,2027-06-22
full,elastic_net,compromise,8,304,0.0,False,5,2027-06-22,2027-03-22,pooled,198,BC_20270622_115.00,BinaryCall,115.0,2027-06-22
full,elastic_net,compromise,8,305,-0.0,False,5,2027-06-22,2027-03-22,pooled,199,BP_20270622_115.00,BinaryPut,115.0,2027-06-22
full,elastic_net,compromise,8,306,0.0,False,5,2027-06-22,2027-03-22,pooled,200,C_20270622_120.00,EuropeanCall,120.0,2027-06-22
full,elastic_net,compromise,8,307,-0.0,False,5,2027-06-22,2027-03-22,pooled,201,P_20270622_120.00,EuropeanPut,120.0,2027-06-22
full,elastic_net,compromise,8,308,0.0,False,5,2027-06-22,2027-03-22,pooled,202,BC_20270622_120.00,BinaryCall,120.0,2027-06-22
full,elastic_net,compromise,8,309,-0.0,False,5,2027-06-22,2027-03-22,pooled,203,BP_20270622_120.00,BinaryPut,120.0,2027-06-22
full,elastic_net,compromise,8,310,0.0,False,5,2027-06-22,2027-03-22,pooled,204,C_20270622_125.00,EuropeanCall,125.0,2027-06-22
full,elastic_net,compromise,8,311,-0.0,False,5,2027-06-22,2027-03-22,pooled,205,P_20270622_125.00,EuropeanPut,125.0,2027-06-22
full,elastic_net,compromise,8,312,0.0,False,5,2027-06-22,2027-03-22,pooled,206,BC_20270622_125.00,BinaryCall,125.0,2027-06-22
full,elastic_net,compromise,8,313,-0.0,False,5,2027-06-22,2027-03-22,pooled,207,BP_20270622_125.00,BinaryPut,125.0,2027-06-22
full,elastic_net,compromise,8,314,0.0,False,5,2027-06-22,2027-03-22,pooled,208,C_20270622_130.00,EuropeanCall,130.0,2027-06-22
full,elastic_net,compromise,8,315,-0.0,False,5,2027-06-22,2027-03-22,pooled,209,P_20270622_130.00,EuropeanPut,130.0,2027-06-22
full,elastic_net,compromise,8,316,0.0,False,5,2027-06-22,2027-03-22,pooled,210,BC_20270622_130.00,BinaryCall,130.0,2027-06-22
full,elastic_net,compromise,8,317,-0.0,False,5,2027-06-22,2027-03-22,pooled,211,BP_20270622_130.00,BinaryPut,130.0,2027-06-22
full,elastic_net,compromise,8,318,0.00338965515805194,True,6,2027-06-22,2027-03-22,barrier_clear,159,CASH_20270622,Cash,0.0,2027-06-22
full,elastic_net,compromise,8,319,0.0,False,6,2027-06-22,2027-03-22,barrier_clear,160,C_20270622_70.00,EuropeanCall,70.0,2027-06-22
full,elastic_net,compromise,8,320,-0.0,False,6,2027-06-22,2027-03-22,barrier_clear,161,P_20270622_70.00,EuropeanPut,70.0,2027-06-22
full,elastic_net,compromise,8,321,0.0,False,6,2027-06-22,2027-03-22,barrier_clear,162,BC_20270622_70.00,BinaryCall,70.0,2027-06-22
full,elastic_net,compromise,8,322,-2.9348634938368012,True,6,2027-06-22,2027-03-22,barrier_clear,163,BP_20270622_70.00,BinaryPut,70.0,2027-06-22
full,elastic_net,compromise,8,323,0.0,False,6,2027-06-22,2027-03-22,barrier_clear,164,C_20270622_75.00,EuropeanCall,75.0,2027-06-22
full,elastic_net,compromise,8,324,-1.7135251954129038,True,6,2027-06-22,2027-03-22,barrier_clear,165,P_20270622_75.00,EuropeanPut,75.0,2027-06-22
full,elastic_net,compromise,8,325,0.0,False,6,2027-06-22,2027-03-22,barrier_clear,166,BC_20270622_75.00,BinaryCall,75.0,2027-06-22
full,elastic_net,compromise,8,326,-5.005971924192352,True,6,2027-06-22,2027-03-22,barrier_clear,167,BP_20270622_75.00,BinaryPut,75.0,2027-06-22
full,elastic_net,compromise,8,327,0.0,False,6,2027-06-22,2027-03-22,barrier_clear,168,C_20270622_80.00,EuropeanCall,80.0,2027-06-22
full,elastic_net,compromise,8,328,-0.5578508810396454,True,6,2027-06-22,2027-03-22,barrier_clear,169,P_20270622_80.00,EuropeanPut,80.0,2027-06-22
full,elastic_net,compromise,8,329,0.0,False,6,2027-06-22,2027-03-22,barrier_clear,170,BC_20270622_80.00,BinaryCall,80.0,2027-06-22
full,elastic_net,compromise,8,330,-0.545256443934511,True,6,2027-06-22,2027-03-22,barrier_clear,171,BP_20270622_80.00,BinaryPut,80.0,2027-06-22
full,elastic_net,compromise,8,331,0.0,False,6,2027-06-22,2027-03-22,barrier_clear,172,C_20270622_85.00,EuropeanCall,85.0,2027-06-22
full,elastic_net,compromise,8,332,-0.14099344457445168,True,6,2027-06-22,2027-03-22,barrier_clear,173,P_20270622_85.00,EuropeanPut,85.0,2027-06-22
full,elastic_net,compromise,8,333,0.0,False,6,2027-06-22,2027-03-22,barrier_clear,174,BC_20270622_85.00,BinaryCall,85.0,2027-06-22
full,elastic_net,compromise,8,334,-0.0,False,6,2027-06-22,2027-03-22,barrier_clear,175,BP_20270622_85.00,BinaryPut,85.0,2027-06-22
full,elastic_net,compromise,8,335,0.0,False,6,2027-06-22,2027-03-22,barrier_clear,176,C_20270622_90.00,EuropeanCall,90.0,2027-06-22
full,elastic_net,compromise,8,336,-0.01840032770563592,True,6,2027-06-22,2027-03-22,barrier_clear,177,P_20270622_90.00,EuropeanPut,90.0,2027-06-22
full,elastic_net,compromise,8,337,0.0,False,6,2027-06-22,2027-03-22,barrier_clear,178,BC_20270622_90.00,BinaryCall,90.0,2027-06-22
full,elastic_net,compromise,8,338,-0.0,False,6,2027-06-22,2027-03-22,barrier_clear,179,BP_20270622_90.00,BinaryPut,90.0,2027-06-22
full,elastic_net,compromise,8,339,0.0,False,6,2027-06-22,2027-03-22,barrier_clear,180,C_20270622_95.00,EuropeanCall,95.0,2027-06-22
full,elastic_net,compromise,8,340,-0.0,False,6,2027-06-22,2027-03-22,barrier_clear,181,P_20270622_95.00,EuropeanPut,95.0,2027-06-22
full,elastic_net,compromise,8,341,0.0,False,6,2027-06-22,2027-03-22,barrier_clear,182,BC_20270622_95.00,BinaryCall,95.0,2027-06-22
full,elastic_net,compromise,8,342,-0.0,False,6,2027-06-22,2027-03-22,barrier_clear,183,BP_20270622_95.00,BinaryPut,95.0,2027-06-22
full,elastic_net,compromise,8,343,0.0,False,6,2027-06-22,2027-03-22,barrier_clear,184,C_20270622_100.00,EuropeanCall,100.0,2027-06-22
full,elastic_net,compromise,8,344,-0.0,False,6,2027-06-22,2027-03-22,barrier_clear,185,P_20270622_100.00,EuropeanPut,100.0,2027-06-22
full,elastic_net,compromise,8,345,0.0,False,6,2027-06-22,2027-03-22,barrier_clear,186,BC_20270622_100.00,BinaryCall,100.0,2027-06-22
full,elastic_net,compromise,8,346,-0.0,False,6,2027-06-22,2027-03-22,barrier_clear,187,BP_20270622_100.00,BinaryPut,100.0,2027-06-22
full,elastic_net,compromise,8,347,0.0,False,6,2027-06-22,2027-03-22,barrier_clear,188,C_20270622_105.00,EuropeanCall,105.0,2027-06-22
full,elastic_net,compromise,8,348,-0.0,False,6,2027-06-22,2027-03-22,barrier_clear,189,P_20270622_105.00,EuropeanPut,105.0,2027-06-22
full,elastic_net,compromise,8,349,0.0,False,6,2027-06-22,2027-03-22,barrier_clear,190,BC_20270622_105.00,BinaryCall,105.0,2027-06-22
full,elastic_net,compromise,8,350,-0.0,False,6,2027-06-22,2027-03-22,barrier_clear,191,BP_20270622_105.00,BinaryPut,105.0,2027-06-22
full,elastic_net,compromise,8,351,0.0,False,6,2027-06-22,2027-03-22,barrier_clear,192,C_20270622_110.00,EuropeanCall,110.0,2027-06-22
full,elastic_net,compromise,8,352,-0.0,False,6,2027-06-22,2027-03-22,barrier_clear,193,P_20270622_110.00,EuropeanPut,110.0,2027-06-22
full,elastic_net,compromise,8,353,0.0,False,6,2027-06-22,2027-03-22,barrier_clear,194,BC_20270622_110.00,BinaryCall,110.0,2027-06-22
full,elastic_net,compromise,8,354,-0.0,False,6,2027-06-22,2027-03-22,barrier_clear,195,BP_20270622_110.00,BinaryPut,110.0,2027-06-22
full,elastic_net,compromise,8,355,0.0,False,6,2027-06-22,2027-03-22,barrier_clear,196,C_20270622_115.00,EuropeanCall,115.0,2027-06-22
full,elastic_net,compromise,8,356,-0.0,False,6,2027-06-22,2027-03-22,barrier_clear,197,P_20270622_115.00,EuropeanPut,115.0,2027-06-22
full,elastic_net,compromise,8,357,0.0,False,6,2027-06-22,2027-03-22,barrier_clear,198,BC_20270622_115.00,BinaryCall,115.0,2027-06-22
full,elastic_net,compromise,8,358,-0.0,False,6,2027-06-22,2027-03-22,barrier_clear,199,BP_20270622_115.00,BinaryPut,115.0,2027-06-22
full,elastic_net,compromise,8,359,0.0,False,6,2027-06-22,2027-03-22,barrier_clear,200,C_20270622_120.00,EuropeanCall,120.0,2027-06-22
full,elastic_net,compromise,8,360,-0.0,False,6,2027-06-22,2027-03-22,barrier_clear,201,P_20270622_120.00,EuropeanPut,120.0,2027-06-22
full,elastic_net,compromise,8,361,0.0,False,6,2027-06-22,2027-03-22,barrier_clear,202,BC_20270622_120.00,BinaryCall,120.0,2027-06-22
full,elastic_net,compromise,8,362,-0.0,False,6,2027-06-22,2027-03-22,barrier_clear,203,BP_20270622_120.00,BinaryPut,120.0,2027-06-22
full,elastic_net,compromise,8,363,0.0,False,6,2027-06-22,2027-03-22,barrier_clear,204,C_20270622_125.00,EuropeanCall,125.0,2027-06-22
full,elastic_net,compromise,8,364,-0.0,False,6,2027-06-22,2027-03-22,barrier_clear,205,P_20270622_125.00,EuropeanPut,125.0,2027-06-22
full,elastic_net,compromise,8,365,0.0,False,6,2027-06-22,2027-03-22,barrier_clear,206,BC_20270622_125.00,BinaryCall,125.0,2027-06-22
full,elastic_net,compromise,8,366,0.0,False,6,2027-06-22,2027-03-22,barrier_clear,207,BP_20270622_125.00,BinaryPut,125.0,2027-06-22
full,elastic_net,compromise,8,367,0.0,False,6,2027-06-22,2027-03-22,barrier_clear,208,C_20270622_130.00,EuropeanCall,130.0,2027-06-22
full,elastic_net,compromise,8,368,-0.0,False,6,2027-06-22,2027-03-22,barrier_clear,209,P_20270622_130.00,EuropeanPut,130.0,2027-06-22
full,elastic_net,compromise,8,369,0.0,False,6,2027-06-22,2027-03-22,barrier_clear,210,BC_20270622_130.00,BinaryCall,130.0,2027-06-22
full,elastic_net,compromise,8,370,0.0,False,6,2027-06-22,2027-03-22,barrier_clear,211,BP_20270622_130.00,BinaryPut,130.0,2027-06-22
full,elastic_net,parsimony,3,0,1.0200031159911458,True,0,2026-09-22,,initial,0,CASH_20260922,Cash,0.0,2026-09-22
full,elastic_net,parsimony,3,1,-0.0,False,0,2026-09-22,,initial,1,C_20260922_70.00,EuropeanCall,70.0,2026-09-22
full,elastic_net,parsimony,3,2,0.0,False,0,2026-09-22,,initial,2,P_20260922_70.00,EuropeanPut,70.0,2026-09-22
full,elastic_net,parsimony,3,3,0.0,False,0,2026-09-22,,initial,3,BC_20260922_70.00,BinaryCall,70.0,2026-09-22
full,elastic_net,parsimony,3,4,0.0,False,0,2026-09-22,,initial,4,BP_20260922_70.00,BinaryPut,70.0,2026-09-22
full,elastic_net,parsimony,3,5,-0.0,False,0,2026-09-22,,initial,5,C_20260922_75.00,EuropeanCall,75.0,2026-09-22
full,elastic_net,parsimony,3,6,0.0,False,0,2026-09-22,,initial,6,P_20260922_75.00,EuropeanPut,75.0,2026-09-22
full,elastic_net,parsimony,3,7,-0.0,False,0,2026-09-22,,initial,7,BC_20260922_75.00,BinaryCall,75.0,2026-09-22
full,elastic_net,parsimony,3,8,0.0,False,0,2026-09-22,,initial,8,BP_20260922_75.00,BinaryPut,75.0,2026-09-22
full,elastic_net,parsimony,3,9,-0.0,False,0,2026-09-22,,initial,9,C_20260922_80.00,EuropeanCall,80.0,2026-09-22
full,elastic_net,parsimony,3,10,0.0,False,0,2026-09-22,,initial,10,P_20260922_80.00,EuropeanPut,80.0,2026-09-22
full,elastic_net,parsimony,3,11,-0.0,False,0,2026-09-22,,initial,11,BC_20260922_80.00,BinaryCall,80.0,2026-09-22
full,elastic_net,parsimony,3,12,0.0,False,0,2026-09-22,,initial,12,BP_20260922_80.00,BinaryPut,80.0,2026-09-22
full,elastic_net,parsimony,3,13,0.0,False,0,2026-09-22,,initial,13,C_20260922_85.00,EuropeanCall,85.0,2026-09-22
full,elastic_net,parsimony,3,14,0.0,False,0,2026-09-22,,initial,14,P_20260922_85.00,EuropeanPut,85.0,2026-09-22
full,elastic_net,parsimony,3,15,-0.0,False,0,2026-09-22,,initial,15,BC_20260922_85.00,BinaryCall,85.0,2026-09-22
full,elastic_net,parsimony,3,16,0.0,False,0,2026-09-22,,initial,16,BP_20260922_85.00,BinaryPut,85.0,2026-09-22
full,elastic_net,parsimony,3,17,0.0,False,0,2026-09-22,,initial,17,C_20260922_90.00,EuropeanCall,90.0,2026-09-22
full,elastic_net,parsimony,3,18,0.0,False,0,2026-09-22,,initial,18,P_20260922_90.00,EuropeanPut,90.0,2026-09-22
full,elastic_net,parsimony,3,19,-0.0,False,0,2026-09-22,,initial,19,BC_20260922_90.00,BinaryCall,90.0,2026-09-22
full,elastic_net,parsimony,3,20,0.0,False,0,2026-09-22,,initial,20,BP_20260922_90.00,BinaryPut,90.0,2026-09-22
full,elastic_net,parsimony,3,21,0.0,False,0,2026-09-22,,initial,21,C_20260922_95.00,EuropeanCall,95.0,2026-09-22
full,elastic_net,parsimony,3,22,0.0,False,0,2026-09-22,,initial,22,P_20260922_95.00,EuropeanPut,95.0,2026-09-22
full,elastic_net,parsimony,3,23,-0.0,False,0,2026-09-22,,initial,23,BC_20260922_95.00,BinaryCall,95.0,2026-09-22
full,elastic_net,parsimony,3,24,0.0,False,0,2026-09-22,,initial,24,BP_20260922_95.00,BinaryPut,95.0,2026-09-22
full,elastic_net,parsimony,3,25,-0.0,False,0,2026-09-22,,initial,25,C_20260922_100.00,EuropeanCall,100.0,2026-09-22
full,elastic_net,parsimony,3,26,0.0,False,0,2026-09-22,,initial,26,P_20260922_100.00,EuropeanPut,100.0,2026-09-22
full,elastic_net,parsimony,3,27,-0.0,False,0,2026-09-22,,initial,27,BC_20260922_100.00,BinaryCall,100.0,2026-09-22
full,elastic_net,parsimony,3,28,0.0,False,0,2026-09-22,,initial,28,BP_20260922_100.00,BinaryPut,100.0,2026-09-22
full,elastic_net,parsimony,3,29,-0.0,False,0,2026-09-22,,initial,29,C_20260922_105.00,EuropeanCall,105.0,2026-09-22
full,elastic_net,parsimony,3,30,0.0,False,0,2026-09-22,,initial,30,P_20260922_105.00,EuropeanPut,105.0,2026-09-22
full,elastic_net,parsimony,3,31,-0.0,False,0,2026-09-22,,initial,31,BC_20260922_105.00,BinaryCall,105.0,2026-09-22
full,elastic_net,parsimony,3,32,0.0,False,0,2026-09-22,,initial,32,BP_20260922_105.00,BinaryPut,105.0,2026-09-22
full,elastic_net,parsimony,3,33,-0.0,False,0,2026-09-22,,initial,33,C_20260922_110.00,EuropeanCall,110.0,2026-09-22
full,elastic_net,parsimony,3,34,0.0,False,0,2026-09-22,,initial,34,P_20260922_110.00,EuropeanPut,110.0,2026-09-22
full,elastic_net,parsimony,3,35,-0.0,False,0,2026-09-22,,initial,35,BC_20260922_110.00,BinaryCall,110.0,2026-09-22
full,elastic_net,parsimony,3,36,0.0,False,0,2026-09-22,,initial,36,BP_20260922_110.00,BinaryPut,110.0,2026-09-22
full,elastic_net,parsimony,3,37,-0.0,False,0,2026-09-22,,initial,37,C_20260922_115.00,EuropeanCall,115.0,2026-09-22
full,elastic_net,parsimony,3,38,0.0,False,0,2026-09-22,,initial,38,P_20260922_115.00,EuropeanPut,115.0,2026-09-22
full,elastic_net,parsimony,3,39,-0.0,False,0,2026-09-22,,initial,39,BC_20260922_115.00,BinaryCall,115.0,2026-09-22
full,elastic_net,parsimony,3,40,0.0,False,0,2026-09-22,,initial,40,BP_20260922_115.00,BinaryPut,115.0,2026-09-22
full,elastic_net,parsimony,3,41,-0.0,False,0,2026-09-22,,initial,41,C_20260922_120.00,EuropeanCall,120.0,2026-09-22
full,elastic_net,parsimony,3,42,0.0,False,0,2026-09-22,,initial,42,P_20260922_120.00,EuropeanPut,120.0,2026-09-22
full,elastic_net,parsimony,3,43,-0.0,False,0,2026-09-22,,initial,43,BC_20260922_120.00,BinaryCall,120.0,2026-09-22
full,elastic_net,parsimony,3,44,0.0,False,0,2026-09-22,,initial,44,BP_20260922_120.00,BinaryPut,120.0,2026-09-22
full,elastic_net,parsimony,3,45,-0.0,False,0,2026-09-22,,initial,45,C_20260922_125.00,EuropeanCall,125.0,2026-09-22
full,elastic_net,parsimony,3,46,0.0,False,0,2026-09-22,,initial,46,P_20260922_125.00,EuropeanPut,125.0,2026-09-22
full,elastic_net,parsimony,3,47,-0.0,False,0,2026-09-22,,initial,47,BC_20260922_125.00,BinaryCall,125.0,2026-09-22
full,elastic_net,parsimony,3,48,0.0,False,0,2026-09-22,,initial,48,BP_20260922_125.00,BinaryPut,125.0,2026-09-22
full,elastic_net,parsimony,3,49,0.0,False,0,2026-09-22,,initial,49,C_20260922_130.00,EuropeanCall,130.0,2026-09-22
full,elastic_net,parsimony,3,50,0.0,False,0,2026-09-22,,initial,50,P_20260922_130.00,EuropeanPut,130.0,2026-09-22
full,elastic_net,parsimony,3,51,0.0,False,0,2026-09-22,,initial,51,BC_20260922_130.00,BinaryCall,130.0,2026-09-22
full,elastic_net,parsimony,3,52,0.0,False,0,2026-09-22,,initial,52,BP_20260922_130.00,BinaryPut,130.0,2026-09-22
full,elastic_net,parsimony,3,53,-1.9984014443252818e-14,False,1,2026-12-22,2026-09-22,pooled,53,CASH_20261222,Cash,0.0,2026-12-22
full,elastic_net,parsimony,3,54,0.0,False,1,2026-12-22,2026-09-22,pooled,54,C_20261222_70.00,EuropeanCall,70.0,2026-12-22
full,elastic_net,parsimony,3,55,0.0,False,1,2026-12-22,2026-09-22,pooled,55,P_20261222_70.00,EuropeanPut,70.0,2026-12-22
full,elastic_net,parsimony,3,56,0.0,False,1,2026-12-22,2026-09-22,pooled,56,BC_20261222_70.00,BinaryCall,70.0,2026-12-22
full,elastic_net,parsimony,3,57,0.0,False,1,2026-12-22,2026-09-22,pooled,57,BP_20261222_70.00,BinaryPut,70.0,2026-12-22
full,elastic_net,parsimony,3,58,0.0,False,1,2026-12-22,2026-09-22,pooled,58,C_20261222_75.00,EuropeanCall,75.0,2026-12-22
full,elastic_net,parsimony,3,59,0.0,False,1,2026-12-22,2026-09-22,pooled,59,P_20261222_75.00,EuropeanPut,75.0,2026-12-22
full,elastic_net,parsimony,3,60,0.0,False,1,2026-12-22,2026-09-22,pooled,60,BC_20261222_75.00,BinaryCall,75.0,2026-12-22
full,elastic_net,parsimony,3,61,0.0,False,1,2026-12-22,2026-09-22,pooled,61,BP_20261222_75.00,BinaryPut,75.0,2026-12-22
full,elastic_net,parsimony,3,62,0.0,False,1,2026-12-22,2026-09-22,pooled,62,C_20261222_80.00,EuropeanCall,80.0,2026-12-22
full,elastic_net,parsimony,3,63,0.0,False,1,2026-12-22,2026-09-22,pooled,63,P_20261222_80.00,EuropeanPut,80.0,2026-12-22
full,elastic_net,parsimony,3,64,0.0,False,1,2026-12-22,2026-09-22,pooled,64,BC_20261222_80.00,BinaryCall,80.0,2026-12-22
full,elastic_net,parsimony,3,65,0.0,False,1,2026-12-22,2026-09-22,pooled,65,BP_20261222_80.00,BinaryPut,80.0,2026-12-22
full,elastic_net,parsimony,3,66,0.0,False,1,2026-12-22,2026-09-22,pooled,66,C_20261222_85.00,EuropeanCall,85.0,2026-12-22
full,elastic_net,parsimony,3,67,0.0,False,1,2026-12-22,2026-09-22,pooled,67,P_20261222_85.00,EuropeanPut,85.0,2026-12-22
full,elastic_net,parsimony,3,68,0.0,False,1,2026-12-22,2026-09-22,pooled,68,BC_20261222_85.00,BinaryCall,85.0,2026-12-22
full,elastic_net,parsimony,3,69,0.0,False,1,2026-12-22,2026-09-22,pooled,69,BP_20261222_85.00,BinaryPut,85.0,2026-12-22
full,elastic_net,parsimony,3,70,0.0,False,1,2026-12-22,2026-09-22,pooled,70,C_20261222_90.00,EuropeanCall,90.0,2026-12-22
full,elastic_net,parsimony,3,71,0.0,False,1,2026-12-22,2026-09-22,pooled,71,P_20261222_90.00,EuropeanPut,90.0,2026-12-22
full,elastic_net,parsimony,3,72,0.0,False,1,2026-12-22,2026-09-22,pooled,72,BC_20261222_90.00,BinaryCall,90.0,2026-12-22
full,elastic_net,parsimony,3,73,0.0,False,1,2026-12-22,2026-09-22,pooled,73,BP_20261222_90.00,BinaryPut,90.0,2026-12-22
full,elastic_net,parsimony,3,74,0.0,False,1,2026-12-22,2026-09-22,pooled,74,C_20261222_95.00,EuropeanCall,95.0,2026-12-22
full,elastic_net,parsimony,3,75,0.0,False,1,2026-12-22,2026-09-22,pooled,75,P_20261222_95.00,EuropeanPut,95.0,2026-12-22
full,elastic_net,parsimony,3,76,0.0,False,1,2026-12-22,2026-09-22,pooled,76,BC_20261222_95.00,BinaryCall,95.0,2026-12-22
full,elastic_net,parsimony,3,77,0.0,False,1,2026-12-22,2026-09-22,pooled,77,BP_20261222_95.00,BinaryPut,95.0,2026-12-22
full,elastic_net,parsimony,3,78,0.0,False,1,2026-12-22,2026-09-22,pooled,78,C_20261222_100.00,EuropeanCall,100.0,2026-12-22
full,elastic_net,parsimony,3,79,0.0,False,1,2026-12-22,2026-09-22,pooled,79,P_20261222_100.00,EuropeanPut,100.0,2026-12-22
full,elastic_net,parsimony,3,80,0.0,False,1,2026-12-22,2026-09-22,pooled,80,BC_20261222_100.00,BinaryCall,100.0,2026-12-22
full,elastic_net,parsimony,3,81,0.0,False,1,2026-12-22,2026-09-22,pooled,81,BP_20261222_100.00,BinaryPut,100.0,2026-12-22
full,elastic_net,parsimony,3,82,0.0,False,1,2026-12-22,2026-09-22,pooled,82,C_20261222_105.00,EuropeanCall,105.0,2026-12-22
full,elastic_net,parsimony,3,83,0.0,False,1,2026-12-22,2026-09-22,pooled,83,P_20261222_105.00,EuropeanPut,105.0,2026-12-22
full,elastic_net,parsimony,3,84,0.0,False,1,2026-12-22,2026-09-22,pooled,84,BC_20261222_105.00,BinaryCall,105.0,2026-12-22
full,elastic_net,parsimony,3,85,0.0,False,1,2026-12-22,2026-09-22,pooled,85,BP_20261222_105.00,BinaryPut,105.0,2026-12-22
full,elastic_net,parsimony,3,86,0.0,False,1,2026-12-22,2026-09-22,pooled,86,C_20261222_110.00,EuropeanCall,110.0,2026-12-22
full,elastic_net,parsimony,3,87,0.0,False,1,2026-12-22,2026-09-22,pooled,87,P_20261222_110.00,EuropeanPut,110.0,2026-12-22
full,elastic_net,parsimony,3,88,0.0,False,1,2026-12-22,2026-09-22,pooled,88,BC_20261222_110.00,BinaryCall,110.0,2026-12-22
full,elastic_net,parsimony,3,89,0.0,False,1,2026-12-22,2026-09-22,pooled,89,BP_20261222_110.00,BinaryPut,110.0,2026-12-22
full,elastic_net,parsimony,3,90,0.0,False,1,2026-12-22,2026-09-22,pooled,90,C_20261222_115.00,EuropeanCall,115.0,2026-12-22
full,elastic_net,parsimony,3,91,0.0,False,1,2026-12-22,2026-09-22,pooled,91,P_20261222_115.00,EuropeanPut,115.0,2026-12-22
full,elastic_net,parsimony,3,92,0.0,False,1,2026-12-22,2026-09-22,pooled,92,BC_20261222_115.00,BinaryCall,115.0,2026-12-22
full,elastic_net,parsimony,3,93,0.0,False,1,2026-12-22,2026-09-22,pooled,93,BP_20261222_115.00,BinaryPut,115.0,2026-12-22
full,elastic_net,parsimony,3,94,0.0,False,1,2026-12-22,2026-09-22,pooled,94,C_20261222_120.00,EuropeanCall,120.0,2026-12-22
full,elastic_net,parsimony,3,95,0.0,False,1,2026-12-22,2026-09-22,pooled,95,P_20261222_120.00,EuropeanPut,120.0,2026-12-22
full,elastic_net,parsimony,3,96,0.0,False,1,2026-12-22,2026-09-22,pooled,96,BC_20261222_120.00,BinaryCall,120.0,2026-12-22
full,elastic_net,parsimony,3,97,0.0,False,1,2026-12-22,2026-09-22,pooled,97,BP_20261222_120.00,BinaryPut,120.0,2026-12-22
full,elastic_net,parsimony,3,98,0.0,False,1,2026-12-22,2026-09-22,pooled,98,C_20261222_125.00,EuropeanCall,125.0,2026-12-22
full,elastic_net,parsimony,3,99,0.0,False,1,2026-12-22,2026-09-22,pooled,99,P_20261222_125.00,EuropeanPut,125.0,2026-12-22
full,elastic_net,parsimony,3,100,0.0,False,1,2026-12-22,2026-09-22,pooled,100,BC_20261222_125.00,BinaryCall,125.0,2026-12-22
full,elastic_net,parsimony,3,101,0.0,False,1,2026-12-22,2026-09-22,pooled,101,BP_20261222_125.00,BinaryPut,125.0,2026-12-22
full,elastic_net,parsimony,3,102,0.0,False,1,2026-12-22,2026-09-22,pooled,102,C_20261222_130.00,EuropeanCall,130.0,2026-12-22
full,elastic_net,parsimony,3,103,0.0,False,1,2026-12-22,2026-09-22,pooled,103,P_20261222_130.00,EuropeanPut,130.0,2026-12-22
full,elastic_net,parsimony,3,104,0.0,False,1,2026-12-22,2026-09-22,pooled,104,BC_20261222_130.00,BinaryCall,130.0,2026-12-22
full,elastic_net,parsimony,3,105,0.0,False,1,2026-12-22,2026-09-22,pooled,105,BP_20261222_130.00,BinaryPut,130.0,2026-12-22
full,elastic_net,parsimony,3,106,0.01245913040525742,True,2,2026-12-22,2026-09-22,barrier_clear,53,CASH_20261222,Cash,0.0,2026-12-22
full,elastic_net,parsimony,3,107,0.0,False,2,2026-12-22,2026-09-22,barrier_clear,54,C_20261222_70.00,EuropeanCall,70.0,2026-12-22
full,elastic_net,parsimony,3,108,0.0,False,2,2026-12-22,2026-09-22,barrier_clear,55,P_20261222_70.00,EuropeanPut,70.0,2026-12-22
full,elastic_net,parsimony,3,109,-0.0,False,2,2026-12-22,2026-09-22,barrier_clear,56,BC_20261222_70.00,BinaryCall,70.0,2026-12-22
full,elastic_net,parsimony,3,110,0.0,False,2,2026-12-22,2026-09-22,barrier_clear,57,BP_20261222_70.00,BinaryPut,70.0,2026-12-22
full,elastic_net,parsimony,3,111,0.0,False,2,2026-12-22,2026-09-22,barrier_clear,58,C_20261222_75.00,EuropeanCall,75.0,2026-12-22
full,elastic_net,parsimony,3,112,0.0,False,2,2026-12-22,2026-09-22,barrier_clear,59,P_20261222_75.00,EuropeanPut,75.0,2026-12-22
full,elastic_net,parsimony,3,113,0.0,False,2,2026-12-22,2026-09-22,barrier_clear,60,BC_20261222_75.00,BinaryCall,75.0,2026-12-22
full,elastic_net,parsimony,3,114,-0.0,False,2,2026-12-22,2026-09-22,barrier_clear,61,BP_20261222_75.00,BinaryPut,75.0,2026-12-22
full,elastic_net,parsimony,3,115,0.0,False,2,2026-12-22,2026-09-22,barrier_clear,62,C_20261222_80.00,EuropeanCall,80.0,2026-12-22
full,elastic_net,parsimony,3,116,0.0,False,2,2026-12-22,2026-09-22,barrier_clear,63,P_20261222_80.00,EuropeanPut,80.0,2026-12-22
full,elastic_net,parsimony,3,117,0.0,False,2,2026-12-22,2026-09-22,barrier_clear,64,BC_20261222_80.00,BinaryCall,80.0,2026-12-22
full,elastic_net,parsimony,3,118,-0.0,False,2,2026-12-22,2026-09-22,barrier_clear,65,BP_20261222_80.00,BinaryPut,80.0,2026-12-22
full,elastic_net,parsimony,3,119,0.0,False,2,2026-12-22,2026-09-22,barrier_clear,66,C_20261222_85.00,EuropeanCall,85.0,2026-12-22
full,elastic_net,parsimony,3,120,-0.0,False,2,2026-12-22,2026-09-22,barrier_clear,67,P_20261222_85.00,EuropeanPut,85.0,2026-12-22
full,elastic_net,parsimony,3,121,0.0,False,2,2026-12-22,2026-09-22,barrier_clear,68,BC_20261222_85.00,BinaryCall,85.0,2026-12-22
full,elastic_net,parsimony,3,122,-0.0,False,2,2026-12-22,2026-09-22,barrier_clear,69,BP_20261222_85.00,BinaryPut,85.0,2026-12-22
full,elastic_net,parsimony,3,123,0.0,False,2,2026-12-22,2026-09-22,barrier_clear,70,C_20261222_90.00,EuropeanCall,90.0,2026-12-22
full,elastic_net,parsimony,3,124,-0.0,False,2,2026-12-22,2026-09-22,barrier_clear,71,P_20261222_90.00,EuropeanPut,90.0,2026-12-22
full,elastic_net,parsimony,3,125,0.0,False,2,2026-12-22,2026-09-22,barrier_clear,72,BC_20261222_90.00,BinaryCall,90.0,2026-12-22
full,elastic_net,parsimony,3,126,-0.0,False,2,2026-12-22,2026-09-22,barrier_clear,73,BP_20261222_90.00,BinaryPut,90.0,2026-12-22
full,elastic_net,parsimony,3,127,-0.0,False,2,2026-12-22,2026-09-22,barrier_clear,74,C_20261222_95.00,EuropeanCall,95.0,2026-12-22
full,elastic_net,parsimony,3,128,-0.0,False,2,2026-12-22,2026-09-22,barrier_clear,75,P_20261222_95.00,EuropeanPut,95.0,2026-12-22
full,elastic_net,parsimony,3,129,-0.0,False,2,2026-12-22,2026-09-22,barrier_clear,76,BC_20261222_95.00,BinaryCall,95.0,2026-12-22
full,elastic_net,parsimony,3,130,0.0,False,2,2026-12-22,2026-09-22,barrier_clear,77,BP_20261222_95.00,BinaryPut,95.0,2026-12-22
full,elastic_net,parsimony,3,131,0.0,False,2,2026-12-22,2026-09-22,barrier_clear,78,C_20261222_100.00,EuropeanCall,100.0,2026-12-22
full,elastic_net,parsimony,3,132,-0.0,False,2,2026-12-22,2026-09-22,barrier_clear,79,P_20261222_100.00,EuropeanPut,100.0,2026-12-22
full,elastic_net,parsimony,3,133,0.0,False,2,2026-12-22,2026-09-22,barrier_clear,80,BC_20261222_100.00,BinaryCall,100.0,2026-12-22
full,elastic_net,parsimony,3,134,-0.0,False,2,2026-12-22,2026-09-22,barrier_clear,81,BP_20261222_100.00,BinaryPut,100.0,2026-12-22
full,elastic_net,parsimony,3,135,0.0,False,2,2026-12-22,2026-09-22,barrier_clear,82,C_20261222_105.00,EuropeanCall,105.0,2026-12-22
full,elastic_net,parsimony,3,136,-0.0,False,2,2026-12-22,2026-09-22,barrier_clear,83,P_20261222_105.00,EuropeanPut,105.0,2026-12-22
full,elastic_net,parsimony,3,137,0.0,False,2,2026-12-22,2026-09-22,barrier_clear,84,BC_20261222_105.00,BinaryCall,105.0,2026-12-22
full,elastic_net,parsimony,3,138,-0.0,False,2,2026-12-22,2026-09-22,barrier_clear,85,BP_20261222_105.00,BinaryPut,105.0,2026-12-22
full,elastic_net,parsimony,3,139,0.0,False,2,2026-12-22,2026-09-22,barrier_clear,86,C_20261222_110.00,EuropeanCall,110.0,2026-12-22
full,elastic_net,parsimony,3,140,-0.0,False,2,2026-12-22,2026-09-22,barrier_clear,87,P_20261222_110.00,EuropeanPut,110.0,2026-12-22
full,elastic_net,parsimony,3,141,0.0,False,2,2026-12-22,2026-09-22,barrier_clear,88,BC_20261222_110.00,BinaryCall,110.0,2026-12-22
full,elastic_net,parsimony,3,142,0.0,False,2,2026-12-22,2026-09-22,barrier_clear,89,BP_20261222_110.00,BinaryPut,110.0,2026-12-22
full,elastic_net,parsimony,3,143,0.0,False,2,2026-12-22,2026-09-22,barrier_clear,90,C_20261222_115.00,EuropeanCall,115.0,2026-12-22
full,elastic_net,parsimony,3,144,-0.0,False,2,2026-12-22,2026-09-22,barrier_clear,91,P_20261222_115.00,EuropeanPut,115.0,2026-12-22
full,elastic_net,parsimony,3,145,0.0,False,2,2026-12-22,2026-09-22,barrier_clear,92,BC_20261222_115.00,BinaryCall,115.0,2026-12-22
full,elastic_net,parsimony,3,146,0.0,False,2,2026-12-22,2026-09-22,barrier_clear,93,BP_20261222_115.00,BinaryPut,115.0,2026-12-22
full,elastic_net,parsimony,3,147,0.0,False,2,2026-12-22,2026-09-22,barrier_clear,94,C_20261222_120.00,EuropeanCall,120.0,2026-12-22
full,elastic_net,parsimony,3,148,-0.0,False,2,2026-12-22,2026-09-22,barrier_clear,95,P_20261222_120.00,EuropeanPut,120.0,2026-12-22
full,elastic_net,parsimony,3,149,0.0,False,2,2026-12-22,2026-09-22,barrier_clear,96,BC_20261222_120.00,BinaryCall,120.0,2026-12-22
full,elastic_net,parsimony,3,150,0.0,False,2,2026-12-22,2026-09-22,barrier_clear,97,BP_20261222_120.00,BinaryPut,120.0,2026-12-22
full,elastic_net,parsimony,3,151,0.0,False,2,2026-12-22,2026-09-22,barrier_clear,98,C_20261222_125.00,EuropeanCall,125.0,2026-12-22
full,elastic_net,parsimony,3,152,-0.0,False,2,2026-12-22,2026-09-22,barrier_clear,99,P_20261222_125.00,EuropeanPut,125.0,2026-12-22
full,elastic_net,parsimony,3,153,0.0,False,2,2026-12-22,2026-09-22,barrier_clear,100,BC_20261222_125.00,BinaryCall,125.0,2026-12-22
full,elastic_net,parsimony,3,154,0.0,False,2,2026-12-22,2026-09-22,barrier_clear,101,BP_20261222_125.00,BinaryPut,125.0,2026-12-22
full,elastic_net,parsimony,3,155,0.0,False,2,2026-12-22,2026-09-22,barrier_clear,102,C_20261222_130.00,EuropeanCall,130.0,2026-12-22
full,elastic_net,parsimony,3,156,-0.0,False,2,2026-12-22,2026-09-22,barrier_clear,103,P_20261222_130.00,EuropeanPut,130.0,2026-12-22
full,elastic_net,parsimony,3,157,0.0,False,2,2026-12-22,2026-09-22,barrier_clear,104,BC_20261222_130.00,BinaryCall,130.0,2026-12-22
full,elastic_net,parsimony,3,158,0.0,False,2,2026-12-22,2026-09-22,barrier_clear,105,BP_20261222_130.00,BinaryPut,130.0,2026-12-22
full,elastic_net,parsimony,3,159,0.02301333775564642,True,3,2027-03-22,2026-12-22,pooled,106,CASH_20270322,Cash,0.0,2027-03-22
full,elastic_net,parsimony,3,160,0.0,False,3,2027-03-22,2026-12-22,pooled,107,C_20270322_70.00,EuropeanCall,70.0,2027-03-22
full,elastic_net,parsimony,3,161,-0.0,False,3,2027-03-22,2026-12-22,pooled,108,P_20270322_70.00,EuropeanPut,70.0,2027-03-22
full,elastic_net,parsimony,3,162,0.0,False,3,2027-03-22,2026-12-22,pooled,109,BC_20270322_70.00,BinaryCall,70.0,2027-03-22
full,elastic_net,parsimony,3,163,-0.0,False,3,2027-03-22,2026-12-22,pooled,110,BP_20270322_70.00,BinaryPut,70.0,2027-03-22
full,elastic_net,parsimony,3,164,0.0,False,3,2027-03-22,2026-12-22,pooled,111,C_20270322_75.00,EuropeanCall,75.0,2027-03-22
full,elastic_net,parsimony,3,165,-0.0,False,3,2027-03-22,2026-12-22,pooled,112,P_20270322_75.00,EuropeanPut,75.0,2027-03-22
full,elastic_net,parsimony,3,166,0.0,False,3,2027-03-22,2026-12-22,pooled,113,BC_20270322_75.00,BinaryCall,75.0,2027-03-22
full,elastic_net,parsimony,3,167,0.0,False,3,2027-03-22,2026-12-22,pooled,114,BP_20270322_75.00,BinaryPut,75.0,2027-03-22
full,elastic_net,parsimony,3,168,0.0,False,3,2027-03-22,2026-12-22,pooled,115,C_20270322_80.00,EuropeanCall,80.0,2027-03-22
full,elastic_net,parsimony,3,169,-0.0,False,3,2027-03-22,2026-12-22,pooled,116,P_20270322_80.00,EuropeanPut,80.0,2027-03-22
full,elastic_net,parsimony,3,170,0.0,False,3,2027-03-22,2026-12-22,pooled,117,BC_20270322_80.00,BinaryCall,80.0,2027-03-22
full,elastic_net,parsimony,3,171,0.0,False,3,2027-03-22,2026-12-22,pooled,118,BP_20270322_80.00,BinaryPut,80.0,2027-03-22
full,elastic_net,parsimony,3,172,0.0,False,3,2027-03-22,2026-12-22,pooled,119,C_20270322_85.00,EuropeanCall,85.0,2027-03-22
full,elastic_net,parsimony,3,173,-0.0,False,3,2027-03-22,2026-12-22,pooled,120,P_20270322_85.00,EuropeanPut,85.0,2027-03-22
full,elastic_net,parsimony,3,174,0.0,False,3,2027-03-22,2026-12-22,pooled,121,BC_20270322_85.00,BinaryCall,85.0,2027-03-22
full,elastic_net,parsimony,3,175,0.0,False,3,2027-03-22,2026-12-22,pooled,122,BP_20270322_85.00,BinaryPut,85.0,2027-03-22
full,elastic_net,parsimony,3,176,0.0,False,3,2027-03-22,2026-12-22,pooled,123,C_20270322_90.00,EuropeanCall,90.0,2027-03-22
full,elastic_net,parsimony,3,177,-0.0,False,3,2027-03-22,2026-12-22,pooled,124,P_20270322_90.00,EuropeanPut,90.0,2027-03-22
full,elastic_net,parsimony,3,178,0.0,False,3,2027-03-22,2026-12-22,pooled,125,BC_20270322_90.00,BinaryCall,90.0,2027-03-22
full,elastic_net,parsimony,3,179,0.0,False,3,2027-03-22,2026-12-22,pooled,126,BP_20270322_90.00,BinaryPut,90.0,2027-03-22
full,elastic_net,parsimony,3,180,0.0,False,3,2027-03-22,2026-12-22,pooled,127,C_20270322_95.00,EuropeanCall,95.0,2027-03-22
full,elastic_net,parsimony,3,181,-0.0,False,3,2027-03-22,2026-12-22,pooled,128,P_20270322_95.00,EuropeanPut,95.0,2027-03-22
full,elastic_net,parsimony,3,182,0.0,False,3,2027-03-22,2026-12-22,pooled,129,BC_20270322_95.00,BinaryCall,95.0,2027-03-22
full,elastic_net,parsimony,3,183,0.0,False,3,2027-03-22,2026-12-22,pooled,130,BP_20270322_95.00,BinaryPut,95.0,2027-03-22
full,elastic_net,parsimony,3,184,0.0,False,3,2027-03-22,2026-12-22,pooled,131,C_20270322_100.00,EuropeanCall,100.0,2027-03-22
full,elastic_net,parsimony,3,185,-0.0,False,3,2027-03-22,2026-12-22,pooled,132,P_20270322_100.00,EuropeanPut,100.0,2027-03-22
full,elastic_net,parsimony,3,186,0.0,False,3,2027-03-22,2026-12-22,pooled,133,BC_20270322_100.00,BinaryCall,100.0,2027-03-22
full,elastic_net,parsimony,3,187,0.0,False,3,2027-03-22,2026-12-22,pooled,134,BP_20270322_100.00,BinaryPut,100.0,2027-03-22
full,elastic_net,parsimony,3,188,0.0,False,3,2027-03-22,2026-12-22,pooled,135,C_20270322_105.00,EuropeanCall,105.0,2027-03-22
full,elastic_net,parsimony,3,189,-0.0,False,3,2027-03-22,2026-12-22,pooled,136,P_20270322_105.00,EuropeanPut,105.0,2027-03-22
full,elastic_net,parsimony,3,190,0.0,False,3,2027-03-22,2026-12-22,pooled,137,BC_20270322_105.00,BinaryCall,105.0,2027-03-22
full,elastic_net,parsimony,3,191,0.0,False,3,2027-03-22,2026-12-22,pooled,138,BP_20270322_105.00,BinaryPut,105.0,2027-03-22
full,elastic_net,parsimony,3,192,0.0,False,3,2027-03-22,2026-12-22,pooled,139,C_20270322_110.00,EuropeanCall,110.0,2027-03-22
full,elastic_net,parsimony,3,193,-0.0,False,3,2027-03-22,2026-12-22,pooled,140,P_20270322_110.00,EuropeanPut,110.0,2027-03-22
full,elastic_net,parsimony,3,194,0.0,False,3,2027-03-22,2026-12-22,pooled,141,BC_20270322_110.00,BinaryCall,110.0,2027-03-22
full,elastic_net,parsimony,3,195,0.0,False,3,2027-03-22,2026-12-22,pooled,142,BP_20270322_110.00,BinaryPut,110.0,2027-03-22
full,elastic_net,parsimony,3,196,0.0,False,3,2027-03-22,2026-12-22,pooled,143,C_20270322_115.00,EuropeanCall,115.0,2027-03-22
full,elastic_net,parsimony,3,197,-0.0,False,3,2027-03-22,2026-12-22,pooled,144,P_20270322_115.00,EuropeanPut,115.0,2027-03-22
full,elastic_net,parsimony,3,198,0.0,False,3,2027-03-22,2026-12-22,pooled,145,BC_20270322_115.00,BinaryCall,115.0,2027-03-22
full,elastic_net,parsimony,3,199,0.0,False,3,2027-03-22,2026-12-22,pooled,146,BP_20270322_115.00,BinaryPut,115.0,2027-03-22
full,elastic_net,parsimony,3,200,0.0,False,3,2027-03-22,2026-12-22,pooled,147,C_20270322_120.00,EuropeanCall,120.0,2027-03-22
full,elastic_net,parsimony,3,201,-0.0,False,3,2027-03-22,2026-12-22,pooled,148,P_20270322_120.00,EuropeanPut,120.0,2027-03-22
full,elastic_net,parsimony,3,202,0.0,False,3,2027-03-22,2026-12-22,pooled,149,BC_20270322_120.00,BinaryCall,120.0,2027-03-22
full,elastic_net,parsimony,3,203,0.0,False,3,2027-03-22,2026-12-22,pooled,150,BP_20270322_120.00,BinaryPut,120.0,2027-03-22
full,elastic_net,parsimony,3,204,0.0,False,3,2027-03-22,2026-12-22,pooled,151,C_20270322_125.00,EuropeanCall,125.0,2027-03-22
full,elastic_net,parsimony,3,205,-0.0,False,3,2027-03-22,2026-12-22,pooled,152,P_20270322_125.00,EuropeanPut,125.0,2027-03-22
full,elastic_net,parsimony,3,206,0.0,False,3,2027-03-22,2026-12-22,pooled,153,BC_20270322_125.00,BinaryCall,125.0,2027-03-22
full,elastic_net,parsimony,3,207,0.0,False,3,2027-03-22,2026-12-22,pooled,154,BP_20270322_125.00,BinaryPut,125.0,2027-03-22
full,elastic_net,parsimony,3,208,0.0,False,3,2027-03-22,2026-12-22,pooled,155,C_20270322_130.00,EuropeanCall,130.0,2027-03-22
full,elastic_net,parsimony,3,209,-0.0,False,3,2027-03-22,2026-12-22,pooled,156,P_20270322_130.00,EuropeanPut,130.0,2027-03-22
full,elastic_net,parsimony,3,210,0.0,False,3,2027-03-22,2026-12-22,pooled,157,BC_20270322_130.00,BinaryCall,130.0,2027-03-22
full,elastic_net,parsimony,3,211,0.0,False,3,2027-03-22,2026-12-22,pooled,158,BP_20270322_130.00,BinaryPut,130.0,2027-03-22
full,elastic_net,parsimony,3,212,0.012515392618164858,True,4,2027-03-22,2026-12-22,barrier_clear,106,CASH_20270322,Cash,0.0,2027-03-22
full,elastic_net,parsimony,3,213,0.0,False,4,2027-03-22,2026-12-22,barrier_clear,107,C_20270322_70.00,EuropeanCall,70.0,2027-03-22
full,elastic_net,parsimony,3,214,0.0,False,4,2027-03-22,2026-12-22,barrier_clear,108,P_20270322_70.00,EuropeanPut,70.0,2027-03-22
full,elastic_net,parsimony,3,215,-0.0,False,4,2027-03-22,2026-12-22,barrier_clear,109,BC_20270322_70.00,BinaryCall,70.0,2027-03-22
full,elastic_net,parsimony,3,216,0.0,False,4,2027-03-22,2026-12-22,barrier_clear,110,BP_20270322_70.00,BinaryPut,70.0,2027-03-22
full,elastic_net,parsimony,3,217,0.0,False,4,2027-03-22,2026-12-22,barrier_clear,111,C_20270322_75.00,EuropeanCall,75.0,2027-03-22
full,elastic_net,parsimony,3,218,-0.0,False,4,2027-03-22,2026-12-22,barrier_clear,112,P_20270322_75.00,EuropeanPut,75.0,2027-03-22
full,elastic_net,parsimony,3,219,0.0,False,4,2027-03-22,2026-12-22,barrier_clear,113,BC_20270322_75.00,BinaryCall,75.0,2027-03-22
full,elastic_net,parsimony,3,220,-0.0,False,4,2027-03-22,2026-12-22,barrier_clear,114,BP_20270322_75.00,BinaryPut,75.0,2027-03-22
full,elastic_net,parsimony,3,221,0.0,False,4,2027-03-22,2026-12-22,barrier_clear,115,C_20270322_80.00,EuropeanCall,80.0,2027-03-22
full,elastic_net,parsimony,3,222,-0.0,False,4,2027-03-22,2026-12-22,barrier_clear,116,P_20270322_80.00,EuropeanPut,80.0,2027-03-22
full,elastic_net,parsimony,3,223,0.0,False,4,2027-03-22,2026-12-22,barrier_clear,117,BC_20270322_80.00,BinaryCall,80.0,2027-03-22
full,elastic_net,parsimony,3,224,-0.0,False,4,2027-03-22,2026-12-22,barrier_clear,118,BP_20270322_80.00,BinaryPut,80.0,2027-03-22
full,elastic_net,parsimony,3,225,0.0,False,4,2027-03-22,2026-12-22,barrier_clear,119,C_20270322_85.00,EuropeanCall,85.0,2027-03-22
full,elastic_net,parsimony,3,226,-0.0,False,4,2027-03-22,2026-12-22,barrier_clear,120,P_20270322_85.00,EuropeanPut,85.0,2027-03-22
full,elastic_net,parsimony,3,227,0.0,False,4,2027-03-22,2026-12-22,barrier_clear,121,BC_20270322_85.00,BinaryCall,85.0,2027-03-22
full,elastic_net,parsimony,3,228,-0.0,False,4,2027-03-22,2026-12-22,barrier_clear,122,BP_20270322_85.00,BinaryPut,85.0,2027-03-22
full,elastic_net,parsimony,3,229,0.0,False,4,2027-03-22,2026-12-22,barrier_clear,123,C_20270322_90.00,EuropeanCall,90.0,2027-03-22
full,elastic_net,parsimony,3,230,-0.0,False,4,2027-03-22,2026-12-22,barrier_clear,124,P_20270322_90.00,EuropeanPut,90.0,2027-03-22
full,elastic_net,parsimony,3,231,0.0,False,4,2027-03-22,2026-12-22,barrier_clear,125,BC_20270322_90.00,BinaryCall,90.0,2027-03-22
full,elastic_net,parsimony,3,232,-0.0,False,4,2027-03-22,2026-12-22,barrier_clear,126,BP_20270322_90.00,BinaryPut,90.0,2027-03-22
full,elastic_net,parsimony,3,233,0.0,False,4,2027-03-22,2026-12-22,barrier_clear,127,C_20270322_95.00,EuropeanCall,95.0,2027-03-22
full,elastic_net,parsimony,3,234,-0.0,False,4,2027-03-22,2026-12-22,barrier_clear,128,P_20270322_95.00,EuropeanPut,95.0,2027-03-22
full,elastic_net,parsimony,3,235,0.0,False,4,2027-03-22,2026-12-22,barrier_clear,129,BC_20270322_95.00,BinaryCall,95.0,2027-03-22
full,elastic_net,parsimony,3,236,-0.0,False,4,2027-03-22,2026-12-22,barrier_clear,130,BP_20270322_95.00,BinaryPut,95.0,2027-03-22
full,elastic_net,parsimony,3,237,0.0,False,4,2027-03-22,2026-12-22,barrier_clear,131,C_20270322_100.00,EuropeanCall,100.0,2027-03-22
full,elastic_net,parsimony,3,238,-0.0,False,4,2027-03-22,2026-12-22,barrier_clear,132,P_20270322_100.00,EuropeanPut,100.0,2027-03-22
full,elastic_net,parsimony,3,239,0.0,False,4,2027-03-22,2026-12-22,barrier_clear,133,BC_20270322_100.00,BinaryCall,100.0,2027-03-22
full,elastic_net,parsimony,3,240,-0.0,False,4,2027-03-22,2026-12-22,barrier_clear,134,BP_20270322_100.00,BinaryPut,100.0,2027-03-22
full,elastic_net,parsimony,3,241,0.0,False,4,2027-03-22,2026-12-22,barrier_clear,135,C_20270322_105.00,EuropeanCall,105.0,2027-03-22
full,elastic_net,parsimony,3,242,-0.0,False,4,2027-03-22,2026-12-22,barrier_clear,136,P_20270322_105.00,EuropeanPut,105.0,2027-03-22
full,elastic_net,parsimony,3,243,0.0,False,4,2027-03-22,2026-12-22,barrier_clear,137,BC_20270322_105.00,BinaryCall,105.0,2027-03-22
full,elastic_net,parsimony,3,244,-0.0,False,4,2027-03-22,2026-12-22,barrier_clear,138,BP_20270322_105.00,BinaryPut,105.0,2027-03-22
full,elastic_net,parsimony,3,245,0.0,False,4,2027-03-22,2026-12-22,barrier_clear,139,C_20270322_110.00,EuropeanCall,110.0,2027-03-22
full,elastic_net,parsimony,3,246,-0.0,False,4,2027-03-22,2026-12-22,barrier_clear,140,P_20270322_110.00,EuropeanPut,110.0,2027-03-22
full,elastic_net,parsimony,3,247,0.0,False,4,2027-03-22,2026-12-22,barrier_clear,141,BC_20270322_110.00,BinaryCall,110.0,2027-03-22
full,elastic_net,parsimony,3,248,-0.0,False,4,2027-03-22,2026-12-22,barrier_clear,142,BP_20270322_110.00,BinaryPut,110.0,2027-03-22
full,elastic_net,parsimony,3,249,0.0,False,4,2027-03-22,2026-12-22,barrier_clear,143,C_20270322_115.00,EuropeanCall,115.0,2027-03-22
full,elastic_net,parsimony,3,250,-0.0,False,4,2027-03-22,2026-12-22,barrier_clear,144,P_20270322_115.00,EuropeanPut,115.0,2027-03-22
full,elastic_net,parsimony,3,251,0.0,False,4,2027-03-22,2026-12-22,barrier_clear,145,BC_20270322_115.00,BinaryCall,115.0,2027-03-22
full,elastic_net,parsimony,3,252,-0.0,False,4,2027-03-22,2026-12-22,barrier_clear,146,BP_20270322_115.00,BinaryPut,115.0,2027-03-22
full,elastic_net,parsimony,3,253,0.0,False,4,2027-03-22,2026-12-22,barrier_clear,147,C_20270322_120.00,EuropeanCall,120.0,2027-03-22
full,elastic_net,parsimony,3,254,-0.0,False,4,2027-03-22,2026-12-22,barrier_clear,148,P_20270322_120.00,EuropeanPut,120.0,2027-03-22
full,elastic_net,parsimony,3,255,0.0,False,4,2027-03-22,2026-12-22,barrier_clear,149,BC_20270322_120.00,BinaryCall,120.0,2027-03-22
full,elastic_net,parsimony,3,256,-0.0,False,4,2027-03-22,2026-12-22,barrier_clear,150,BP_20270322_120.00,BinaryPut,120.0,2027-03-22
full,elastic_net,parsimony,3,257,0.0,False,4,2027-03-22,2026-12-22,barrier_clear,151,C_20270322_125.00,EuropeanCall,125.0,2027-03-22
full,elastic_net,parsimony,3,258,-0.0,False,4,2027-03-22,2026-12-22,barrier_clear,152,P_20270322_125.00,EuropeanPut,125.0,2027-03-22
full,elastic_net,parsimony,3,259,0.0,False,4,2027-03-22,2026-12-22,barrier_clear,153,BC_20270322_125.00,BinaryCall,125.0,2027-03-22
full,elastic_net,parsimony,3,260,-0.0,False,4,2027-03-22,2026-12-22,barrier_clear,154,BP_20270322_125.00,BinaryPut,125.0,2027-03-22
full,elastic_net,parsimony,3,261,0.0,False,4,2027-03-22,2026-12-22,barrier_clear,155,C_20270322_130.00,EuropeanCall,130.0,2027-03-22
full,elastic_net,parsimony,3,262,-0.0,False,4,2027-03-22,2026-12-22,barrier_clear,156,P_20270322_130.00,EuropeanPut,130.0,2027-03-22
full,elastic_net,parsimony,3,263,0.0,False,4,2027-03-22,2026-12-22,barrier_clear,157,BC_20270322_130.00,BinaryCall,130.0,2027-03-22
full,elastic_net,parsimony,3,264,-0.0,False,4,2027-03-22,2026-12-22,barrier_clear,158,BP_20270322_130.00,BinaryPut,130.0,2027-03-22
full,elastic_net,parsimony,3,265,-0.3799474583336349,True,5,2027-06-22,2027-03-22,pooled,159,CASH_20270622,Cash,0.0,2027-06-22
full,elastic_net,parsimony,3,266,0.0,False,5,2027-06-22,2027-03-22,pooled,160,C_20270622_70.00,EuropeanCall,70.0,2027-06-22
full,elastic_net,parsimony,3,267,-0.0,False,5,2027-06-22,2027-03-22,pooled,161,P_20270622_70.00,EuropeanPut,70.0,2027-06-22
full,elastic_net,parsimony,3,268,0.0,False,5,2027-06-22,2027-03-22,pooled,162,BC_20270622_70.00,BinaryCall,70.0,2027-06-22
full,elastic_net,parsimony,3,269,-0.0,False,5,2027-06-22,2027-03-22,pooled,163,BP_20270622_70.00,BinaryPut,70.0,2027-06-22
full,elastic_net,parsimony,3,270,0.0,False,5,2027-06-22,2027-03-22,pooled,164,C_20270622_75.00,EuropeanCall,75.0,2027-06-22
full,elastic_net,parsimony,3,271,-0.0,False,5,2027-06-22,2027-03-22,pooled,165,P_20270622_75.00,EuropeanPut,75.0,2027-06-22
full,elastic_net,parsimony,3,272,0.0,False,5,2027-06-22,2027-03-22,pooled,166,BC_20270622_75.00,BinaryCall,75.0,2027-06-22
full,elastic_net,parsimony,3,273,-0.0,False,5,2027-06-22,2027-03-22,pooled,167,BP_20270622_75.00,BinaryPut,75.0,2027-06-22
full,elastic_net,parsimony,3,274,0.0,False,5,2027-06-22,2027-03-22,pooled,168,C_20270622_80.00,EuropeanCall,80.0,2027-06-22
full,elastic_net,parsimony,3,275,-0.0,False,5,2027-06-22,2027-03-22,pooled,169,P_20270622_80.00,EuropeanPut,80.0,2027-06-22
full,elastic_net,parsimony,3,276,0.0,False,5,2027-06-22,2027-03-22,pooled,170,BC_20270622_80.00,BinaryCall,80.0,2027-06-22
full,elastic_net,parsimony,3,277,-0.0,False,5,2027-06-22,2027-03-22,pooled,171,BP_20270622_80.00,BinaryPut,80.0,2027-06-22
full,elastic_net,parsimony,3,278,0.0,False,5,2027-06-22,2027-03-22,pooled,172,C_20270622_85.00,EuropeanCall,85.0,2027-06-22
full,elastic_net,parsimony,3,279,-0.0,False,5,2027-06-22,2027-03-22,pooled,173,P_20270622_85.00,EuropeanPut,85.0,2027-06-22
full,elastic_net,parsimony,3,280,0.0,False,5,2027-06-22,2027-03-22,pooled,174,BC_20270622_85.00,BinaryCall,85.0,2027-06-22
full,elastic_net,parsimony,3,281,-0.0,False,5,2027-06-22,2027-03-22,pooled,175,BP_20270622_85.00,BinaryPut,85.0,2027-06-22
full,elastic_net,parsimony,3,282,0.0,False,5,2027-06-22,2027-03-22,pooled,176,C_20270622_90.00,EuropeanCall,90.0,2027-06-22
full,elastic_net,parsimony,3,283,-0.0,False,5,2027-06-22,2027-03-22,pooled,177,P_20270622_90.00,EuropeanPut,90.0,2027-06-22
full,elastic_net,parsimony,3,284,0.0,False,5,2027-06-22,2027-03-22,pooled,178,BC_20270622_90.00,BinaryCall,90.0,2027-06-22
full,elastic_net,parsimony,3,285,-0.0,False,5,2027-06-22,2027-03-22,pooled,179,BP_20270622_90.00,BinaryPut,90.0,2027-06-22
full,elastic_net,parsimony,3,286,0.0,False,5,2027-06-22,2027-03-22,pooled,180,C_20270622_95.00,EuropeanCall,95.0,2027-06-22
full,elastic_net,parsimony,3,287,-0.0,False,5,2027-06-22,2027-03-22,pooled,181,P_20270622_95.00,EuropeanPut,95.0,2027-06-22
full,elastic_net,parsimony,3,288,0.0,False,5,2027-06-22,2027-03-22,pooled,182,BC_20270622_95.00,BinaryCall,95.0,2027-06-22
full,elastic_net,parsimony,3,289,-0.0,False,5,2027-06-22,2027-03-22,pooled,183,BP_20270622_95.00,BinaryPut,95.0,2027-06-22
full,elastic_net,parsimony,3,290,0.0,False,5,2027-06-22,2027-03-22,pooled,184,C_20270622_100.00,EuropeanCall,100.0,2027-06-22
full,elastic_net,parsimony,3,291,-0.0,False,5,2027-06-22,2027-03-22,pooled,185,P_20270622_100.00,EuropeanPut,100.0,2027-06-22
full,elastic_net,parsimony,3,292,0.0,False,5,2027-06-22,2027-03-22,pooled,186,BC_20270622_100.00,BinaryCall,100.0,2027-06-22
full,elastic_net,parsimony,3,293,-0.0,False,5,2027-06-22,2027-03-22,pooled,187,BP_20270622_100.00,BinaryPut,100.0,2027-06-22
full,elastic_net,parsimony,3,294,0.0,False,5,2027-06-22,2027-03-22,pooled,188,C_20270622_105.00,EuropeanCall,105.0,2027-06-22
full,elastic_net,parsimony,3,295,-0.0,False,5,2027-06-22,2027-03-22,pooled,189,P_20270622_105.00,EuropeanPut,105.0,2027-06-22
full,elastic_net,parsimony,3,296,0.0,False,5,2027-06-22,2027-03-22,pooled,190,BC_20270622_105.00,BinaryCall,105.0,2027-06-22
full,elastic_net,parsimony,3,297,-0.0,False,5,2027-06-22,2027-03-22,pooled,191,BP_20270622_105.00,BinaryPut,105.0,2027-06-22
full,elastic_net,parsimony,3,298,0.0,False,5,2027-06-22,2027-03-22,pooled,192,C_20270622_110.00,EuropeanCall,110.0,2027-06-22
full,elastic_net,parsimony,3,299,-0.0,False,5,2027-06-22,2027-03-22,pooled,193,P_20270622_110.00,EuropeanPut,110.0,2027-06-22
full,elastic_net,parsimony,3,300,0.0,False,5,2027-06-22,2027-03-22,pooled,194,BC_20270622_110.00,BinaryCall,110.0,2027-06-22
full,elastic_net,parsimony,3,301,-0.0,False,5,2027-06-22,2027-03-22,pooled,195,BP_20270622_110.00,BinaryPut,110.0,2027-06-22
full,elastic_net,parsimony,3,302,0.0,False,5,2027-06-22,2027-03-22,pooled,196,C_20270622_115.00,EuropeanCall,115.0,2027-06-22
full,elastic_net,parsimony,3,303,-0.0,False,5,2027-06-22,2027-03-22,pooled,197,P_20270622_115.00,EuropeanPut,115.0,2027-06-22
full,elastic_net,parsimony,3,304,0.0,False,5,2027-06-22,2027-03-22,pooled,198,BC_20270622_115.00,BinaryCall,115.0,2027-06-22
full,elastic_net,parsimony,3,305,-0.0,False,5,2027-06-22,2027-03-22,pooled,199,BP_20270622_115.00,BinaryPut,115.0,2027-06-22
full,elastic_net,parsimony,3,306,0.0,False,5,2027-06-22,2027-03-22,pooled,200,C_20270622_120.00,EuropeanCall,120.0,2027-06-22
full,elastic_net,parsimony,3,307,-0.0,False,5,2027-06-22,2027-03-22,pooled,201,P_20270622_120.00,EuropeanPut,120.0,2027-06-22
full,elastic_net,parsimony,3,308,0.0,False,5,2027-06-22,2027-03-22,pooled,202,BC_20270622_120.00,BinaryCall,120.0,2027-06-22
full,elastic_net,parsimony,3,309,-0.0,False,5,2027-06-22,2027-03-22,pooled,203,BP_20270622_120.00,BinaryPut,120.0,2027-06-22
full,elastic_net,parsimony,3,310,0.0,False,5,2027-06-22,2027-03-22,pooled,204,C_20270622_125.00,EuropeanCall,125.0,2027-06-22
full,elastic_net,parsimony,3,311,-0.0,False,5,2027-06-22,2027-03-22,pooled,205,P_20270622_125.00,EuropeanPut,125.0,2027-06-22
full,elastic_net,parsimony,3,312,0.0,False,5,2027-06-22,2027-03-22,pooled,206,BC_20270622_125.00,BinaryCall,125.0,2027-06-22
full,elastic_net,parsimony,3,313,-0.0,False,5,2027-06-22,2027-03-22,pooled,207,BP_20270622_125.00,BinaryPut,125.0,2027-06-22
full,elastic_net,parsimony,3,314,0.0,False,5,2027-06-22,2027-03-22,pooled,208,C_20270622_130.00,EuropeanCall,130.0,2027-06-22
full,elastic_net,parsimony,3,315,-0.0,False,5,2027-06-22,2027-03-22,pooled,209,P_20270622_130.00,EuropeanPut,130.0,2027-06-22
full,elastic_net,parsimony,3,316,0.0,False,5,2027-06-22,2027-03-22,pooled,210,BC_20270622_130.00,BinaryCall,130.0,2027-06-22
full,elastic_net,parsimony,3,317,-0.0,False,5,2027-06-22,2027-03-22,pooled,211,BP_20270622_130.00,BinaryPut,130.0,2027-06-22
full,elastic_net,parsimony,3,318,-0.019105078882952146,True,6,2027-06-22,2027-03-22,barrier_clear,159,CASH_20270622,Cash,0.0,2027-06-22
full,elastic_net,parsimony,3,319,0.0,False,6,2027-06-22,2027-03-22,barrier_clear,160,C_20270622_70.00,EuropeanCall,70.0,2027-06-22
full,elastic_net,parsimony,3,320,-0.0,False,6,2027-06-22,2027-03-22,barrier_clear,161,P_20270622_70.00,EuropeanPut,70.0,2027-06-22
full,elastic_net,parsimony,3,321,0.0,False,6,2027-06-22,2027-03-22,barrier_clear,162,BC_20270622_70.00,BinaryCall,70.0,2027-06-22
full,elastic_net,parsimony,3,322,-1.0853229700688902,True,6,2027-06-22,2027-03-22,barrier_clear,163,BP_20270622_70.00,BinaryPut,70.0,2027-06-22
full,elastic_net,parsimony,3,323,0.0,False,6,2027-06-22,2027-03-22,barrier_clear,164,C_20270622_75.00,EuropeanCall,75.0,2027-06-22
full,elastic_net,parsimony,3,324,-0.7819438849662079,True,6,2027-06-22,2027-03-22,barrier_clear,165,P_20270622_75.00,EuropeanPut,75.0,2027-06-22
full,elastic_net,parsimony,3,325,0.0,False,6,2027-06-22,2027-03-22,barrier_clear,166,BC_20270622_75.00,BinaryCall,75.0,2027-06-22
full,elastic_net,parsimony,3,326,-2.3907131098891954,True,6,2027-06-22,2027-03-22,barrier_clear,167,BP_20270622_75.00,BinaryPut,75.0,2027-06-22
full,elastic_net,parsimony,3,327,0.0,False,6,2027-06-22,2027-03-22,barrier_clear,168,C_20270622_80.00,EuropeanCall,80.0,2027-06-22
full,elastic_net,parsimony,3,328,-0.28675556321415563,True,6,2027-06-22,2027-03-22,barrier_clear,169,P_20270622_80.00,EuropeanPut,80.0,2027-06-22
full,elastic_net,parsimony,3,329,0.0,False,6,2027-06-22,2027-03-22,barrier_clear,170,BC_20270622_80.00,BinaryCall,80.0,2027-06-22
full,elastic_net,parsimony,3,330,-0.0,False,6,2027-06-22,2027-03-22,barrier_clear,171,BP_20270622_80.00,BinaryPut,80.0,2027-06-22
full,elastic_net,parsimony,3,331,0.0,False,6,2027-06-22,2027-03-22,barrier_clear,172,C_20270622_85.00,EuropeanCall,85.0,2027-06-22
full,elastic_net,parsimony,3,332,-0.057730504885362105,True,6,2027-06-22,2027-03-22,barrier_clear,173,P_20270622_85.00,EuropeanPut,85.0,2027-06-22
full,elastic_net,parsimony,3,333,0.0,False,6,2027-06-22,2027-03-22,barrier_clear,174,BC_20270622_85.00,BinaryCall,85.0,2027-06-22
full,elastic_net,parsimony,3,334,-0.0,False,6,2027-06-22,2027-03-22,barrier_clear,175,BP_20270622_85.00,BinaryPut,85.0,2027-06-22
full,elastic_net,parsimony,3,335,0.0,False,6,2027-06-22,2027-03-22,barrier_clear,176,C_20270622_90.00,EuropeanCall,90.0,2027-06-22
full,elastic_net,parsimony,3,336,-0.0,False,6,2027-06-22,2027-03-22,barrier_clear,177,P_20270622_90.00,EuropeanPut,90.0,2027-06-22
full,elastic_net,parsimony,3,337,0.0,False,6,2027-06-22,2027-03-22,barrier_clear,178,BC_20270622_90.00,BinaryCall,90.0,2027-06-22
full,elastic_net,parsimony,3,338,-0.0,False,6,2027-06-22,2027-03-22,barrier_clear,179,BP_20270622_90.00,BinaryPut,90.0,2027-06-22
full,elastic_net,parsimony,3,339,0.0,False,6,2027-06-22,2027-03-22,barrier_clear,180,C_20270622_95.00,EuropeanCall,95.0,2027-06-22
full,elastic_net,parsimony,3,340,-0.0,False,6,2027-06-22,2027-03-22,barrier_clear,181,P_20270622_95.00,EuropeanPut,95.0,2027-06-22
full,elastic_net,parsimony,3,341,0.0,False,6,2027-06-22,2027-03-22,barrier_clear,182,BC_20270622_95.00,BinaryCall,95.0,2027-06-22
full,elastic_net,parsimony,3,342,-0.0,False,6,2027-06-22,2027-03-22,barrier_clear,183,BP_20270622_95.00,BinaryPut,95.0,2027-06-22
full,elastic_net,parsimony,3,343,0.0,False,6,2027-06-22,2027-03-22,barrier_clear,184,C_20270622_100.00,EuropeanCall,100.0,2027-06-22
full,elastic_net,parsimony,3,344,-0.0,False,6,2027-06-22,2027-03-22,barrier_clear,185,P_20270622_100.00,EuropeanPut,100.0,2027-06-22
full,elastic_net,parsimony,3,345,0.0,False,6,2027-06-22,2027-03-22,barrier_clear,186,BC_20270622_100.00,BinaryCall,100.0,2027-06-22
full,elastic_net,parsimony,3,346,-0.0,False,6,2027-06-22,2027-03-22,barrier_clear,187,BP_20270622_100.00,BinaryPut,100.0,2027-06-22
full,elastic_net,parsimony,3,347,0.0,False,6,2027-06-22,2027-03-22,barrier_clear,188,C_20270622_105.00,EuropeanCall,105.0,2027-06-22
full,elastic_net,parsimony,3,348,-0.0,False,6,2027-06-22,2027-03-22,barrier_clear,189,P_20270622_105.00,EuropeanPut,105.0,2027-06-22
full,elastic_net,parsimony,3,349,0.0,False,6,2027-06-22,2027-03-22,barrier_clear,190,BC_20270622_105.00,BinaryCall,105.0,2027-06-22
full,elastic_net,parsimony,3,350,-0.0,False,6,2027-06-22,2027-03-22,barrier_clear,191,BP_20270622_105.00,BinaryPut,105.0,2027-06-22
full,elastic_net,parsimony,3,351,0.0,False,6,2027-06-22,2027-03-22,barrier_clear,192,C_20270622_110.00,EuropeanCall,110.0,2027-06-22
full,elastic_net,parsimony,3,352,-0.0,False,6,2027-06-22,2027-03-22,barrier_clear,193,P_20270622_110.00,EuropeanPut,110.0,2027-06-22
full,elastic_net,parsimony,3,353,0.0,False,6,2027-06-22,2027-03-22,barrier_clear,194,BC_20270622_110.00,BinaryCall,110.0,2027-06-22
full,elastic_net,parsimony,3,354,-0.0,False,6,2027-06-22,2027-03-22,barrier_clear,195,BP_20270622_110.00,BinaryPut,110.0,2027-06-22
full,elastic_net,parsimony,3,355,0.0,False,6,2027-06-22,2027-03-22,barrier_clear,196,C_20270622_115.00,EuropeanCall,115.0,2027-06-22
full,elastic_net,parsimony,3,356,-0.0,False,6,2027-06-22,2027-03-22,barrier_clear,197,P_20270622_115.00,EuropeanPut,115.0,2027-06-22
full,elastic_net,parsimony,3,357,0.0,False,6,2027-06-22,2027-03-22,barrier_clear,198,BC_20270622_115.00,BinaryCall,115.0,2027-06-22
full,elastic_net,parsimony,3,358,-0.0,False,6,2027-06-22,2027-03-22,barrier_clear,199,BP_20270622_115.00,BinaryPut,115.0,2027-06-22
full,elastic_net,parsimony,3,359,0.0,False,6,2027-06-22,2027-03-22,barrier_clear,200,C_20270622_120.00,EuropeanCall,120.0,2027-06-22
full,elastic_net,parsimony,3,360,-0.0,False,6,2027-06-22,2027-03-22,barrier_clear,201,P_20270622_120.00,EuropeanPut,120.0,2027-06-22
full,elastic_net,parsimony,3,361,0.0,False,6,2027-06-22,2027-03-22,barrier_clear,202,BC_20270622_120.00,BinaryCall,120.0,2027-06-22
full,elastic_net,parsimony,3,362,-0.0,False,6,2027-06-22,2027-03-22,barrier_clear,203,BP_20270622_120.00,BinaryPut,120.0,2027-06-22
full,elastic_net,parsimony,3,363,0.0,False,6,2027-06-22,2027-03-22,barrier_clear,204,C_20270622_125.00,EuropeanCall,125.0,2027-06-22
full,elastic_net,parsimony,3,364,-0.0,False,6,2027-06-22,2027-03-22,barrier_clear,205,P_20270622_125.00,EuropeanPut,125.0,2027-06-22
full,elastic_net,parsimony,3,365,0.0,False,6,2027-06-22,2027-03-22,barrier_clear,206,BC_20270622_125.00,BinaryCall,125.0,2027-06-22
full,elastic_net,parsimony,3,366,-0.0,False,6,2027-06-22,2027-03-22,barrier_clear,207,BP_20270622_125.00,BinaryPut,125.0,2027-06-22
full,elastic_net,parsimony,3,367,0.0,False,6,2027-06-22,2027-03-22,barrier_clear,208,C_20270622_130.00,EuropeanCall,130.0,2027-06-22
full,elastic_net,parsimony,3,368,-0.0,False,6,2027-06-22,2027-03-22,barrier_clear,209,P_20270622_130.00,EuropeanPut,130.0,2027-06-22
full,elastic_net,parsimony,3,369,0.0,False,6,2027-06-22,2027-03-22,barrier_clear,210,BC_20270622_130.00,BinaryCall,130.0,2027-06-22
full,elastic_net,parsimony,3,370,-0.0,False,6,2027-06-22,2027-03-22,barrier_clear,211,BP_20270622_130.00,BinaryPut,130.0,2027-06-22
